order_id,order_date,customer_id,product_category,price,quantity,order_value,payment_method,city,state,customer_age
1,2024-02-02,2616,Sports,269,50,13384.74,credit_card,New York,NY,66.0
2,2024-10-10,1736,Grocery,66,0,660.00,debit_card,Los Angeles,CA,24.0
3,2024-08-27,2543,Sports,267,0,5073.00,credit_card,Chicago,IL,23.0
4,2024-06-09,2252,Toys,114,125,14289.61,credit_card,New York,NY,70.0
5,2024-06-07,1583,Fashion,729,16,11754.30,credit_card,Houston,TX,75.0
6,2024-11-10,2824,Toys,459,29,13347.47,debit_card,New York,NY,57.0
7,2024-02-01,1868,Fashion,446,24,10867.96,credit_card,Seattle,WA,75.0
8,2024-09-12,1301,Toys,477,0,2862.00,paypal,Los Angeles,CA,38.0
9,2024-03-14,2925,Beauty,55,1,45819.00,credit_card,Boston,MA,40.0
10,2024-02-04,2826,Sports,1710,0,23940.00,debit_card,Seattle,WA,28.0
11,2024-07-11,1099,Sports,462,31,14523.56,paypal,Denver,CO,67.0
12,2024-12-23,2804,Fashion,655,20,12875.85,debit_card,Phoenix,AZ,60.0
13,2024-09-26,2894,Beauty,401,0,6817.00,credit_card,Chicago,IL,32.0
14,2024-10-05,2658,Toys,914,15,13843.00,credit_card,Denver,CO,80.0
15,2024-09-19,1509,Sports,562,0,3372.00,credit_card,Houston,TX,19.0
16,2024-10-14,2262,Electronics,459,26,11984.26,credit_card,Boston,MA,66.0
17,2024-07-06,2076,Electronics,1534,0,23010.00,paypal,Boston,MA,31.0
18,2024-02-16,2240,Electronics,1721,9,14702.71,credit_card,Denver,CO,67.0
19,2024-11-03,2232,Beauty,107,0,963.00,credit_card,Miami,FL,
20,2024-06-13,2278,Beauty,275,0,275.00,paypal,Seattle,WA,32.0
21,2024-07-02,2028,Electronics,1098,0,10980.00,credit_card,Houston,TX,21.0
22,2024-05-15,2380,Electronics,506,27,13600.53,paypal,Phoenix,AZ,57.0
23,2024-03-07,2053,Beauty,418,0,8360.00,credit_card,Boston,MA,28.0
24,2024-12-05,1032,Sports,389,0,4279.00,credit_card,Seattle,WA,46.0
25,2024-10-13,1070,Fashion,309,35,10768.29,debit_card,New York,NY,77.0
26,2024-08-23,2916,Toys,459,28,12750.93,credit_card,Houston,TX,73.0
27,2024-05-27,2818,Home,1477,0,5908.00,paypal,Denver,CO,49.0
28,2024-10-28,2171,Home,532,21,11358.76,credit_card,Los Angeles,CA,64.0
29,2024-07-18,1349,Fashion,455,31,14166.80,credit_card,Phoenix,AZ,69.0
30,2024-06-11,2562,Grocery,69,203,13914.12,credit_card,San Francisco,CA,56.0
31,2024-06-13,1286,Beauty,354,0,354.00,credit_card,Los Angeles,CA,31.0
32,2024-03-24,1754,Home,1618,8,12472.73,debit_card,Miami,FL,69.0
33,2024-02-03,1659,Sports,1026,0,10260.00,credit_card,Boston,MA,23.0
34,2024-07-21,1024,Grocery,169,0,1859.00,credit_card,Houston,TX,50.0
35,2024-11-20,2614,Grocery,159,73,11509.63,paypal,San Francisco,CA,67.0
36,2024-01-24,2019,Beauty,457,0,8226.00,credit_card,Phoenix,AZ,53.0
37,2024-11-10,1632,Electronics,727,0,2908.00,debit_card,Los Angeles,CA,39.0
38,2024-10-29,2014,Home,467,0,3736.00,credit_card,Los Angeles,CA,44.0
39,2024-04-11,1000,Home,308,0,2156.00,paypal,Los Angeles,CA,46.0
40,2024-08-19,1873,Home,235,61,14263.43,credit_card,Seattle,WA,64.0
41,2024-03-01,2039,Home,123,116,14252.42,debit_card,Los Angeles,CA,80.0
42,2024-10-04,1679,Fashion,146,86,12526.18,credit_card,Houston,TX,67.0
43,2024-09-13,2660,Sports,497,0,5964.00,credit_card,Boston,MA,37.0
44,2024-05-09,1499,Fashion,404,0,2020.00,credit_card,San Francisco,CA,25.0
45,2024-01-25,1275,Fashion,227,0,2724.00,credit_card,Miami,FL,47.0
46,2024-12-21,2055,Home,586,23,13586.28,paypal,Seattle,WA,72.0
47,2024-06-12,2774,Home,389,29,11427.50,credit_card,Miami,FL,57.0
48,2024-11-22,1750,Grocery,234,0,936.00,cash,Phoenix,AZ,38.0
49,2024-09-05,1093,Toys,268,0,1340.00,credit_card,Los Angeles,CA,23.0
50,2024-10-11,2939,Home,959,0,9590.00,credit_card,Boston,MA,33.0
51,2024-10-05,1888,Beauty,287,41,11744.25,credit_card,Chicago,IL,63.0
52,2024-03-12,1345,Beauty,80,185,14720.28,credit_card,Denver,CO,60.0
53,2024-05-13,2231,Grocery,459,0,5967.00,paypal,Phoenix,AZ,46.0
54,2024-06-19,1639,Home,205,0,3075.00,credit_card,San Francisco,CA,39.0
55,2024-07-01,2875,Toys,280,0,4760.00,paypal,New York,NY,29.0
56,2024-01-17,1587,Grocery,54,254,13681.38,credit_card,Phoenix,AZ,79.0
57,2024-07-19,2100,Beauty,332,0,5312.00,credit_card,Phoenix,AZ,45.0
58,2024-02-26,2086,Home,188,55,10360.60,credit_card,Houston,TX,66.0
59,2024-09-29,1484,Grocery,99,0,1683.00,debit_card,Seattle,WA,47.0
60,2024-09-06,1998,Fashion,676,0,10140.00,credit_card,Miami,FL,53.0
61,2024-12-03,1218,Sports,1262,10,12288.67,paypal,Denver,CO,58.0
62,2024-09-29,2287,Sports,331,0,5296.00,credit_card,San Francisco,CA,
63,2024-05-14,2516,Beauty,248,48,11978.72,credit_card,Los Angeles,CA,77.0
64,2024-12-20,2900,Electronics,1698,0,22074.00,paypal,Denver,CO,46.0
65,2024-05-30,1651,Sports,2106,5,11154.95,debit_card,Phoenix,AZ,66.0
66,2024-04-29,1570,Beauty,75,200,14974.71,paypal,Phoenix,AZ,75.0
67,2024-11-27,2097,Sports,295,0,295.00,credit_card,New York,NY,42.0
68,2024-05-15,2385,Home,5181,0,20724.00,debit_card,Miami,FL,32.0
69,2024-01-28,2984,Electronics,1178,9,10678.96,credit_card,San Francisco,CA,79.0
70,2024-06-20,1050,Sports,135,86,11571.33,cash,Los Angeles,CA,67.0
71,2024-10-18,1476,Toys,192,74,14243.59,credit_card,San Francisco,CA,67.0
72,2024-03-10,1524,Sports,67,160,10661.37,paypal,New York,NY,77.0
73,2024-06-18,1510,Grocery,119,0,2261.00,credit_card,Denver,CO,19.0
74,2024-02-17,1927,Toys,584,20,11880.69,paypal,Los Angeles,CA,77.0
75,2024-09-08,2745,Sports,295,0,1475.00,paypal,Phoenix,AZ,25.0
76,2024-06-23,1061,Electronics,1006,0,14084.00,paypal,New York,NY,27.0
77,2024-04-30,2631,Sports,1279,0,12790.00,credit_card,San Francisco,CA,31.0
78,2024-03-24,2235,Home,136,0,1088.00,credit_card,Seattle,WA,25.0
79,2024-07-25,2230,Beauty,85,0,425.00,paypal,Denver,CO,23.0
80,2024-09-02,2356,Home,458,0,5496.00,debit_card,Houston,TX,25.0
81,2024-12-10,1230,Grocery,54,0,486.00,debit_card,New York,NY,48.0
82,2024-06-08,2493,Fashion,338,0,4732.00,credit_card,Miami,FL,41.0
83,2024-02-28,1496,Sports,222,0,2886.00,credit_card,Chicago,IL,39.0
84,2024-10-31,2033,Home,652,0,8476.00,credit_card,Miami,FL,28.0
85,2024-08-18,2353,Home,488,27,13170.96,debit_card,New York,NY,79.0
86,2024-09-13,2207,Grocery,152,0,1216.00,credit_card,Chicago,IL,38.0
87,2024-02-05,1646,Home,645,0,12900.00,credit_card,Miami,FL,47.0
88,2024-04-24,1792,Sports,725,0,725.00,paypal,Miami,FL,26.0
89,2024-10-08,1953,Grocery,458,0,7786.00,credit_card,Chicago,IL,31.0
90,2024-10-31,1082,Toys,453,0,4530.00,paypal,Chicago,IL,32.0
91,2024-06-08,2452,Electronics,1125,10,11684.48,credit_card,San Francisco,CA,79.0
92,2024-10-21,1199,Fashion,374,0,2244.00,credit_card,New York,NY,29.0
93,2024-11-04,1917,Fashion,989,0,6923.00,credit_card,Los Angeles,CA,50.0
94,2024-05-21,2309,Home,309,0,6180.00,credit_card,Denver,CO,52.0
95,2024-11-24,1160,Home,1620,0,11340.00,debit_card,Seattle,WA,22.0
96,2024-04-15,2991,Sports,1940,0,7760.00,credit_card,New York,NY,40.0
97,2024-03-28,1754,Fashion,787,0,12592.00,credit_card,San Francisco,CA,23.0
98,2024-09-06,1031,Fashion,195,0,1755.00,credit_card,Houston,TX,29.0
99,2024-08-21,2317,Fashion,74,162,12044.10,debit_card,Boston,MA,60.0
100,2024-02-21,2115,Fashion,1013,0,4052.00,paypal,Miami,FL,53.0
101,2024-10-31,2280,Home,609,0,5481.00,credit_card,Houston,TX,49.0
102,2024-03-14,2502,Sports,337,0,2359.00,credit_card,Houston,TX,31.0
103,2024-10-21,1951,Grocery,250,51,12750.57,credit_card,Seattle,WA,57.0
104,2024-01-03,2653,Sports,307,48,14763.43,debit_card,Houston,TX,74.0
105,2024-10-18,1740,Toys,218,66,14354.53,credit_card,Chicago,IL,71.0
106,2024-10-15,2090,Grocery,149,0,1490.00,credit_card,Boston,MA,-999.0
107,2024-10-12,1317,Toys,125,84,10559.81,paypal,Miami,FL,60.0
108,2024-08-31,2239,Home,504,0,4536.00,credit_card,Miami,FL,33.0
109,2024-06-21,1523,Fashion,1022,13,12847.15,paypal,Boston,MA,72.0
110,2024-09-15,2393,Sports,723,0,7953.00,credit_card,,,47.0
111,2024-04-11,2602,Sports,1657,8,13266.48,paypal,Denver,CO,64.0
112,2024-10-12,2717,Home,1361,0,6805.00,credit_card,San Francisco,CA,51.0
113,2024-07-22,2858,Electronics,1475,8,11628.81,credit_card,Denver,CO,60.0
114,2024-06-16,1244,Fashion,66,172,11320.99,credit_card,Chicago,IL,76.0
115,2024-07-04,1275,Grocery,457,0,914.00,credit_card,Chicago,IL,26.0
116,2024-07-27,2852,Beauty,450,29,12988.67,debit_card,Phoenix,AZ,74.0
117,2024-01-14,1761,Beauty,458,0,8244.00,credit_card,Miami,FL,48.0
118,2024-02-21,1052,Home,423,0,8037.00,credit_card,Los Angeles,CA,26.0
119,2024-03-30,1573,Fashion,564,0,2820.00,paypal,Chicago,IL,45.0
120,2024-02-11,2672,Toys,989,0,3956.00,credit_card,New York,NY,21.0
121,2024-06-09,1709,Sports,386,0,3860.00,debit_card,Seattle,WA,52.0
122,2024-09-01,1153,Fashion,256,0,1792.00,debit_card,,,47.0
123,2024-08-27,2444,Fashion,410,0,1230.00,credit_card,Phoenix,AZ,42.0
124,2024-06-21,1389,Electronics,1947,0,31152.00,debit_card,Boston,MA,45.0
125,2024-11-08,1705,Grocery,86,140,12074.89,paypal,New York,NY,57.0
126,2024-07-25,1007,Grocery,226,64,14525.32,paypal,Los Angeles,CA,70.0
127,2024-01-29,2203,Electronics,773,0,15460.00,credit_card,Miami,FL,42.0
128,2024-10-06,1890,Fashion,476,0,952.00,credit_card,Phoenix,AZ,19.0
129,2024-07-29,2734,Sports,872,0,7848.00,paypal,New York,NY,53.0
130,2024-08-20,1668,Beauty,177,61,10817.77,debit_card,Los Angeles,CA,77.0
131,2024-07-25,1409,Grocery,191,0,2292.00,credit_card,Boston,MA,42.0
132,2024-07-21,1331,Fashion,482,0,964.00,credit_card,Miami,FL,25.0
133,2024-02-03,1400,Beauty,459,22,10205.42,debit_card,San Francisco,CA,74.0
134,2024-07-23,1902,Grocery,114,0,456.00,paypal,Houston,TX,44.0
135,2024-10-17,1174,Beauty,331,0,5958.00,paypal,Denver,CO,41.0
136,2024-04-21,1804,Fashion,258,0,4128.00,paypal,Denver,CO,36.0
137,2024-08-08,2709,Beauty,148,98,14498.80,credit_card,Houston,TX,64.0
138,2024-01-12,2535,Fashion,1139,0,9112.00,debit_card,Los Angeles,CA,27.0
139,2024-05-07,2274,Electronics,2437,6,14480.62,credit_card,Denver,CO,56.0
140,2024-06-08,2786,Beauty,108,0,1296.00,credit_card,Houston,TX,39.0
141,2024-12-25,2560,Beauty,282,0,1974.00,credit_card,Phoenix,AZ,42.0
142,2024-03-19,2305,Fashion,458,0,2748.00,paypal,Denver,CO,31.0
143,2024-04-11,2726,Sports,386,31,12083.85,credit_card,,,68.0
144,2024-05-29,1248,Fashion,922,0,922.00,credit_card,San Francisco,CA,46.0
145,2024-12-29,2636,Electronics,1326,10,13769.45,credit_card,Chicago,IL,76.0
146,2024-11-08,1590,Grocery,107,132,14228.58,credit_card,Los Angeles,CA,70.0
147,2024-01-13,2466,Electronics,464,24,11274.45,credit_card,Houston,TX,65.0
148,2024-03-26,2826,Sports,446,0,6690.00,credit_card,Phoenix,AZ,46.0
149,2024-10-27,1992,Electronics,1921,7,13272.22,credit_card,Los Angeles,CA,77.0
150,2024-01-22,1177,Toys,443,0,5759.00,credit_card,San Francisco,CA,54.0
151,2024-11-09,1740,Grocery,457,0,3656.00,paypal,Miami,FL,45.0
152,2024-04-12,1813,Toys,258,0,516.00,debit_card,Miami,FL,39.0
153,2024-12-01,2873,Toys,268,51,13685.75,paypal,Boston,MA,75.0
154,2024-04-17,2885,Beauty,84,0,1344.00,credit_card,Miami,FL,34.0
155,2024-06-07,2136,Grocery,457,26,11787.46,credit_card,Miami,FL,73.0
156,2024-08-30,2901,Grocery,36,1,45998.00,credit_card,Miami,FL,32.0
157,2024-02-16,1872,Home,125,118,14729.97,cash,,,66.0
158,2024-07-22,1822,Sports,256,0,1792.00,credit_card,Denver,CO,35.0
159,2024-07-03,2673,Beauty,817,18,14835.76,credit_card,Chicago,IL,70.0
160,2024-10-13,2334,Fashion,344,36,12433.64,paypal,Seattle,WA,70.0
161,2024-12-30,2044,Toys,364,29,10380.00,paypal,Chicago,IL,63.0
162,2024-08-31,1913,Electronics,972,15,14594.84,credit_card,Chicago,IL,80.0
163,2024-05-29,2411,Grocery,23,0,207.00,paypal,Denver,CO,50.0
164,2024-05-28,2506,Toys,646,20,12614.87,credit_card,Phoenix,AZ,70.0
165,2024-06-01,1981,Beauty,457,0,4570.00,credit_card,Boston,MA,52.0
166,2024-10-24,1063,Beauty,157,0,1727.00,credit_card,Boston,MA,20.0
167,2024-04-27,1203,Home,526,0,10520.00,cash,New York,NY,44.0
168,2024-03-02,1288,Sports,734,0,8808.00,credit_card,Phoenix,AZ,20.0
169,2026-05-12,1924,Grocery,55,196,10694.14,paypal,Chicago,IL,59.0
170,2024-01-09,2228,Home,126,0,378.00,credit_card,Houston,TX,27.0
171,2024-02-08,2607,Beauty,129,0,1806.00,debit_card,Chicago,IL,38.0
172,2024-02-02,1465,Fashion,235,58,13660.49,debit_card,Miami,FL,72.0
173,2024-10-09,2573,Toys,165,82,13435.77,paypal,Chicago,IL,64.0
174,2024-09-21,2332,Sports,1327,0,23886.00,paypal,Phoenix,AZ,39.0
175,2024-09-12,1103,Toys,116,0,580.00,paypal,Houston,TX,49.0
176,2024-06-18,1702,Beauty,459,0,1377.00,debit_card,Denver,CO,54.0
177,2024-09-19,1605,Fashion,485,0,3880.00,credit_card,Boston,MA,40.0
178,2024-02-29,2773,Home,1185,9,10699.29,cash,Houston,TX,65.0
179,2024-11-25,2842,Fashion,384,0,5376.00,credit_card,Los Angeles,CA,27.0
180,2024-07-02,2638,Toys,575,0,5750.00,credit_card,Boston,MA,44.0
181,2024-12-09,2056,Beauty,213,0,852.00,credit_card,Miami,FL,-999.0
182,2024-02-25,1985,Beauty,346,33,11374.28,credit_card,Seattle,WA,60.0
183,2024-07-01,1622,Fashion,129,111,14321.31,debit_card,New York,NY,58.0
184,2024-09-11,2545,Grocery,12,1258,14847.93,credit_card,New York,NY,68.0
185,2024-06-30,1172,Electronics,1983,0,25779.00,credit_card,Miami,FL,41.0
186,2024-06-12,1542,Electronics,2069,0,20690.00,paypal,Phoenix,AZ,32.0
187,2024-03-01,1270,Electronics,2144,0,6432.00,paypal,,,20.0
188,2024-05-19,1988,Grocery,64,187,12026.26,credit_card,New York,NY,72.0
189,2024-03-28,1599,Home,1810,0,25340.00,cash,Chicago,IL,38.0
190,2024-04-20,1394,Toys,211,50,10672.93,credit_card,Boston,MA,65.0
191,2024-09-07,1752,Beauty,342,0,2394.00,credit_card,Denver,CO,41.0
192,2024-08-18,2721,Beauty,393,0,1179.00,paypal,Boston,MA,38.0
193,2024-08-10,2116,Grocery,387,0,5805.00,debit_card,New York,NY,32.0
194,2024-05-12,2646,Electronics,1137,10,11759.90,paypal,New York,NY,67.0
195,2024-12-17,2827,Fashion,254,0,3810.00,credit_card,San Francisco,CA,36.0
196,2024-02-02,2804,Sports,184,0,2392.00,credit_card,Phoenix,AZ,36.0
197,2024-05-05,1702,Toys,1057,12,12538.90,credit_card,Phoenix,AZ,62.0
198,2024-02-13,2754,Toys,428,0,428.00,cash,Denver,CO,50.0
199,2024-05-04,2818,Sports,878,13,11502.12,credit_card,Los Angeles,CA,65.0
200,2024-12-18,2919,Fashion,5174,0,36218.00,credit_card,Los Angeles,CA,24.0
201,2024-05-14,1702,Electronics,1901,7,13056.50,credit_card,Miami,FL,78.0
202,2024-11-28,1456,Sports,216,0,2808.00,debit_card,Denver,CO,32.0
203,2024-06-30,2168,Home,470,0,3290.00,credit_card,Houston,TX,25.0
204,2024-09-13,2863,Sports,280,0,5040.00,paypal,Chicago,IL,24.0
205,2024-06-16,2801,Beauty,459,0,9180.00,credit_card,New York,NY,37.0
206,2024-04-07,2142,Sports,443,0,7531.00,credit_card,New York,NY,44.0
207,2024-10-06,1298,Toys,459,0,9180.00,credit_card,Houston,TX,22.0
208,2024-12-20,1844,Electronics,488,21,10039.62,credit_card,,,57.0
209,2024-04-06,2428,Toys,1092,13,14082.38,debit_card,Phoenix,AZ,56.0
210,2024-10-12,2120,Sports,776,18,14223.28,paypal,Los Angeles,CA,66.0
211,2024-04-05,1690,Electronics,1224,0,2448.00,credit_card,Miami,FL,19.0
212,2024-09-19,1685,Home,1008,0,14112.00,credit_card,San Francisco,CA,24.0
213,2024-10-15,1119,?,356,0,2848.00,credit_card,Los Angeles,CA,30.0
214,2024-06-13,1577,Grocery,122,0,2196.00,paypal,Miami,FL,45.0
215,2024-09-26,2338,Sports,1056,0,6336.00,cash,Seattle,WA,54.0
216,2024-04-09,1482,Grocery,109,0,654.00,paypal,Miami,FL,30.0
217,2024-01-30,2986,Home,940,0,7520.00,credit_card,New York,NY,
218,2024-02-05,1164,Fashion,789,0,7890.00,credit_card,Miami,FL,
219,2024-06-12,2177,Grocery,111,0,777.00,cash,Boston,MA,52.0
220,2024-11-26,1993,Home,468,0,7020.00,credit_card,Miami,FL,51.0
221,2024-02-16,2666,Toys,1039,13,13917.53,debit_card,San Francisco,CA,58.0
222,2024-06-15,2775,Home,375,31,11517.17,paypal,Boston,MA,65.0
223,2024-09-14,2086,Fashion,585,23,13161.86,paypal,Denver,CO,70.0
224,2024-03-15,2260,Sports,854,14,11826.80,debit_card,Miami,FL,78.0
225,2024-09-21,2397,Fashion,263,0,789.00,credit_card,Phoenix,AZ,42.0
226,2024-04-21,2041,Grocery,460,0,8280.00,paypal,San Francisco,CA,
227,2024-10-22,1369,Grocery,74,0,1258.00,credit_card,Miami,FL,35.0
228,2024-07-30,1857,Sports,412,0,8240.00,paypal,Seattle,WA,40.0
229,2024-07-19,1483,Sports,457,0,7769.00,credit_card,Seattle,WA,51.0
230,2024-03-05,1928,Electronics,873,14,11946.37,paypal,Houston,TX,56.0
231,2024-06-18,2230,Home,681,0,12258.00,paypal,Miami,FL,22.0
232,2024-11-09,1418,Electronics,4035,3,13545.50,credit_card,Phoenix,AZ,80.0
233,2024-01-08,1498,Beauty,386,0,5790.00,credit_card,Chicago,IL,20.0
234,2024-10-04,2645,Home,69,0,414.00,credit_card,Phoenix,AZ,43.0
235,2024-06-29,1755,Fashion,714,0,2142.00,paypal,Denver,CO,46.0
236,2024-09-20,1396,Beauty,156,0,1560.00,debit_card,Houston,TX,39.0
237,2024-08-30,2426,Toys,439,0,7463.00,credit_card,Miami,FL,31.0
238,2024-06-07,2433,Toys,302,0,3624.00,paypal,Phoenix,AZ,51.0
239,2024-04-22,2652,Electronics,1256,0,8792.00,paypal,Los Angeles,CA,18.0
240,2024-08-17,2519,Sports,563,25,14217.70,paypal,Houston,TX,64.0
241,2024-02-21,2983,Sports,600,0,7200.00,debit_card,Denver,CO,
242,2024-08-01,2149,Fashion,1253,11,14154.96,cash,Chicago,IL,66.0
243,2024-02-04,1573,Beauty,458,24,11155.44,paypal,Miami,FL,69.0
244,2024-08-25,2725,Grocery,233,57,13290.14,credit_card,San Francisco,CA,73.0
245,2024-08-18,1529,Home,1166,0,10494.00,cash,Chicago,IL,27.0
246,2024-01-31,1582,Fashion,729,16,11335.35,credit_card,Boston,MA,70.0
247,2024-10-04,2656,Fashion,102,0,1020.00,paypal,Miami,FL,53.0
248,2024-06-01,2763,Beauty,597,0,8955.00,paypal,Houston,TX,25.0
249,2024-10-15,1678,Electronics,1016,13,13142.20,debit_card,Chicago,IL,79.0
250,2024-01-16,2458,Grocery,173,68,11836.20,credit_card,Denver,CO,69.0
251,2024-03-06,2844,Beauty,112,0,448.00,credit_card,Chicago,IL,34.0
252,2024-06-29,2597,Sports,237,59,13949.79,credit_card,Denver,CO,74.0
253,2024-03-09,1009,Toys,1484,10,14687.34,debit_card,Miami,FL,64.0
254,2024-04-30,2329,Grocery,45,0,765.00,paypal,San Francisco,CA,46.0
255,2024-08-29,1339,Beauty,611,0,12220.00,credit_card,Los Angeles,CA,28.0
256,2024-02-22,2692,Home,604,19,11449.91,credit_card,New York,NY,64.0
257,2024-09-05,1134,Electronics,1047,14,14344.70,debit_card,Miami,FL,76.0
258,2024-02-07,2986,Toys,295,0,295.00,credit_card,Houston,TX,30.0
259,2024-03-05,1354,Home,194,0,776.00,credit_card,Seattle,WA,18.0
260,2024-08-03,1840,Electronics,1450,0,5800.00,credit_card,Phoenix,AZ,32.0
261,2024-10-17,1468,Grocery,460,0,6900.00,debit_card,Houston,TX,36.0
262,2024-03-03,2627,Sports,445,0,2225.00,debit_card,Boston,MA,41.0
263,2024-04-19,1786,Toys,641,21,13700.00,paypal,Seattle,WA,79.0
264,2024-12-04,2489,Home,674,19,12830.12,credit_card,Miami,FL,78.0
265,2024-12-28,1134,Electronics,448,28,12624.85,credit_card,Miami,FL,60.0
266,2024-07-31,1905,Electronics,2897,0,28970.00,paypal,Miami,FL,31.0
267,2026-11-02,2822,Fashion,425,0,5100.00,cash,Houston,TX,31.0
268,2024-05-06,2853,Electronics,950,0,2850.00,credit_card,,,23.0
269,2024-08-12,1417,Fashion,777,15,11596.53,paypal,Los Angeles,CA,67.0
270,2024-08-04,1788,Fashion,374,0,2992.00,paypal,Denver,CO,31.0
271,2024-04-17,1818,Sports,457,24,11016.43,paypal,San Francisco,CA,74.0
272,2024-01-09,2130,Toys,1339,8,10416.93,credit_card,Seattle,WA,55.0
273,2024-02-25,2074,Fashion,422,0,6752.00,credit_card,Chicago,IL,48.0
274,2024-12-16,1211,Sports,572,24,13562.24,credit_card,Denver,CO,76.0
275,2024-06-02,2525,Electronics,1060,0,11660.00,paypal,Seattle,WA,27.0
276,2024-06-25,1451,Fashion,1099,0,4396.00,paypal,San Francisco,CA,47.0
277,2024-06-19,1629,Grocery,64,0,768.00,credit_card,New York,NY,34.0
278,2024-10-13,2681,Grocery,28,0,56.00,credit_card,Houston,TX,29.0
279,2024-01-24,2379,Sports,355,31,11112.21,credit_card,Los Angeles,CA,77.0
280,2024-01-31,1793,Grocery,282,44,12476.94,debit_card,San Francisco,CA,56.0
281,2024-04-10,2824,Sports,1188,0,8316.00,paypal,Phoenix,AZ,28.0
282,2024-06-27,1788,Electronics,1195,0,5975.00,credit_card,Chicago,IL,24.0
283,2024-09-02,2130,Grocery,293,0,2344.00,debit_card,Miami,FL,37.0
284,2024-06-28,1491,Fashion,778,19,14449.70,credit_card,Chicago,IL,70.0
285,2024-06-10,1366,Toys,247,0,247.00,paypal,Phoenix,AZ,27.0
286,2024-12-09,1983,Toys,267,50,13355.53,paypal,Denver,CO,64.0
287,2024-02-28,2126,Fashion,556,0,7784.00,credit_card,Phoenix,AZ,24.0
288,2024-07-28,2611,Beauty,126,0,252.00,debit_card,Phoenix,AZ,39.0
289,2024-07-17,1781,Sports,613,0,4291.00,paypal,New York,NY,50.0
290,2024-06-22,2790,Fashion,547,0,10393.00,paypal,Phoenix,AZ,26.0
291,2024-10-22,2214,Fashion,459,0,5508.00,debit_card,Denver,CO,
292,2024-04-07,1140,Beauty,210,0,3150.00,credit_card,Denver,CO,34.0
293,2024-12-15,2478,Home,431,0,3879.00,credit_card,Denver,CO,20.0
294,2024-05-01,2149,Electronics,3336,0,56712.00,debit_card,Houston,TX,18.0
295,2024-07-18,1778,Grocery,22,0,396.00,credit_card,New York,NY,27.0
296,2024-07-09,1934,Fashion,458,24,10846.17,cash,Los Angeles,CA,65.0
297,2024-11-07,1603,Toys,208,0,3536.00,credit_card,Los Angeles,CA,20.0
298,2024-06-09,2228,Beauty,527,0,7905.00,paypal,New York,NY,49.0
299,2024-04-14,2133,Beauty,236,0,1180.00,credit_card,Boston,MA,19.0
300,2024-01-08,1894,Toys,1285,0,25700.00,credit_card,Seattle,WA,31.0
301,2024-05-13,1570,Toys,519,0,1038.00,credit_card,Boston,MA,29.0
302,2024-10-29,1797,Beauty,176,0,2112.00,debit_card,Chicago,IL,39.0
303,2024-01-04,1995,Grocery,118,115,13672.27,paypal,Miami,FL,64.0
304,2024-11-23,1943,Electronics,1104,0,13248.00,credit_card,New York,NY,44.0
305,2024-07-17,1618,Beauty,486,0,4374.00,credit_card,Boston,MA,18.0
306,2024-02-21,2163,Home,189,0,756.00,paypal,San Francisco,CA,27.0
307,2024-04-20,1453,Grocery,458,0,6870.00,debit_card,Los Angeles,CA,37.0
308,2024-07-21,2001,Electronics,2114,0,19026.00,credit_card,Houston,TX,35.0
309,2024-04-25,1243,Home,1465,0,16115.00,paypal,Phoenix,AZ,53.0
310,2024-02-09,1944,Home,94,0,188.00,credit_card,Seattle,WA,40.0
311,2024-08-31,2567,Toys,917,12,11074.17,credit_card,Seattle,WA,64.0
312,2024-09-03,2635,Electronics,1312,0,10496.00,credit_card,Chicago,IL,33.0
313,2024-02-13,2389,Electronics,325,0,6175.00,debit_card,,,
314,2024-04-12,2491,Sports,55,1,45819.00,credit_card,Seattle,WA,24.0
315,2024-03-30,1131,Grocery,29,484,13899.55,paypal,Miami,FL,80.0
316,2024-08-29,1682,Sports,601,17,10388.56,credit_card,Miami,FL,80.0
317,2024-09-24,2308,Sports,579,0,579.00,cash,Miami,FL,35.0
318,2024-09-23,2601,Toys,507,0,10140.00,credit_card,Phoenix,AZ,32.0
319,2024-12-09,2165,Sports,394,0,6304.00,credit_card,Seattle,WA,18.0
320,2024-10-08,2707,Fashion,176,61,10708.55,credit_card,Houston,TX,79.0
321,2024-04-27,1546,Toys,219,0,3723.00,credit_card,Los Angeles,CA,20.0
322,2024-02-09,1306,Electronics,1506,0,21084.00,credit_card,Houston,TX,18.0
323,2024-08-12,1172,Home,661,0,1322.00,paypal,Phoenix,AZ,24.0
324,2024-12-01,2165,Toys,162,0,1620.00,paypal,Chicago,IL,36.0
325,2024-12-22,2330,Fashion,879,17,14670.95,paypal,Los Angeles,CA,79.0
326,2024-03-25,1570,Electronics,892,0,10704.00,credit_card,Chicago,IL,28.0
327,2024-03-27,2567,Electronics,739,0,8868.00,paypal,Phoenix,AZ,53.0
328,2024-01-14,2478,Grocery,63,180,11401.42,credit_card,Phoenix,AZ,58.0
329,2024-02-21,1720,Fashion,1011,11,10753.18,debit_card,Chicago,IL,68.0
330,2024-07-22,1477,Electronics,1318,0,23724.00,debit_card,Chicago,IL,
331,2024-07-19,2484,Beauty,457,24,11074.54,credit_card,Seattle,WA,80.0
332,2024-05-15,2342,Sports,1281,9,11805.50,credit_card,Los Angeles,CA,59.0
333,2024-04-23,1341,Sports,3398,4,14188.80,paypal,San Francisco,CA,71.0
334,2024-10-30,1510,Grocery,116,0,232.00,credit_card,Chicago,IL,38.0
335,2024-06-17,1971,Fashion,1147,0,13764.00,debit_card,Phoenix,AZ,43.0
336,2024-10-22,2022,Toys,700,15,10762.61,paypal,San Francisco,CA,64.0
337,2024-12-18,1331,Beauty,458,22,10078.75,credit_card,Chicago,IL,73.0
338,2024-04-26,2897,Toys,312,0,1560.00,credit_card,Phoenix,AZ,18.0
339,2024-03-15,1777,Home,459,0,7344.00,credit_card,Phoenix,AZ,45.0
340,2024-12-14,1762,Toys,259,55,14324.96,paypal,Seattle,WA,68.0
341,2024-08-20,1121,Beauty,459,0,459.00,credit_card,San Francisco,CA,25.0
342,2024-04-16,2751,Electronics,1062,0,5310.00,credit_card,Seattle,WA,40.0
343,2024-08-15,1470,Home,302,0,4530.00,credit_card,Houston,TX,52.0
344,2024-07-07,2973,Toys,243,0,1458.00,cash,Houston,TX,23.0
345,2024-11-27,1992,Electronics,2244,5,11498.29,paypal,Miami,FL,75.0
346,2024-04-03,2749,Grocery,89,0,356.00,debit_card,Los Angeles,CA,41.0
347,2024-12-28,1358,Electronics,330,31,10384.59,cash,Miami,FL,67.0
348,2024-12-08,1331,Grocery,54,0,270.00,debit_card,Houston,TX,44.0
349,2024-03-07,2602,Toys,458,0,5496.00,paypal,New York,NY,43.0
350,2024-03-01,2639,Sports,742,14,10138.83,credit_card,Seattle,WA,78.0
351,2024-07-14,2086,Home,822,18,14497.89,credit_card,Los Angeles,CA,71.0
352,2024-01-17,1064,Fashion,525,0,6825.00,paypal,Houston,TX,50.0
353,2024-04-19,2887,Beauty,457,0,5027.00,credit_card,Houston,TX,47.0
354,2024-06-08,1786,Beauty,298,42,12615.70,credit_card,Chicago,IL,67.0
355,2024-12-20,2871,Home,377,35,13052.50,paypal,Los Angeles,CA,61.0
356,2024-12-29,2741,Sports,246,53,13080.28,debit_card,Denver,CO,79.0
357,2024-02-25,2702,Grocery,177,0,885.00,credit_card,Houston,TX,38.0
358,2024-11-22,2377,Home,1058,0,17986.00,credit_card,Boston,MA,25.0
359,2024-02-03,2346,Toys,652,0,5216.00,credit_card,Phoenix,AZ,30.0
360,2024-09-30,2065,Home,338,0,1690.00,credit_card,New York,NY,51.0
361,2024-11-05,1049,Beauty,628,0,11932.00,credit_card,San Francisco,CA,37.0
362,2024-11-22,1775,Home,373,34,12610.97,credit_card,Denver,CO,68.0
363,2024-03-22,2461,Fashion,721,19,13846.31,paypal,Los Angeles,CA,73.0
364,2024-11-23,2624,Sports,406,0,2030.00,credit_card,Chicago,IL,29.0
365,2024-02-12,2119,Fashion,357,41,14530.43,credit_card,Denver,CO,80.0
366,2024-07-08,2419,Home,79,167,13205.39,debit_card,New York,NY,57.0
367,2024-06-20,1043,Toys,240,0,4320.00,credit_card,San Francisco,CA,34.0
368,2024-04-25,1936,Electronics,1577,0,25232.00,credit_card,Chicago,IL,30.0
369,2024-01-09,2015,Grocery,458,0,2290.00,credit_card,San Francisco,CA,28.0
370,2024-10-09,2784,Electronics,5973,0,77649.00,debit_card,,,47.0
371,2024-05-02,1622,Fashion,169,0,1521.00,credit_card,Los Angeles,CA,22.0
372,2024-08-30,1459,Grocery,62,0,1178.00,credit_card,Los Angeles,CA,26.0
373,2024-05-30,1704,Home,267,53,14219.42,debit_card,Chicago,IL,65.0
374,2024-05-16,1340,Electronics,934,0,3736.00,paypal,Boston,MA,48.0
375,2024-11-20,2116,Beauty,558,0,4464.00,debit_card,Houston,TX,51.0
376,2024-02-04,2285,Electronics,4782,0,95640.00,paypal,Miami,FL,38.0
377,2024-09-26,2602,Grocery,56,0,784.00,debit_card,Miami,FL,53.0
378,2024-09-30,2943,Sports,343,0,4116.00,credit_card,Seattle,WA,39.0
379,2024-05-19,1147,Grocery,39,0,429.00,credit_card,Los Angeles,CA,20.0
380,2024-04-06,1494,Home,1563,0,15630.00,credit_card,Houston,TX,53.0
381,2024-01-02,1601,Electronics,3594,0,39534.00,credit_card,Seattle,WA,23.0
382,2024-12-08,1499,Grocery,90,112,10048.80,credit_card,New York,NY,61.0
383,2024-12-12,2654,Beauty,80,155,12400.94,credit_card,Phoenix,AZ,75.0
384,2024-03-29,1278,Grocery,34,378,13020.24,debit_card,Boston,MA,60.0
385,2024-01-12,1059,Fashion,490,0,7350.00,debit_card,Phoenix,AZ,54.0
386,2024-02-14,2721,Fashion,663,17,11006.16,credit_card,Houston,TX,78.0
387,2024-01-25,2923,Toys,59,0,472.00,credit_card,,,31.0
388,2024-10-31,1452,Sports,472,23,10801.48,credit_card,Seattle,WA,66.0
389,2024-11-22,1665,Home,2006,0,30090.00,credit_card,Boston,MA,31.0
390,2024-02-26,2006,Fashion,359,0,1077.00,credit_card,New York,NY,18.0
391,2024-09-30,2051,Toys,1005,0,7035.00,credit_card,Denver,CO,33.0
392,2024-03-06,2981,Electronics,2463,0,49260.00,credit_card,Boston,MA,49.0
393,2024-05-14,1808,Fashion,180,0,1980.00,cash,San Francisco,CA,22.0
394,2024-08-07,1024,Fashion,338,0,4732.00,credit_card,Miami,FL,35.0
395,2024-09-20,1845,Electronics,1322,0,25118.00,debit_card,Seattle,WA,21.0
396,2024-11-16,2112,Electronics,684,0,5472.00,credit_card,Seattle,WA,33.0
397,2024-01-17,2033,Sports,460,23,10681.22,credit_card,Miami,FL,63.0
398,2024-03-12,2024,Electronics,4893,0,88074.00,credit_card,Phoenix,AZ,27.0
399,2024-04-12,2845,Fashion,196,0,2744.00,cash,Boston,MA,34.0
400,2024-04-23,2614,Sports,1447,0,5788.00,credit_card,,,26.0
401,2024-12-31,1503,Grocery,69,0,966.00,credit_card,Boston,MA,42.0
402,2024-10-11,1710,Electronics,1436,8,11424.10,cash,Houston,TX,65.0
403,2024-04-27,2335,Sports,957,0,16269.00,credit_card,Phoenix,AZ,51.0
404,2024-12-21,1820,Electronics,908,0,14528.00,credit_card,New York,NY,30.0
405,2024-07-01,1856,Sports,962,0,11544.00,debit_card,Denver,CO,
406,2024-07-02,1335,Sports,119,119,14117.60,credit_card,Miami,FL,60.0
407,2024-06-07,1508,Beauty,347,0,2082.00,paypal,Los Angeles,CA,48.0
408,2024-02-22,2481,Sports,85,0,1615.00,credit_card,New York,NY,46.0
409,2024-12-07,2685,Grocery,82,1,45732.00,paypal,San Francisco,CA,
410,2024-01-06,2569,Electronics,2903,3,10138.24,credit_card,New York,NY,69.0
411,2024-03-04,1615,Electronics,2411,0,21699.00,paypal,Phoenix,AZ,33.0
412,2024-03-25,1273,Electronics,519,25,13012.14,paypal,New York,NY,62.0
413,2024-04-12,1319,Fashion,168,62,10340.77,paypal,Miami,FL,67.0
414,2024-02-18,1786,Home,317,41,12965.98,paypal,Los Angeles,CA,74.0
415,2024-01-07,2035,Electronics,1701,0,22113.00,debit_card,Phoenix,AZ,34.0
416,2024-09-05,2785,Home,108,104,11261.40,credit_card,Seattle,WA,63.0
417,2024-12-20,2797,Grocery,97,0,1358.00,credit_card,Houston,TX,29.0
418,2024-02-14,1005,Beauty,313,0,3443.00,credit_card,Miami,FL,46.0
419,2024-04-18,2415,Electronics,1169,0,14028.00,credit_card,Seattle,WA,22.0
420,2024-07-04,1597,Grocery,149,72,10786.71,credit_card,Phoenix,AZ,56.0
421,2024-12-05,1395,Home,657,19,12329.16,paypal,Houston,TX,61.0
422,2024-09-11,2110,Fashion,277,0,2216.00,debit_card,Phoenix,AZ,46.0
423,2024-10-07,1067,Fashion,459,0,2295.00,cash,Houston,TX,43.0
424,2024-07-31,1668,Fashion,476,0,6188.00,credit_card,Seattle,WA,33.0
425,2024-06-01,2104,Beauty,458,24,11155.53,paypal,Boston,MA,66.0
426,2024-03-14,1544,Toys,192,62,11891.34,paypal,Seattle,WA,75.0
427,2024-11-12,2186,Toys,448,0,2688.00,cash,New York,NY,26.0
428,2024-10-21,1920,Toys,949,0,15184.00,paypal,San Francisco,CA,35.0
429,2024-01-10,2598,Beauty,459,29,13165.25,credit_card,Boston,MA,56.0
430,2024-09-18,1363,Home,856,0,856.00,credit_card,San Francisco,CA,41.0
431,2024-01-31,1114,Fashion,135,0,1215.00,cash,New York,NY,18.0
432,2024-09-27,2059,Electronics,1784,0,8920.00,debit_card,San Francisco,CA,19.0
433,2024-10-29,1513,Toys,460,0,3680.00,paypal,Phoenix,AZ,32.0
434,2024-02-17,2413,Sports,1633,9,14681.15,paypal,San Francisco,CA,78.0
435,2024-06-07,1186,Toys,198,66,13089.11,debit_card,Boston,MA,56.0
436,2024-02-15,2150,Sports,503,0,3018.00,paypal,San Francisco,CA,34.0
437,2024-07-26,2979,Home,1282,0,5128.00,paypal,Chicago,IL,21.0
438,2024-12-05,1186,Electronics,1362,9,12535.34,paypal,Seattle,WA,65.0
439,2024-01-30,1603,Grocery,457,0,3656.00,credit_card,Boston,MA,41.0
440,2024-05-25,2688,Fashion,3292,0,65840.00,credit_card,Seattle,WA,42.0
441,2024-12-22,2067,Electronics,618,0,8652.00,credit_card,San Francisco,CA,53.0
442,2024-04-20,1349,Fashion,406,0,6902.00,credit_card,Boston,MA,32.0
443,2024-02-18,1426,Grocery,129,0,258.00,paypal,New York,NY,
444,2024-06-27,2529,Home,688,0,6192.00,paypal,Chicago,IL,37.0
445,2024-07-05,2721,Grocery,458,28,12785.00,credit_card,Miami,FL,62.0
446,2024-08-30,1721,Sports,527,0,8959.00,credit_card,Houston,TX,50.0
447,2024-04-24,1947,Grocery,457,0,7769.00,credit_card,Houston,TX,27.0
448,2024-12-15,2565,Toys,125,99,12360.46,paypal,Denver,CO,57.0
449,2024-07-09,1353,Electronics,8187,0,106431.00,debit_card,New York,NY,22.0
450,2024-04-14,1412,Sports,512,25,12814.50,credit_card,Seattle,WA,63.0
451,2024-12-17,2548,Fashion,689,0,7579.00,credit_card,Houston,TX,41.0
452,2024-12-04,1373,Home,425,30,12850.89,credit_card,New York,NY,60.0
453,2024-07-01,2541,Sports,460,0,6440.00,credit_card,Houston,TX,33.0
454,2024-01-10,1994,Electronics,1018,0,5090.00,paypal,Phoenix,AZ,43.0
455,2024-08-06,2980,Toys,88,0,1672.00,paypal,Phoenix,AZ,37.0
456,2024-07-22,1065,Beauty,215,0,3870.00,credit_card,Chicago,IL,33.0
457,2024-02-24,2891,Electronics,1058,0,3174.00,credit_card,Boston,MA,39.0
458,2024-08-20,1450,Sports,1559,0,31180.00,credit_card,Houston,TX,21.0
459,2024-11-03,1070,Toys,117,0,1989.00,credit_card,Seattle,WA,
460,2024-02-08,2448,Electronics,924,0,8316.00,credit_card,,,25.0
461,2024-09-21,2065,Fashion,208,0,2080.00,credit_card,Seattle,WA,50.0
462,2024-02-21,2674,Home,1743,0,27888.00,credit_card,Seattle,WA,23.0
463,2024-10-01,1216,Electronics,731,0,11696.00,paypal,Houston,TX,18.0
464,2024-06-02,1161,Beauty,383,0,4596.00,credit_card,Phoenix,AZ,45.0
465,2024-01-03,2134,Sports,1327,0,26540.00,paypal,Seattle,WA,36.0
466,2024-12-19,2764,Beauty,217,57,12460.98,credit_card,New York,NY,73.0
467,2024-03-01,1811,Toys,102,0,102.00,credit_card,Boston,MA,34.0
468,2024-08-06,2595,Grocery,33,0,528.00,credit_card,Phoenix,AZ,43.0
469,2024-03-07,2812,Grocery,194,0,1358.00,credit_card,Los Angeles,CA,32.0
470,2024-12-07,2739,Toys,111,125,13941.86,credit_card,,,74.0
471,2024-09-27,2017,Fashion,585,20,11953.73,paypal,Houston,TX,67.0
472,2024-10-21,2396,Fashion,468,0,7956.00,paypal,Phoenix,AZ,28.0
473,2024-06-07,2051,Beauty,333,0,4995.00,credit_card,San Francisco,CA,33.0
474,2024-06-20,2348,Fashion,623,0,3738.00,credit_card,Miami,FL,29.0
475,2024-08-20,2134,Sports,289,0,2890.00,credit_card,Phoenix,AZ,27.0
476,2024-10-14,2050,Home,252,0,4284.00,paypal,Chicago,IL,33.0
477,2024-11-05,1873,Grocery,173,61,10542.74,credit_card,Los Angeles,CA,71.0
478,2024-01-07,2305,Toys,185,0,3145.00,credit_card,Denver,CO,46.0
479,2024-08-30,2502,Fashion,47,0,940.00,paypal,Chicago,IL,42.0
480,2024-02-09,2838,Toys,513,0,5643.00,paypal,Miami,FL,30.0
481,2024-04-15,2226,Fashion,187,0,935.00,debit_card,Seattle,WA,29.0
482,2024-10-30,1201,Home,799,0,13583.00,credit_card,Los Angeles,CA,52.0
483,2024-04-01,2174,Grocery,298,44,13215.26,credit_card,San Francisco,CA,65.0
484,2024-10-18,1631,Grocery,459,0,6426.00,credit_card,Houston,TX,53.0
485,2024-06-18,1053,Beauty,542,26,13980.48,debit_card,Miami,FL,59.0
486,2024-03-26,1144,Fashion,484,0,6776.00,paypal,New York,NY,34.0
487,2024-05-02,2182,Home,1957,7,13900.90,credit_card,Denver,CO,77.0
488,2024-07-13,2889,Electronics,627,18,11260.66,paypal,New York,NY,69.0
489,2024-10-07,2011,Beauty,243,55,13235.10,credit_card,Houston,TX,73.0
490,2024-08-09,1890,Fashion,733,20,14992.94,paypal,Denver,CO,60.0
491,2024-12-07,1177,Grocery,84,125,10522.83,credit_card,,,61.0
492,2024-11-13,2350,Grocery,246,0,1230.00,credit_card,Miami,FL,22.0
493,2024-10-02,1110,Electronics,1037,0,6222.00,credit_card,Houston,TX,28.0
494,2024-08-08,2682,Grocery,512,0,3072.00,debit_card,Boston,MA,26.0
495,2024-04-16,2632,Electronics,8005,0,136085.00,credit_card,Denver,CO,48.0
496,2024-05-31,2982,Sports,765,0,9945.00,credit_card,Miami,FL,
497,2024-02-13,1568,Sports,952,0,1904.00,paypal,Los Angeles,CA,25.0
498,2024-05-16,1323,Grocery,254,50,12613.78,paypal,Denver,CO,65.0
499,2024-12-05,1599,Toys,118,0,472.00,debit_card,New York,NY,52.0
500,2024-06-04,2599,Grocery,34,337,11526.94,debit_card,San Francisco,CA,55.0
501,2024-02-11,1437,Toys,834,17,13956.12,debit_card,New York,NY,75.0
502,2024-08-26,2774,Beauty,304,0,5168.00,debit_card,New York,NY,54.0
503,2024-12-18,1308,Beauty,204,0,1632.00,credit_card,New York,NY,18.0
504,2024-11-13,1097,Grocery,99,118,11623.64,credit_card,Chicago,IL,66.0
505,2024-04-10,1438,Fashion,63,216,13667.92,credit_card,Boston,MA,73.0
506,2024-06-15,2508,Fashion,367,0,5505.00,credit_card,Houston,TX,23.0
507,2024-07-13,2204,Grocery,54,1,45848.00,credit_card,New York,NY,51.0
508,2024-03-31,1709,Beauty,509,0,2545.00,credit_card,Houston,TX,47.0
509,2024-04-08,2312,Grocery,217,0,3906.00,credit_card,Denver,CO,27.0
510,2024-03-27,2297,Toys,484,0,6292.00,paypal,Seattle,WA,35.0
511,2024-12-30,2109,Grocery,134,81,10802.27,debit_card,Boston,MA,71.0
512,2024-09-30,2028,Beauty,74,0,1110.00,credit_card,Los Angeles,CA,42.0
513,2024-11-03,1202,Beauty,392,0,3920.00,paypal,Seattle,WA,51.0
514,2024-10-25,1519,Home,909,11,10334.84,credit_card,Boston,MA,66.0
515,2024-12-17,2055,Sports,1654,0,33080.00,credit_card,Miami,FL,46.0
516,2024-02-08,1270,Beauty,1330,8,10520.51,credit_card,New York,NY,74.0
517,2024-11-18,1951,Beauty,63,0,819.00,credit_card,Miami,FL,49.0
518,2024-01-25,1233,Grocery,72,158,11301.46,credit_card,Boston,MA,80.0
519,2024-06-23,2574,Fashion,236,0,4012.00,paypal,Chicago,IL,27.0
520,2024-08-05,1206,Fashion,498,29,14247.57,credit_card,Houston,TX,73.0
521,2024-05-10,1185,Grocery,99,0,1485.00,credit_card,Miami,FL,25.0
522,2024-02-23,2275,Grocery,457,24,10752.17,credit_card,New York,NY,69.0
523,2024-03-11,1441,Home,1255,8,10166.95,credit_card,Boston,MA,59.0
524,2024-10-28,1702,Fashion,177,0,2832.00,debit_card,San Francisco,CA,53.0
525,2024-04-26,1628,Grocery,43,336,14267.30,debit_card,Seattle,WA,73.0
526,2024-04-23,1433,Home,242,49,11874.41,paypal,Phoenix,AZ,58.0
527,2024-12-03,2523,Beauty,183,71,12943.67,debit_card,New York,NY,61.0
528,2024-02-22,2383,Electronics,549,19,10418.99,credit_card,Boston,MA,65.0
529,2024-11-30,1477,Home,529,27,14536.72,credit_card,Denver,CO,70.0
530,2024-12-03,2373,Beauty,458,0,2748.00,debit_card,San Francisco,CA,32.0
531,2024-08-07,2426,Toys,163,77,12522.22,credit_card,Seattle,WA,71.0
532,2024-03-01,2078,Sports,1229,9,10447.85,credit_card,New York,NY,55.0
533,2024-02-27,2156,Beauty,233,0,1631.00,credit_card,Los Angeles,CA,20.0
534,2024-04-14,2869,Fashion,1003,13,13169.60,debit_card,Los Angeles,CA,75.0
535,2024-07-30,1907,Sports,523,23,11827.83,credit_card,New York,NY,66.0
536,2024-02-26,1770,Toys,300,39,11767.40,cash,Chicago,IL,74.0
537,2024-06-15,2078,Beauty,156,77,12041.90,credit_card,Seattle,WA,66.0
538,2024-02-12,2671,Fashion,425,0,3400.00,credit_card,New York,NY,39.0
539,2024-07-16,2419,Toys,540,0,6480.00,credit_card,New York,NY,40.0
540,2024-01-08,1150,Sports,440,0,880.00,credit_card,Denver,CO,35.0
541,2024-09-16,1918,Sports,925,0,12950.00,credit_card,Miami,FL,43.0
542,2024-01-21,2479,Grocery,457,0,6398.00,debit_card,San Francisco,CA,20.0
543,2024-03-12,1447,Fashion,785,16,12540.62,credit_card,Los Angeles,CA,64.0
544,2024-03-04,2976,Toys,457,29,13096.63,credit_card,Houston,TX,65.0
545,2024-10-31,2616,Grocery,193,56,10732.60,credit_card,Miami,FL,80.0
546,2024-01-20,2693,Beauty,257,0,3598.00,credit_card,Miami,FL,52.0
547,2024-06-06,1163,Grocery,330,42,13771.83,paypal,Houston,TX,80.0
548,2024-08-04,2159,Toys,121,0,1452.00,credit_card,Denver,CO,31.0
549,2024-07-07,2055,Home,169,0,676.00,paypal,Boston,MA,47.0
550,2024-09-06,2253,Grocery,60,170,10135.72,credit_card,Los Angeles,CA,67.0
551,2024-10-20,2700,Toys,459,29,13495.86,credit_card,New York,NY,67.0
552,2024-05-24,1706,Home,182,60,10916.49,paypal,New York,NY,66.0
553,2024-10-30,2067,Fashion,703,0,11951.00,credit_card,San Francisco,CA,47.0
554,2024-04-26,2358,Home,548,0,10412.00,paypal,San Francisco,CA,22.0
555,2024-12-26,2506,Beauty,166,74,12234.12,credit_card,Phoenix,AZ,72.0
556,2024-07-03,2540,Electronics,1076,0,12912.00,credit_card,,,42.0
557,2024-09-26,1673,Beauty,152,85,12807.76,paypal,San Francisco,CA,58.0
558,2024-11-16,2996,Sports,2287,0,41166.00,credit_card,Chicago,IL,26.0
559,2024-10-17,1019,Electronics,814,16,13236.90,cash,Denver,CO,77.0
560,2024-11-07,1984,Toys,458,0,6412.00,paypal,Phoenix,AZ,34.0
561,2024-07-15,2217,Beauty,462,30,13955.18,credit_card,Phoenix,AZ,80.0
562,2024-01-16,1122,Beauty,206,61,12580.98,credit_card,Chicago,IL,63.0
563,2024-06-29,1902,Sports,3121,0,18726.00,paypal,Miami,FL,38.0
564,2024-03-07,2191,Fashion,458,0,458.00,credit_card,Miami,FL,41.0
565,2024-11-21,2215,Home,1081,13,14400.64,debit_card,New York,NY,79.0
566,2024-03-27,1238,Electronics,3484,4,14775.26,credit_card,Miami,FL,55.0
567,2024-03-24,1555,Fashion,282,53,14880.23,credit_card,Chicago,IL,61.0
568,2024-04-01,1489,Toys,169,69,11597.81,credit_card,Los Angeles,CA,56.0
569,2024-08-23,2279,?,2652,0,50388.00,paypal,Miami,FL,32.0
570,2024-07-28,1657,Grocery,155,0,1395.00,debit_card,Boston,MA,26.0
571,2024-12-13,2142,Toys,99,0,495.00,debit_card,Chicago,IL,18.0
572,2024-06-01,2462,Fashion,173,0,519.00,credit_card,Phoenix,AZ,43.0
573,2024-04-13,2594,Grocery,13,794,10160.87,credit_card,Los Angeles,CA,61.0
574,2024-01-19,1367,Home,885,0,16815.00,credit_card,Boston,MA,36.0
575,2024-01-03,2807,Grocery,79,0,1343.00,credit_card,San Francisco,CA,32.0
576,2024-05-16,1331,Home,483,0,6279.00,credit_card,Miami,FL,42.0
577,2024-12-04,1043,Fashion,458,0,6412.00,debit_card,Boston,MA,32.0
578,2024-07-10,1089,Fashion,178,0,2670.00,credit_card,Phoenix,AZ,45.0
579,2024-11-23,1402,Grocery,67,0,335.00,credit_card,Seattle,WA,52.0
580,2024-02-07,2746,Home,321,0,5136.00,debit_card,Los Angeles,CA,35.0
581,2024-02-04,1415,Grocery,107,0,321.00,credit_card,Denver,CO,19.0
582,2024-11-01,2387,Fashion,682,0,5456.00,cash,Los Angeles,CA,24.0
583,2024-02-09,1836,Home,3378,0,60804.00,credit_card,Denver,CO,44.0
584,2024-01-20,1079,Toys,458,0,458.00,credit_card,Boston,MA,29.0
585,2024-05-27,1888,Toys,745,18,13578.98,paypal,Denver,CO,68.0
586,2024-12-04,1056,Fashion,457,0,5484.00,debit_card,Miami,FL,28.0
587,2024-09-09,1952,Electronics,384,0,2688.00,paypal,Houston,TX,19.0
588,2024-02-06,2117,Fashion,323,35,11259.49,credit_card,Los Angeles,CA,57.0
589,2024-11-02,2042,Sports,457,30,13838.43,credit_card,Chicago,IL,57.0
590,2024-11-04,1565,Electronics,1483,7,10025.00,debit_card,Denver,CO,60.0
591,2024-10-20,2533,Electronics,785,0,11775.00,credit_card,Chicago,IL,27.0
592,2024-11-26,2193,Grocery,458,30,13885.92,credit_card,San Francisco,CA,60.0
593,2024-03-28,1509,Electronics,5878,2,10350.72,credit_card,Miami,FL,72.0
594,2024-12-24,1869,Fashion,278,52,14396.74,credit_card,Chicago,IL,56.0
595,2024-04-27,1217,Beauty,66,0,858.00,credit_card,Denver,CO,42.0
596,2024-10-20,2846,Fashion,877,0,5262.00,paypal,Chicago,IL,48.0
597,2024-07-31,2506,Sports,349,38,13256.56,credit_card,Chicago,IL,69.0
598,2024-10-12,1575,Electronics,3506,0,3506.00,cash,Seattle,WA,27.0
599,2024-08-17,2349,Beauty,136,80,10808.56,credit_card,Chicago,IL,63.0
600,2024-08-23,2358,Toys,198,0,3366.00,credit_card,Chicago,IL,34.0
601,2024-08-13,2219,Beauty,322,39,12539.11,credit_card,Miami,FL,73.0
602,2024-10-12,1108,Grocery,157,0,1727.00,debit_card,Denver,CO,26.0
603,2024-09-27,2757,Fashion,795,0,10335.00,paypal,New York,NY,50.0
604,2024-02-19,2911,Electronics,1364,0,13640.00,credit_card,Miami,FL,43.0
605,2024-10-29,2948,Fashion,653,0,11101.00,credit_card,Miami,FL,48.0
606,2024-07-15,2961,Home,998,0,13972.00,paypal,New York,NY,42.0
607,2024-04-28,2857,Sports,717,0,5019.00,credit_card,Chicago,IL,20.0
608,2024-07-07,2478,Home,494,25,12526.10,debit_card,Phoenix,AZ,72.0
609,2024-12-19,1113,Grocery,458,0,4122.00,debit_card,Miami,FL,51.0
610,2024-11-09,1930,Toys,493,29,14395.19,credit_card,Los Angeles,CA,55.0
611,2024-11-01,1490,Home,569,0,569.00,debit_card,Phoenix,AZ,50.0
612,2024-06-18,1439,Grocery,457,0,4570.00,debit_card,Phoenix,AZ,51.0
613,2024-10-13,2661,Beauty,679,19,12661.68,credit_card,Boston,MA,56.0
614,2024-05-20,2625,Sports,195,0,780.00,credit_card,Los Angeles,CA,44.0
615,2024-09-08,2044,Home,2048,0,10240.00,credit_card,Miami,FL,26.0
616,2024-08-22,2472,Fashion,420,0,3780.00,paypal,San Francisco,CA,19.0
617,2024-04-01,1258,Toys,394,0,5910.00,debit_card,Seattle,WA,52.0
618,2024-04-07,1443,Beauty,178,0,2314.00,credit_card,Boston,MA,29.0
619,2024-01-23,2720,Home,145,0,290.00,credit_card,Chicago,IL,46.0
620,2024-02-21,1902,Beauty,219,58,12752.38,credit_card,,,56.0
621,2024-06-07,2093,Home,718,16,11595.00,credit_card,Houston,TX,55.0
622,2024-06-23,1925,Home,944,0,16048.00,credit_card,Chicago,IL,
623,2024-03-01,1404,Sports,521,26,13642.52,credit_card,Seattle,WA,59.0
624,2024-06-01,2652,Home,95,108,10251.49,credit_card,Houston,TX,77.0
625,2024-08-09,2516,Fashion,125,0,2500.00,debit_card,Phoenix,AZ,40.0
626,2024-03-26,2367,Fashion,2207,0,8828.00,debit_card,San Francisco,CA,25.0
627,2024-05-03,1706,Home,229,0,458.00,credit_card,Seattle,WA,49.0
628,2024-05-14,2286,Beauty,765,19,14839.77,debit_card,Houston,TX,56.0
629,2024-07-03,2906,Fashion,203,0,1624.00,credit_card,San Francisco,CA,42.0
630,2024-05-14,2299,Toys,264,49,13031.25,credit_card,Houston,TX,55.0
631,2024-09-26,1988,Beauty,403,35,14228.33,cash,Denver,CO,66.0
632,2024-04-29,1540,?,158,0,1106.00,credit_card,Denver,CO,54.0
633,2024-06-07,2045,Home,1965,7,13905.33,credit_card,Phoenix,AZ,68.0
634,2024-05-18,1743,Beauty,260,0,4420.00,credit_card,,,27.0
635,2024-03-07,2222,Home,795,0,9540.00,debit_card,Boston,MA,36.0
636,2024-09-07,1091,Home,444,0,888.00,credit_card,San Francisco,CA,52.0
637,2024-03-27,1380,Grocery,166,0,1992.00,cash,Phoenix,AZ,34.0
638,2024-04-18,2573,Fashion,1512,7,11090.76,credit_card,Phoenix,AZ,80.0
639,2024-10-17,1761,Toys,275,42,11445.38,credit_card,Los Angeles,CA,60.0
640,2024-12-13,1865,Electronics,5848,0,46784.00,credit_card,Seattle,WA,43.0
641,2024-09-02,2087,Toys,187,61,11390.60,debit_card,Miami,FL,66.0
642,2024-12-01,1876,Grocery,457,24,11127.59,credit_card,Phoenix,AZ,79.0
643,2024-11-08,2517,Toys,452,0,2712.00,paypal,Houston,TX,18.0
644,2024-06-25,1490,Toys,130,0,1560.00,paypal,Phoenix,AZ,53.0
645,2024-10-08,2516,Beauty,290,0,1740.00,credit_card,Seattle,WA,44.0
646,2024-04-30,1418,Fashion,430,23,10079.54,credit_card,Chicago,IL,65.0
647,2024-06-17,1741,Fashion,458,0,458.00,credit_card,Miami,FL,37.0
648,2024-07-14,2175,Electronics,1952,0,11712.00,debit_card,San Francisco,CA,38.0
649,2024-12-17,2771,Toys,343,41,14134.76,debit_card,Houston,TX,66.0
650,2024-11-06,1465,Beauty,458,28,12689.26,credit_card,Houston,TX,74.0
651,2024-06-28,2174,Beauty,461,0,4149.00,paypal,New York,NY,27.0
652,2024-08-26,1128,Beauty,227,57,12955.92,credit_card,Seattle,WA,56.0
653,2024-03-15,1150,Electronics,1092,11,12458.52,paypal,Phoenix,AZ,67.0
654,2024-10-21,2535,Toys,342,0,4788.00,paypal,San Francisco,CA,28.0
655,2024-07-21,2437,Beauty,146,73,10621.82,credit_card,Denver,CO,59.0
656,2024-07-13,1752,Home,4604,3,12180.51,credit_card,Boston,MA,79.0
657,2024-10-07,2245,Sports,198,58,11468.17,credit_card,Los Angeles,CA,71.0
658,2024-08-19,1760,Grocery,460,0,920.00,paypal,Chicago,IL,30.0
659,2024-01-27,1554,Fashion,285,51,14460.29,credit_card,Phoenix,AZ,80.0
660,2024-04-15,1862,Beauty,1250,0,22500.00,paypal,Miami,FL,40.0
661,2024-03-05,1623,Sports,212,0,1272.00,credit_card,New York,NY,48.0
662,2024-09-25,2630,Toys,429,0,5148.00,credit_card,Phoenix,AZ,36.0
663,2024-01-13,1823,Toys,373,36,13506.40,paypal,New York,NY,62.0
664,2024-03-15,1641,Toys,399,0,1596.00,credit_card,Los Angeles,CA,25.0
665,2024-08-06,2072,Beauty,657,16,10813.29,paypal,Houston,TX,62.0
666,2024-09-11,2516,Grocery,258,0,258.00,credit_card,New York,NY,21.0
667,2024-07-03,1547,Fashion,459,29,13509.59,credit_card,Los Angeles,CA,71.0
668,2024-11-11,2879,Grocery,114,0,1824.00,credit_card,Miami,FL,38.0
669,2024-12-02,1927,Toys,69,0,414.00,credit_card,Denver,CO,50.0
670,2024-02-18,2321,Toys,335,0,5360.00,debit_card,Boston,MA,32.0
671,2024-12-14,2914,Fashion,227,0,4313.00,credit_card,Houston,TX,24.0
672,2024-08-12,1863,Fashion,368,0,2576.00,credit_card,Denver,CO,19.0
673,2024-08-20,1399,Toys,79,161,12741.84,credit_card,Phoenix,AZ,79.0
674,2024-02-04,2495,Fashion,591,0,4728.00,debit_card,Houston,TX,26.0
675,2024-08-15,1013,Fashion,110,0,2200.00,paypal,San Francisco,CA,21.0
676,2024-09-22,1915,Beauty,458,0,4580.00,debit_card,Houston,TX,50.0
677,2024-07-31,2959,Fashion,457,23,10408.39,cash,Boston,MA,78.0
678,2024-01-31,1828,Toys,155,0,1085.00,credit_card,Chicago,IL,23.0
679,2024-07-10,2368,Electronics,3692,0,29536.00,credit_card,Houston,TX,34.0
680,2024-12-08,2050,Electronics,2346,0,42228.00,credit_card,Denver,CO,53.0
681,2024-09-21,1429,Beauty,613,0,4291.00,credit_card,Los Angeles,CA,49.0
682,2024-02-20,1635,Electronics,5104,0,81664.00,debit_card,San Francisco,CA,27.0
683,2024-12-17,2047,Beauty,132,79,10347.76,paypal,Phoenix,AZ,77.0
684,2024-12-16,1208,Grocery,324,0,2592.00,credit_card,Denver,CO,40.0
685,2024-03-02,1829,Sports,189,57,10737.19,paypal,Phoenix,AZ,60.0
686,2024-10-20,1829,Grocery,178,0,3382.00,credit_card,Phoenix,AZ,46.0
687,2024-05-28,2669,Fashion,288,0,5760.00,debit_card,Houston,TX,54.0
688,2024-08-05,1247,Grocery,46,303,14052.49,credit_card,Los Angeles,CA,74.0
689,2024-06-11,2685,Home,899,0,8990.00,debit_card,San Francisco,CA,38.0
690,2024-10-13,1820,Fashion,914,15,14149.75,credit_card,Seattle,WA,69.0
691,2024-12-30,2302,Fashion,889,0,4445.00,paypal,Seattle,WA,36.0
692,2024-10-18,2113,Beauty,457,0,6855.00,paypal,Houston,TX,37.0
693,2024-12-06,1599,Electronics,1629,0,16290.00,credit_card,Boston,MA,20.0
694,2024-12-12,2861,Beauty,372,0,3348.00,credit_card,Houston,TX,39.0
695,2024-02-02,1448,Electronics,1869,0,18690.00,debit_card,Los Angeles,CA,54.0
696,2024-04-02,1072,Fashion,659,20,13040.90,debit_card,New York,NY,58.0
697,2024-09-21,2500,Toys,360,0,1440.00,credit_card,San Francisco,CA,45.0
698,2024-08-03,2242,Home,1079,0,16185.00,debit_card,New York,NY,40.0
699,2024-01-19,2781,Sports,166,0,498.00,paypal,San Francisco,CA,32.0
700,2024-02-04,1915,Grocery,459,22,10078.13,debit_card,Houston,TX,74.0
701,2024-07-09,1033,Beauty,458,0,458.00,credit_card,New York,NY,42.0
702,2024-08-13,1040,Electronics,1829,0,1829.00,paypal,Denver,CO,37.0
703,2024-03-02,1866,Toys,1136,10,11585.61,credit_card,Boston,MA,77.0
704,2024-03-03,1499,Toys,459,26,12004.54,credit_card,Boston,MA,58.0
705,2024-02-17,2844,Electronics,1623,7,11421.93,cash,Seattle,WA,71.0
706,2024-07-25,1236,Toys,559,0,7826.00,credit_card,Boston,MA,42.0
707,2024-01-03,2761,Sports,117,0,1287.00,credit_card,Chicago,IL,45.0
708,2024-07-28,1433,Toys,460,28,12905.64,debit_card,Los Angeles,CA,63.0
709,2024-06-23,1238,Fashion,572,18,10311.60,paypal,Seattle,WA,79.0
710,2024-06-19,1549,Home,54,187,10099.85,credit_card,Boston,MA,67.0
711,2024-09-05,1288,Beauty,112,0,1456.00,credit_card,Seattle,WA,47.0
712,2024-07-10,1802,Beauty,589,22,12939.33,credit_card,Phoenix,AZ,55.0
713,2024-09-23,1660,Home,1226,0,14712.00,credit_card,Miami,FL,39.0
714,2024-10-06,2058,Home,742,0,5936.00,credit_card,New York,NY,46.0
715,2024-12-02,2074,Toys,619,0,8047.00,credit_card,Seattle,WA,42.0
716,2024-10-19,1001,Beauty,292,0,4672.00,paypal,Houston,TX,24.0
717,2024-07-08,1249,Home,857,13,11322.65,debit_card,Phoenix,AZ,73.0
718,2024-06-29,1323,Home,427,0,5124.00,paypal,Chicago,IL,26.0
719,2024-03-27,1389,Beauty,459,0,3672.00,paypal,Denver,CO,34.0
720,2024-08-07,1187,Toys,184,0,1104.00,paypal,San Francisco,CA,33.0
721,2024-02-20,1629,Grocery,269,0,3766.00,paypal,Denver,CO,31.0
722,2024-12-06,2099,Beauty,825,0,3300.00,credit_card,San Francisco,CA,49.0
723,2024-11-05,1617,Grocery,295,46,13432.65,paypal,Miami,FL,78.0
724,2024-02-13,1658,Home,397,0,7543.00,credit_card,Los Angeles,CA,
725,2024-10-14,1939,Home,256,54,13887.96,credit_card,Chicago,IL,64.0
726,2024-02-12,2096,Home,1527,9,13055.29,credit_card,Miami,FL,64.0
727,2024-09-20,1661,Electronics,2265,7,14948.48,credit_card,Denver,CO,66.0
728,2024-02-02,1443,Beauty,318,42,13214.63,credit_card,Houston,TX,57.0
729,2024-06-27,1818,Toys,184,75,13863.75,paypal,Denver,CO,64.0
730,2024-08-28,1048,Electronics,2063,6,13205.90,credit_card,Chicago,IL,65.0
731,2024-09-23,1985,Home,459,31,14027.21,credit_card,Los Angeles,CA,61.0
732,2024-06-02,2882,Home,913,0,14608.00,credit_card,Miami,FL,53.0
733,2024-12-03,1795,Fashion,1288,0,6440.00,paypal,Phoenix,AZ,23.0
734,2024-10-10,1216,Sports,2252,0,27024.00,credit_card,Boston,MA,50.0
735,2024-03-17,2414,Fashion,754,16,11953.10,credit_card,Houston,TX,65.0
736,2024-09-02,1253,Grocery,32,0,544.00,paypal,Boston,MA,39.0
737,2024-09-24,1387,Home,644,0,10948.00,paypal,Houston,TX,33.0
738,2024-05-02,1293,Sports,3382,4,12171.79,credit_card,Chicago,IL,55.0
739,2024-09-27,2767,Sports,305,0,6100.00,debit_card,Seattle,WA,26.0
740,2024-11-24,2962,Fashion,408,29,11675.94,credit_card,,,63.0
741,2024-10-26,2139,Beauty,757,17,12882.39,paypal,Seattle,WA,79.0
742,2024-10-06,2235,Grocery,457,0,4570.00,debit_card,New York,NY,48.0
743,2024-08-20,2290,Electronics,10659,0,42636.00,debit_card,Phoenix,AZ,19.0
744,2024-04-09,2220,Sports,340,0,4420.00,credit_card,New York,NY,35.0
745,2024-10-18,2088,Electronics,664,0,13280.00,debit_card,San Francisco,CA,19.0
746,2024-05-13,2973,Sports,1626,0,17886.00,credit_card,New York,NY,46.0
747,2024-07-13,2466,Toys,117,0,936.00,credit_card,Denver,CO,37.0
748,2024-04-25,1176,Fashion,365,33,11873.21,debit_card,New York,NY,66.0
749,2024-04-24,1783,Fashion,406,37,14939.31,paypal,Miami,FL,71.0
750,2024-02-27,2949,Fashion,979,0,9790.00,credit_card,Houston,TX,45.0
751,2024-12-17,1807,Fashion,699,19,13015.20,paypal,Chicago,IL,79.0
752,2024-02-24,1408,Fashion,616,0,6776.00,credit_card,Houston,TX,46.0
753,2024-02-01,2736,Fashion,310,0,2170.00,debit_card,New York,NY,25.0
754,2024-12-08,2246,Toys,807,14,11678.50,credit_card,Miami,FL,75.0
755,2024-07-22,2125,Electronics,36708,0,183540.00,credit_card,San Francisco,CA,42.0
756,2024-06-09,1840,Electronics,2548,5,12540.83,paypal,Houston,TX,73.0
757,2024-09-26,1248,Sports,661,21,13903.60,credit_card,Phoenix,AZ,64.0
758,2024-05-20,1767,Toys,108,130,14030.59,paypal,Chicago,IL,77.0
759,2024-02-16,1874,Home,331,40,13185.51,credit_card,Phoenix,AZ,58.0
760,2024-09-24,2862,Home,463,22,10011.65,debit_card,Denver,CO,55.0
761,2024-03-05,1614,Toys,199,0,1592.00,credit_card,Seattle,WA,32.0
762,2024-07-21,1298,Fashion,422,0,2110.00,debit_card,San Francisco,CA,35.0
763,2024-12-13,1855,Beauty,1013,0,18234.00,paypal,,,38.0
764,2024-12-08,2994,Home,1497,0,14970.00,credit_card,Chicago,IL,37.0
765,2024-05-12,1964,Electronics,1298,0,16874.00,credit_card,New York,NY,
766,2024-10-12,1758,Sports,232,62,14343.70,paypal,Houston,TX,72.0
767,2024-08-12,2333,Fashion,1246,0,4984.00,debit_card,Denver,CO,20.0
768,2024-06-24,2297,Beauty,235,62,14549.10,credit_card,Chicago,IL,56.0
769,2024-02-21,1598,Sports,154,94,14358.25,debit_card,New York,NY,65.0
770,2024-05-17,2935,Fashion,756,0,6048.00,debit_card,Denver,CO,45.0
771,2024-08-26,2185,Home,1249,0,1249.00,paypal,Chicago,IL,35.0
772,2024-12-27,1115,Home,79,0,1580.00,credit_card,Houston,TX,45.0
773,2024-01-02,1815,Beauty,126,106,13355.58,credit_card,Boston,MA,70.0
774,2024-09-19,2845,Home,503,20,10135.50,cash,,,75.0
775,2024-11-05,1786,Sports,1099,13,14753.90,debit_card,Chicago,IL,61.0
776,2024-12-14,2135,Beauty,162,0,3240.00,credit_card,Boston,MA,48.0
777,2024-06-04,2225,Grocery,457,23,10339.40,cash,New York,NY,58.0
778,2024-02-13,2408,Home,983,11,10747.42,credit_card,Boston,MA,60.0
779,2024-04-09,2744,Electronics,1008,0,20160.00,credit_card,Seattle,WA,
780,2024-11-07,1298,Beauty,377,0,4524.00,paypal,Los Angeles,CA,27.0
781,2024-11-17,2033,Toys,126,0,252.00,debit_card,Miami,FL,22.0
782,2024-08-21,2066,Fashion,145,0,1885.00,cash,Houston,TX,39.0
783,2024-02-14,1304,Toys,559,0,3913.00,debit_card,Denver,CO,34.0
784,2024-02-14,2347,Home,673,20,13139.51,credit_card,Phoenix,AZ,56.0
785,2024-06-24,1236,Toys,639,0,12141.00,credit_card,Boston,MA,
786,2024-08-03,1912,Beauty,160,0,320.00,credit_card,Los Angeles,CA,
787,2024-01-12,1660,Fashion,226,54,12309.50,paypal,San Francisco,CA,66.0
788,2024-09-08,1309,Sports,1814,0,21768.00,credit_card,Los Angeles,CA,27.0
789,2024-07-18,2644,Fashion,126,109,13773.79,credit_card,Seattle,WA,71.0
790,2024-01-05,1488,Electronics,3989,3,13165.72,credit_card,San Francisco,CA,66.0
791,2024-02-05,1510,Electronics,4215,0,4215.00,credit_card,Denver,CO,42.0
792,2024-06-15,2708,Grocery,194,0,388.00,credit_card,Boston,MA,21.0
793,2024-09-21,2754,Sports,352,28,10020.95,debit_card,Miami,FL,67.0
794,2024-10-29,1068,Home,458,0,3206.00,credit_card,Miami,FL,30.0
795,2024-06-06,1555,Electronics,1239,0,21063.00,cash,Phoenix,AZ,31.0
796,2024-04-18,2417,Fashion,152,0,2584.00,paypal,Miami,FL,47.0
797,2024-12-20,2556,Grocery,45,1,45817.00,credit_card,Seattle,WA,23.0
798,2024-06-16,2998,Fashion,716,0,7160.00,paypal,Seattle,WA,43.0
799,2024-04-25,2109,Grocery,164,0,492.00,credit_card,Houston,TX,33.0
800,2024-06-10,1014,Sports,264,0,1056.00,credit_card,Houston,TX,21.0
801,2024-01-05,2747,Beauty,420,31,13214.70,credit_card,Chicago,IL,74.0
802,2024-04-20,1322,Beauty,351,0,3510.00,paypal,,,34.0
803,2024-07-07,1241,Electronics,4905,0,9810.00,debit_card,New York,NY,52.0
804,2024-12-02,2348,Electronics,2319,6,14291.10,credit_card,Chicago,IL,69.0
805,2024-09-27,2207,Grocery,228,0,3420.00,debit_card,Los Angeles,CA,48.0
806,2024-10-12,1119,Grocery,143,0,286.00,debit_card,Chicago,IL,36.0
807,2024-07-18,1338,Electronics,3210,4,14260.73,paypal,Boston,MA,64.0
808,2024-02-10,2179,Toys,459,23,10787.40,credit_card,Chicago,IL,61.0
809,2024-05-23,1510,Grocery,89,0,534.00,paypal,Phoenix,AZ,18.0
810,2024-12-30,2368,Grocery,95,0,1425.00,debit_card,Boston,MA,
811,2024-01-17,1823,Fashion,352,0,6688.00,credit_card,Seattle,WA,25.0
812,2024-11-17,2176,Beauty,348,34,11736.81,paypal,Seattle,WA,64.0
813,2024-09-07,1949,Toys,507,0,9633.00,credit_card,Houston,TX,24.0
814,2024-04-13,1730,Grocery,134,0,1072.00,debit_card,Phoenix,AZ,22.0
815,2024-10-11,1684,Home,477,0,954.00,debit_card,Boston,MA,25.0
816,2024-11-02,2394,Toys,170,63,10597.65,credit_card,Phoenix,AZ,64.0
817,2024-01-16,2028,Electronics,3526,0,52890.00,credit_card,Miami,FL,46.0
818,2024-02-08,2188,Fashion,566,24,13757.41,debit_card,San Francisco,CA,55.0
819,2024-08-31,2154,Electronics,649,0,12980.00,paypal,Los Angeles,CA,35.0
820,2024-12-31,1415,Sports,523,0,8368.00,paypal,Chicago,IL,25.0
821,2024-01-09,2826,Beauty,458,0,1374.00,debit_card,Phoenix,AZ,
822,2024-08-31,2126,Toys,314,42,13137.80,credit_card,Houston,TX,70.0
823,2024-02-19,2436,Fashion,365,34,12422.17,credit_card,Chicago,IL,70.0
824,2024-08-25,2763,Fashion,270,0,1890.00,paypal,Boston,MA,22.0
825,2024-08-16,2849,Fashion,1519,8,11498.79,credit_card,Miami,FL,76.0
826,2024-02-03,2333,Beauty,97,0,485.00,debit_card,Miami,FL,52.0
827,2024-09-06,2574,Home,967,0,16439.00,credit_card,Boston,MA,30.0
828,2024-11-24,1943,Electronics,8429,0,67432.00,credit_card,Phoenix,AZ,30.0
829,2024-11-12,2475,Sports,1446,0,4338.00,debit_card,Seattle,WA,49.0
830,2024-01-11,1643,Beauty,238,59,13935.49,debit_card,Los Angeles,CA,56.0
831,2024-03-31,2423,Sports,247,0,1729.00,debit_card,Boston,MA,21.0
832,2024-03-29,1171,?,185,0,370.00,credit_card,Denver,CO,49.0
833,2024-06-14,2828,Electronics,1055,0,20045.00,paypal,San Francisco,CA,33.0
834,2024-02-22,1489,Grocery,56,247,13957.17,credit_card,Phoenix,AZ,75.0
835,2024-11-08,2313,Beauty,137,91,12455.90,paypal,New York,NY,56.0
836,2024-10-11,1022,Home,423,0,6345.00,debit_card,San Francisco,CA,41.0
837,2024-10-22,1311,Electronics,1356,0,14916.00,credit_card,Seattle,WA,44.0
838,2024-03-13,2973,Electronics,2168,5,10622.10,debit_card,Boston,MA,70.0
839,2024-01-06,2666,Fashion,159,78,12326.80,debit_card,Houston,TX,61.0
840,2024-11-29,1444,Beauty,142,0,1136.00,credit_card,San Francisco,CA,42.0
841,2024-04-15,1261,Home,484,30,14480.33,debit_card,San Francisco,CA,70.0
842,2024-08-28,2629,Beauty,209,62,12920.43,credit_card,New York,NY,57.0
843,2024-11-28,2980,Electronics,6369,0,63690.00,paypal,Seattle,WA,21.0
844,2024-01-14,1337,Beauty,294,47,13770.00,credit_card,Phoenix,AZ,57.0
845,2024-01-03,2327,Home,466,25,11473.34,credit_card,Miami,FL,77.0
846,2024-01-02,1567,Grocery,137,86,11715.82,paypal,Los Angeles,CA,72.0
847,2024-02-27,2488,Sports,945,0,4725.00,credit_card,New York,NY,20.0
848,2024-01-19,1836,Home,497,21,10585.60,cash,Los Angeles,CA,73.0
849,2024-10-27,1250,Home,208,56,11714.30,credit_card,Seattle,WA,79.0
850,2024-08-09,1648,Beauty,997,0,12961.00,credit_card,Los Angeles,CA,28.0
851,2024-12-24,2077,Fashion,182,60,10848.70,credit_card,Phoenix,AZ,58.0
852,2024-10-20,2596,Fashion,725,18,12694.90,credit_card,Houston,TX,65.0
853,2024-12-18,1042,Beauty,287,0,861.00,credit_card,Miami,FL,20.0
854,2024-03-28,2915,Sports,988,12,11969.30,credit_card,Phoenix,AZ,70.0
855,2024-04-15,2299,Toys,1196,0,23920.00,credit_card,Chicago,IL,42.0
856,2024-11-06,2750,Sports,957,0,8613.00,credit_card,Miami,FL,36.0
857,2024-03-30,2860,Electronics,937,0,11244.00,credit_card,Los Angeles,CA,34.0
858,2024-01-21,1307,Electronics,3556,0,28448.00,credit_card,Houston,TX,49.0
859,2024-09-01,1187,Electronics,885,0,885.00,credit_card,Boston,MA,-999.0
860,2024-10-20,2553,Toys,348,41,14178.76,credit_card,Los Angeles,CA,69.0
861,2024-12-20,1375,Sports,217,0,868.00,credit_card,New York,NY,32.0
862,2024-12-05,1295,Beauty,107,111,11913.64,credit_card,Houston,TX,70.0
863,2024-02-14,1937,Grocery,102,109,11061.69,credit_card,Houston,TX,70.0
864,2024-10-09,2826,Home,738,0,3690.00,credit_card,Miami,FL,21.0
865,2024-11-05,2591,Grocery,458,0,2290.00,paypal,Boston,MA,37.0
866,2024-09-12,2035,Grocery,146,0,1168.00,credit_card,New York,NY,18.0
867,2024-10-27,1392,Toys,159,66,10421.17,credit_card,Boston,MA,80.0
868,2024-11-02,1672,Sports,1700,0,32300.00,debit_card,Boston,MA,47.0
869,2024-06-12,2376,Home,415,0,6225.00,credit_card,Chicago,IL,35.0
870,2024-01-15,1314,Home,224,50,11262.86,credit_card,Houston,TX,74.0
871,2024-06-15,2048,Electronics,1557,0,14013.00,paypal,Boston,MA,
872,2024-03-14,1023,Toys,147,92,13486.82,debit_card,Seattle,WA,77.0
873,2024-02-11,1650,Sports,1685,8,13131.15,cash,Houston,TX,68.0
874,2024-02-15,1495,Home,550,24,13099.73,paypal,Boston,MA,78.0
875,2024-09-12,2362,Electronics,1298,0,12980.00,debit_card,Miami,FL,31.0
876,2024-07-03,2828,Electronics,2353,0,35295.00,debit_card,Seattle,WA,30.0
877,2024-07-16,1292,Toys,137,0,822.00,credit_card,New York,NY,22.0
878,2024-09-29,2594,Toys,109,0,1744.00,paypal,Miami,FL,39.0
879,2024-07-19,2311,Toys,423,0,423.00,credit_card,Chicago,IL,
880,2024-08-18,2939,Electronics,608,0,10944.00,credit_card,Denver,CO,53.0
881,2024-02-01,2823,Electronics,608,24,14290.85,credit_card,Chicago,IL,60.0
882,2024-11-07,1201,Electronics,2863,4,11264.50,debit_card,New York,NY,64.0
883,2024-06-13,2486,Beauty,372,33,12353.96,credit_card,Houston,TX,69.0
884,2024-02-26,2184,Beauty,90,0,1530.00,paypal,Houston,TX,50.0
885,2024-10-24,1226,Fashion,458,0,2290.00,credit_card,Houston,TX,35.0
886,2024-09-25,1514,Electronics,711,0,11376.00,paypal,Denver,CO,45.0
887,2024-01-20,2853,Fashion,1774,6,10840.92,credit_card,Los Angeles,CA,72.0
888,2024-03-11,2085,Beauty,504,22,11093.97,debit_card,San Francisco,CA,69.0
889,2024-01-06,1676,Home,393,30,11854.59,credit_card,Chicago,IL,75.0
890,2024-04-09,1640,Beauty,387,0,3870.00,credit_card,Miami,FL,52.0
891,2024-02-06,2675,Sports,206,66,13535.40,credit_card,Chicago,IL,67.0
892,2024-09-16,1566,Electronics,856,0,7704.00,credit_card,Los Angeles,CA,44.0
893,2024-07-10,1317,Grocery,106,0,954.00,credit_card,Chicago,IL,18.0
894,2024-12-24,2147,Sports,877,16,14168.55,paypal,Houston,TX,64.0
895,2024-10-01,2985,Toys,282,0,1128.00,credit_card,Phoenix,AZ,23.0
896,2024-08-11,1366,Electronics,1787,6,11536.70,debit_card,San Francisco,CA,58.0
897,2024-07-05,1510,Fashion,455,26,11988.82,debit_card,,,80.0
898,2024-01-20,1938,Toys,268,0,4556.00,credit_card,Miami,FL,19.0
899,2024-01-26,1399,Toys,459,31,14438.30,paypal,Phoenix,AZ,64.0
900,2024-08-13,2301,Electronics,1042,13,13901.20,paypal,Los Angeles,CA,72.0
901,2024-01-02,1507,Toys,368,37,13451.68,paypal,Los Angeles,CA,57.0
902,2024-01-16,1256,Grocery,136,89,12035.72,paypal,Chicago,IL,61.0
903,2024-03-21,1522,Beauty,286,41,11705.30,debit_card,Miami,FL,74.0
904,2024-11-19,2861,Home,214,64,13617.15,cash,Boston,MA,66.0
905,2024-06-16,2869,Grocery,44,0,308.00,credit_card,Seattle,WA,20.0
906,2024-09-16,2011,Toys,421,25,10466.63,credit_card,Seattle,WA,66.0
907,2024-05-30,1800,Electronics,4757,3,12717.33,debit_card,Houston,TX,65.0
908,2024-03-04,2639,Electronics,1656,0,3312.00,credit_card,Denver,CO,32.0
909,2024-05-15,1388,Grocery,457,23,10304.30,debit_card,San Francisco,CA,59.0
910,2024-02-03,2307,Home,658,20,13116.69,credit_card,Phoenix,AZ,71.0
911,2024-10-08,2360,Electronics,593,22,12842.60,credit_card,Boston,MA,71.0
912,2024-03-08,2420,Sports,1742,6,10298.96,paypal,Houston,TX,72.0
913,2024-05-17,1435,Sports,709,17,12099.33,credit_card,Chicago,IL,67.0
914,2024-12-24,2432,Toys,179,0,1611.00,credit_card,Los Angeles,CA,25.0
915,2024-08-04,2223,Toys,267,0,3471.00,debit_card,San Francisco,CA,48.0
916,2024-06-16,2750,Grocery,64,0,128.00,paypal,Phoenix,AZ,32.0
917,2024-07-17,1348,Beauty,698,0,2792.00,paypal,San Francisco,CA,22.0
918,2024-10-13,2227,Electronics,1247,0,4988.00,credit_card,Houston,TX,34.0
919,2024-04-03,2659,Electronics,1660,7,10962.25,paypal,Phoenix,AZ,75.0
920,2024-08-20,1556,Electronics,2319,6,13990.61,debit_card,New York,NY,55.0
921,2024-11-15,2487,Fashion,236,62,14566.41,paypal,Boston,MA,66.0
922,2024-07-28,1199,Fashion,499,0,5489.00,credit_card,Houston,TX,49.0
923,2024-06-12,2436,Grocery,122,0,366.00,credit_card,New York,NY,40.0
924,2024-02-23,2212,Fashion,123,0,738.00,credit_card,Los Angeles,CA,48.0
925,2024-03-31,1385,Electronics,1794,6,11573.39,debit_card,Miami,FL,79.0
926,2024-12-12,1132,Grocery,94,0,1880.00,credit_card,San Francisco,CA,36.0
927,2024-07-17,2490,Home,610,0,5490.00,credit_card,Denver,CO,37.0
928,2024-04-20,1482,Grocery,458,22,10146.59,debit_card,Los Angeles,CA,71.0
929,2024-06-02,1994,Beauty,458,0,7786.00,credit_card,Seattle,WA,41.0
930,2024-07-30,1121,Grocery,285,51,14488.27,credit_card,Phoenix,AZ,74.0
931,2024-07-15,2926,Beauty,95,150,14222.61,credit_card,Boston,MA,79.0
932,2024-09-13,2097,Home,418,0,1254.00,paypal,Miami,FL,22.0
933,2024-04-04,2863,Toys,525,27,13984.24,debit_card,New York,NY,60.0
934,2024-08-25,1320,Fashion,628,0,1884.00,credit_card,Chicago,IL,23.0
935,2024-06-11,1411,Toys,441,27,11781.89,paypal,Seattle,WA,73.0
936,2024-12-10,2220,Beauty,2211,0,24321.00,debit_card,Seattle,WA,25.0
937,2024-02-27,2208,Sports,998,10,10398.53,credit_card,San Francisco,CA,73.0
938,2024-02-24,2581,Fashion,1057,14,14874.36,debit_card,San Francisco,CA,66.0
939,2024-06-17,2856,Grocery,76,0,912.00,cash,New York,NY,51.0
940,2024-07-05,2643,Toys,459,0,459.00,credit_card,Seattle,WA,31.0
941,2024-09-09,1280,Grocery,458,0,6412.00,debit_card,Phoenix,AZ,34.0
942,2024-05-27,1619,Home,972,0,1944.00,credit_card,Phoenix,AZ,45.0
943,2024-11-30,2827,Beauty,338,37,12467.50,paypal,,,71.0
944,2024-06-22,2097,Fashion,592,20,11783.60,debit_card,San Francisco,CA,74.0
945,2024-02-17,2734,Sports,515,0,7210.00,paypal,Chicago,IL,49.0
946,2024-02-13,2126,Grocery,73,0,73.00,debit_card,Denver,CO,32.0
947,2024-12-22,1099,Fashion,372,0,6696.00,credit_card,Denver,CO,53.0
948,2024-02-19,1945,Home,981,14,13886.50,credit_card,San Francisco,CA,70.0
949,2024-12-12,2649,Grocery,191,0,2101.00,paypal,Chicago,IL,52.0
950,2024-04-11,2310,Grocery,44,306,13353.51,credit_card,Phoenix,AZ,74.0
951,2024-02-04,1265,Fashion,787,0,3935.00,credit_card,New York,NY,18.0
952,2024-04-21,1420,Fashion,458,0,6412.00,debit_card,Miami,FL,49.0
953,2024-08-12,2708,Home,800,0,800.00,credit_card,San Francisco,CA,20.0
954,2024-06-05,2958,Electronics,1257,8,10209.33,credit_card,Seattle,WA,56.0
955,2024-10-14,2505,Sports,2137,7,14791.99,credit_card,New York,NY,56.0
956,2024-08-11,1196,Home,393,0,7074.00,credit_card,Houston,TX,37.0
957,2024-05-26,2238,Beauty,282,45,12780.32,debit_card,Chicago,IL,68.0
958,2024-08-20,2658,Home,893,12,10941.19,credit_card,Phoenix,AZ,77.0
959,2024-12-21,2280,Toys,152,0,2584.00,credit_card,Houston,TX,46.0
960,2024-05-30,2188,Sports,576,0,576.00,paypal,San Francisco,CA,45.0
961,2024-02-26,1934,Toys,247,0,1235.00,credit_card,Los Angeles,CA,29.0
962,2024-05-29,1489,Electronics,972,0,14580.00,debit_card,Houston,TX,19.0
963,2024-11-03,1561,Sports,430,0,7310.00,credit_card,Los Angeles,CA,43.0
964,2024-03-20,2491,Toys,743,0,11145.00,credit_card,San Francisco,CA,45.0
965,2024-12-13,1139,Fashion,265,38,10079.85,credit_card,Los Angeles,CA,66.0
966,2024-08-03,1168,Grocery,154,83,12761.19,debit_card,Denver,CO,72.0
967,2024-08-08,1793,Sports,786,0,7860.00,paypal,Miami,FL,24.0
968,2024-04-26,2548,Fashion,140,0,1260.00,credit_card,Houston,TX,27.0
969,2024-12-02,2314,Electronics,2223,0,26676.00,credit_card,Seattle,WA,53.0
970,2024-01-14,2179,Home,177,0,1062.00,credit_card,Chicago,IL,41.0
971,2024-04-19,2068,Sports,1009,13,12970.20,credit_card,Denver,CO,62.0
972,2024-06-02,1221,Fashion,285,0,5700.00,credit_card,Denver,CO,38.0
973,2024-06-23,1663,Grocery,98,5,492.00,paypal,Los Angeles,CA,44.0
974,2024-06-22,1159,Beauty,87,0,1740.00,paypal,Chicago,IL,45.0
975,2024-02-24,2516,Home,606,17,10498.12,credit_card,Phoenix,AZ,55.0
976,2024-03-23,2501,Toys,641,0,2564.00,credit_card,Boston,MA,22.0
977,2024-02-04,1516,Sports,322,40,12724.64,credit_card,,,73.0
978,2024-07-28,1585,Electronics,902,0,10824.00,credit_card,New York,NY,39.0
979,2024-05-08,1634,Toys,439,0,4829.00,debit_card,New York,NY,31.0
980,2024-07-26,2778,Sports,896,14,12158.62,paypal,Los Angeles,CA,58.0
981,2024-08-03,1977,Electronics,209,0,3135.00,credit_card,Boston,MA,26.0
982,2024-09-13,2524,Sports,3062,4,12188.13,credit_card,Los Angeles,CA,55.0
983,2024-07-19,1897,Beauty,373,0,4476.00,credit_card,San Francisco,CA,21.0
984,2024-08-25,2396,Fashion,747,0,10458.00,credit_card,Los Angeles,CA,34.0
985,2024-08-02,2056,Fashion,381,39,14876.31,paypal,San Francisco,CA,63.0
986,2024-08-26,1557,Electronics,332,0,2324.00,paypal,Denver,CO,41.0
987,2026-05-26,2752,Home,943,12,11479.43,paypal,Boston,MA,74.0
988,2024-04-25,2417,Grocery,62,0,868.00,paypal,Chicago,IL,40.0
989,2024-03-31,2538,Toys,472,31,14420.80,credit_card,New York,NY,61.0
990,2024-10-15,2896,Home,461,0,922.00,debit_card,Chicago,IL,19.0
991,2024-05-05,1497,Sports,739,16,11722.60,debit_card,Miami,FL,79.0
992,2024-07-19,1183,Home,296,37,10897.51,credit_card,Miami,FL,56.0
993,2024-03-13,2164,Sports,1219,9,10761.33,credit_card,Denver,CO,62.0
994,2024-06-06,1652,Home,212,0,2544.00,debit_card,Denver,CO,38.0
995,2024-07-12,1871,Toys,1847,0,35093.00,paypal,Houston,TX,
996,2024-08-17,1469,Sports,3659,0,32931.00,credit_card,Houston,TX,45.0
997,2024-07-11,1796,Toys,1127,0,9016.00,paypal,Boston,MA,34.0
998,2024-05-12,1786,Sports,1694,0,8470.00,paypal,Boston,MA,19.0
999,2024-12-18,1701,Fashion,400,37,14703.19,paypal,Houston,TX,60.0
1000,2024-07-06,2484,Home,1398,7,10116.46,credit_card,New York,NY,63.0
1001,2024-10-22,2185,Home,509,22,11095.80,credit_card,New York,NY,60.0
1002,2024-09-26,1948,?,176,0,1584.00,debit_card,San Francisco,CA,52.0
1003,2024-07-23,1225,Sports,2033,0,2033.00,credit_card,Houston,TX,51.0
1004,2024-11-20,2141,Toys,753,16,11702.37,credit_card,Boston,MA,80.0
1005,2024-02-16,1350,Electronics,1429,0,4287.00,paypal,San Francisco,CA,51.0
1006,2024-12-03,1628,Home,206,64,13284.00,credit_card,San Francisco,CA,62.0
1007,2024-11-07,1829,Beauty,153,0,918.00,credit_card,Phoenix,AZ,44.0
1008,2024-07-03,1282,Grocery,23,0,69.00,paypal,Miami,FL,20.0
1009,2024-09-25,1778,Grocery,208,0,2080.00,credit_card,Chicago,IL,40.0
1010,2024-07-09,1533,Fashion,119,100,11879.00,paypal,Denver,CO,63.0
1011,2024-04-08,2699,Electronics,1844,5,10102.70,credit_card,San Francisco,CA,57.0
1012,2024-10-19,2719,Home,280,45,12584.80,credit_card,Houston,TX,61.0
1013,2024-03-31,1009,Electronics,468,31,14422.33,credit_card,Houston,TX,65.0
1014,2024-04-25,2204,Grocery,118,0,2360.00,credit_card,Boston,MA,31.0
1015,2024-07-09,2281,Grocery,75,0,375.00,credit_card,Phoenix,AZ,-999.0
1016,2024-11-02,1755,Beauty,478,30,14432.86,paypal,Boston,MA,63.0
1017,2024-05-20,1938,Beauty,89,0,356.00,paypal,New York,NY,
1018,2024-06-29,2579,Fashion,233,0,4194.00,credit_card,Los Angeles,CA,49.0
1019,2024-01-16,1755,Sports,458,33,14957.98,credit_card,Boston,MA,72.0
1020,2024-02-12,1128,Beauty,43,0,430.00,debit_card,Denver,CO,28.0
1021,2024-01-21,1745,Beauty,1030,0,5150.00,credit_card,New York,NY,37.0
1022,2024-01-27,1507,Sports,3234,0,16170.00,credit_card,Boston,MA,30.0
1023,2024-11-13,1765,Beauty,263,0,263.00,credit_card,New York,NY,37.0
1024,2024-11-04,1460,Fashion,461,0,3227.00,credit_card,San Francisco,CA,30.0
1025,2024-10-27,1299,Fashion,337,35,11711.96,credit_card,Los Angeles,CA,68.0
1026,2024-01-21,2970,Beauty,491,22,10612.31,credit_card,Houston,TX,80.0
1027,2024-01-29,1257,Fashion,283,37,10347.69,debit_card,Boston,MA,79.0
1028,2024-04-12,2412,Beauty,295,0,1180.00,credit_card,San Francisco,CA,40.0
1029,2024-07-25,2435,Sports,605,24,14335.46,credit_card,Phoenix,AZ,76.0
1030,2024-05-02,2235,Fashion,462,0,5082.00,credit_card,Houston,TX,23.0
1031,2024-06-27,2822,Home,368,0,3680.00,credit_card,,,24.0
1032,2024-03-04,1009,Toys,386,0,772.00,paypal,Denver,CO,38.0
1033,2024-09-24,1603,Sports,280,0,4200.00,debit_card,Seattle,WA,36.0
1034,2024-04-24,1368,Fashion,614,22,13741.70,paypal,New York,NY,75.0
1035,2024-01-25,2153,Beauty,168,78,13137.87,credit_card,Denver,CO,65.0
1036,2024-09-28,2271,Electronics,1623,8,12483.80,credit_card,Miami,FL,65.0
1037,2024-11-26,2795,Electronics,4435,3,12286.70,credit_card,Seattle,WA,68.0
1038,2024-01-06,1759,Grocery,85,146,12469.76,credit_card,Chicago,IL,63.0
1039,2024-06-08,1471,Toys,637,0,3822.00,debit_card,Denver,CO,49.0
1040,2024-10-29,2848,Sports,146,0,1752.00,credit_card,Boston,MA,21.0
1041,2024-09-15,2345,Electronics,1006,0,10060.00,credit_card,Los Angeles,CA,19.0
1042,2024-11-09,2529,Toys,312,38,11819.22,credit_card,Houston,TX,79.0
1043,2024-05-31,1889,Sports,2845,0,8535.00,credit_card,Houston,TX,49.0
1044,2024-05-16,1894,Toys,64,194,12373.39,credit_card,San Francisco,CA,78.0
1045,2024-09-16,1778,Electronics,1357,0,12213.00,debit_card,Phoenix,AZ,19.0
1046,2024-02-26,2499,Sports,1959,6,11051.65,paypal,San Francisco,CA,58.0
1047,2024-03-28,1421,Toys,457,0,5484.00,credit_card,,,35.0
1048,2024-08-07,2950,Fashion,366,0,4392.00,credit_card,Houston,TX,40.0
1049,2024-09-01,1351,Electronics,1911,6,10588.84,credit_card,Phoenix,AZ,59.0
1050,2024-02-13,1921,Grocery,113,0,678.00,credit_card,San Francisco,CA,49.0
1051,2024-07-05,1629,Toys,1069,0,18173.00,debit_card,Phoenix,AZ,26.0
1052,2024-05-13,2285,Toys,437,25,11056.48,credit_card,Miami,FL,80.0
1053,2024-07-02,2361,Beauty,707,21,14854.82,cash,Chicago,IL,62.0
1054,2024-12-16,2837,Toys,229,0,229.00,paypal,Phoenix,AZ,40.0
1055,2024-01-29,2578,Electronics,815,18,14953.43,credit_card,Seattle,WA,57.0
1056,2024-12-30,1497,Sports,510,0,10200.00,paypal,Houston,TX,27.0
1057,2024-06-13,1413,Grocery,39,0,702.00,debit_card,San Francisco,CA,45.0
1058,2024-10-09,2773,Fashion,629,0,4403.00,cash,Los Angeles,CA,44.0
1059,2024-06-04,1975,Grocery,72,0,360.00,credit_card,San Francisco,CA,41.0
1060,2024-04-23,1195,Electronics,856,0,10272.00,cash,New York,NY,48.0
1061,2024-10-09,2649,Fashion,637,22,13757.56,credit_card,Phoenix,AZ,75.0
1062,2024-09-08,2296,Fashion,468,0,7488.00,credit_card,Seattle,WA,18.0
1063,2024-02-22,1051,Toys,566,0,10754.00,paypal,Los Angeles,CA,52.0
1064,2024-09-15,2565,Home,375,38,14185.96,credit_card,Seattle,WA,77.0
1065,2024-10-02,2214,Home,1389,8,10517.83,credit_card,Denver,CO,74.0
1066,2024-05-21,2229,Toys,457,23,10615.13,credit_card,Phoenix,AZ,74.0
1067,2024-12-04,2729,Home,911,0,14576.00,credit_card,Seattle,WA,43.0
1068,2024-08-22,1991,Grocery,113,0,339.00,credit_card,Denver,CO,53.0
1069,2024-05-02,1922,Grocery,177,59,10463.27,credit_card,Denver,CO,55.0
1070,2024-01-04,2234,Fashion,467,22,10315.98,credit_card,New York,NY,70.0
1071,2024-09-04,1395,Sports,161,85,13736.71,paypal,Boston,MA,78.0
1072,2024-03-17,1303,Fashion,958,0,19160.00,credit_card,San Francisco,CA,34.0
1073,2024-10-03,2687,Fashion,399,0,4788.00,paypal,Denver,CO,25.0
1074,2024-07-11,1431,Toys,574,0,1148.00,debit_card,San Francisco,CA,34.0
1075,2024-06-19,2008,Fashion,743,0,8916.00,paypal,New York,NY,34.0
1076,2024-02-29,1539,Home,296,0,1776.00,paypal,Boston,MA,36.0
1077,2024-09-17,1460,Home,264,39,10282.20,paypal,San Francisco,CA,75.0
1078,2024-03-01,2195,Grocery,165,0,2475.00,credit_card,Seattle,WA,31.0
1079,2024-06-01,2604,Home,431,0,6465.00,debit_card,New York,NY,44.0
1080,2024-11-02,1883,Fashion,904,0,4520.00,paypal,Chicago,IL,40.0
1081,2024-12-02,1277,Toys,265,0,530.00,debit_card,Los Angeles,CA,35.0
1082,2024-12-28,1488,Electronics,3324,0,19944.00,credit_card,San Francisco,CA,
1083,2024-12-16,1329,Home,771,19,14745.20,debit_card,Chicago,IL,80.0
1084,2024-07-22,2765,Home,692,19,13270.19,paypal,Boston,MA,57.0
1085,2024-03-14,1639,Grocery,72,0,1296.00,credit_card,Chicago,IL,24.0
1086,2024-11-03,1747,Grocery,118,92,10854.38,debit_card,San Francisco,CA,59.0
1087,2024-10-20,1142,Beauty,634,22,14087.61,paypal,New York,NY,56.0
1088,2024-12-28,1892,Home,526,0,1578.00,credit_card,Los Angeles,CA,40.0
1089,2024-08-26,2827,Toys,467,30,14118.47,credit_card,Chicago,IL,67.0
1090,2024-02-21,1819,Toys,317,40,12819.44,credit_card,Seattle,WA,68.0
1091,2024-07-03,2302,Grocery,459,23,10454.92,debit_card,Boston,MA,67.0
1092,2024-06-13,1363,Home,2182,6,12003.89,credit_card,Phoenix,AZ,58.0
1093,2024-11-04,1285,Beauty,639,0,12141.00,debit_card,Seattle,WA,-999.0
1094,2024-05-23,2463,Home,586,0,9376.00,credit_card,Miami,FL,31.0
1095,2024-04-30,1131,Sports,725,0,13775.00,paypal,Phoenix,AZ,20.0
1096,2024-01-30,1896,Grocery,56,229,12742.69,paypal,Boston,MA,75.0
1097,2024-11-01,1633,Electronics,1276,11,13718.98,paypal,Los Angeles,CA,70.0
1098,2024-10-03,1032,Home,704,0,12672.00,credit_card,Chicago,IL,30.0
1099,2024-01-16,2062,Beauty,482,24,11492.52,credit_card,Chicago,IL,68.0
1100,2024-06-07,2928,Electronics,2669,0,48042.00,debit_card,Chicago,IL,21.0
1101,2024-06-24,1138,Toys,126,0,2016.00,credit_card,New York,NY,32.0
1102,2024-06-20,2631,Sports,1334,0,22678.00,credit_card,New York,NY,27.0
1103,2024-12-02,2078,Fashion,398,0,398.00,credit_card,New York,NY,39.0
1104,2024-02-25,2447,Grocery,44,0,484.00,credit_card,Chicago,IL,38.0
1105,2024-04-22,1193,Beauty,712,0,3560.00,debit_card,Miami,FL,50.0
1106,2024-03-07,2738,Fashion,1378,0,11024.00,credit_card,Los Angeles,CA,46.0
1107,2024-03-30,1022,Electronics,1810,0,10860.00,credit_card,Seattle,WA,25.0
1108,2024-11-27,2813,Electronics,2584,0,38760.00,credit_card,New York,NY,27.0
1109,2024-12-10,2315,Electronics,2708,5,14365.79,credit_card,San Francisco,CA,69.0
1110,2024-01-17,1674,Grocery,299,0,3588.00,credit_card,Houston,TX,52.0
1111,2024-08-19,1014,Toys,547,21,11253.69,paypal,Phoenix,AZ,76.0
1112,2024-03-26,2221,Toys,106,6,675.84,paypal,Miami,FL,26.0
1113,2024-03-11,1174,Home,2744,0,24696.00,paypal,Denver,CO,37.0
1114,2024-04-16,2217,Beauty,573,0,5730.00,credit_card,Boston,MA,27.0
1115,2024-03-12,2546,Beauty,163,92,14990.99,credit_card,Phoenix,AZ,76.0
1116,2024-06-28,1534,Beauty,107,0,1284.00,credit_card,Houston,TX,28.0
1117,2024-12-30,1477,Sports,915,12,10575.28,debit_card,Houston,TX,68.0
1118,2024-08-02,1443,Toys,244,0,3904.00,debit_card,New York,NY,30.0
1119,2024-09-21,1449,Sports,795,18,14164.75,paypal,Houston,TX,63.0
1120,2024-06-29,1227,Fashion,775,0,10075.00,credit_card,Boston,MA,46.0
1121,2024-01-06,1499,Toys,194,55,10661.80,credit_card,Los Angeles,CA,79.0
1122,2024-01-31,2318,Fashion,458,0,1832.00,cash,Houston,TX,22.0
1123,2024-04-08,1605,Grocery,457,0,3656.00,credit_card,New York,NY,38.0
1124,2024-03-30,2561,Beauty,159,87,13796.57,paypal,Los Angeles,CA,63.0
1125,2024-11-03,2638,Beauty,275,52,14311.51,debit_card,New York,NY,75.0
1126,2024-11-04,2521,Beauty,83,1,45713.00,credit_card,Phoenix,AZ,51.0
1127,2024-11-08,2079,Sports,499,0,5489.00,paypal,Los Angeles,CA,24.0
1128,2024-08-21,1632,Grocery,173,67,11564.59,paypal,Denver,CO,57.0
1129,2024-07-22,2859,Home,893,0,7144.00,paypal,Seattle,WA,48.0
1130,2024-08-25,1410,Sports,325,32,10506.67,credit_card,Houston,TX,66.0
1131,2024-05-28,1929,Electronics,576,0,8640.00,credit_card,Seattle,WA,52.0
1132,2024-09-02,1907,Fashion,433,35,14999.55,debit_card,Denver,CO,74.0
1133,2024-10-17,2491,Toys,478,0,6214.00,credit_card,Chicago,IL,25.0
1134,2024-10-06,2093,Sports,845,18,14855.26,credit_card,Los Angeles,CA,57.0
1135,2024-08-12,2599,Grocery,65,212,13784.11,credit_card,Seattle,WA,64.0
1136,2024-01-22,2838,Toys,388,0,3492.00,credit_card,Chicago,IL,43.0
1137,2024-09-22,1781,Fashion,1422,0,5688.00,debit_card,Seattle,WA,47.0
1138,2024-05-14,2749,Fashion,504,24,11932.45,credit_card,Chicago,IL,61.0
1139,2024-09-29,1339,Toys,83,0,415.00,credit_card,San Francisco,CA,46.0
1140,2024-07-16,2832,Beauty,287,0,3444.00,credit_card,Boston,MA,42.0
1141,2024-11-18,1355,Home,2820,0,36660.00,credit_card,New York,NY,54.0
1142,2024-05-03,2700,Toys,459,23,10672.00,credit_card,Seattle,WA,68.0
1143,2024-12-06,1780,Toys,313,0,5008.00,credit_card,Los Angeles,CA,
1144,2024-11-05,2929,Electronics,1223,10,12090.25,credit_card,Seattle,WA,73.0
1145,2024-05-01,1258,Grocery,106,0,1060.00,credit_card,Seattle,WA,30.0
1146,2024-06-25,1930,Sports,713,0,10695.00,debit_card,Denver,CO,24.0
1147,2024-07-13,2803,Home,1368,0,12312.00,credit_card,Chicago,IL,29.0
1148,2024-10-08,1094,Toys,327,0,1962.00,debit_card,Seattle,WA,22.0
1149,2024-09-09,1530,Toys,848,16,13601.71,credit_card,Denver,CO,77.0
1150,2024-11-07,1167,Grocery,89,0,89.00,debit_card,Chicago,IL,36.0
1151,2024-05-15,1642,Electronics,1108,10,10761.82,debit_card,Los Angeles,CA,66.0
1152,2024-07-03,1780,Fashion,457,0,4113.00,credit_card,Boston,MA,29.0
1153,2024-06-06,2237,Home,129,0,129.00,debit_card,Chicago,IL,51.0
1154,2024-11-28,1515,Toys,387,0,1935.00,paypal,Los Angeles,CA,44.0
1155,2024-04-21,1317,Sports,3158,3,10084.00,credit_card,Denver,CO,59.0
1156,2024-08-02,1339,Sports,881,16,14520.18,debit_card,Seattle,WA,80.0
1157,2024-02-13,2876,Grocery,169,80,13499.95,paypal,New York,NY,58.0
1158,2024-11-07,2906,Sports,439,31,13469.20,credit_card,San Francisco,CA,62.0
1159,2024-05-20,1442,Fashion,352,0,5984.00,paypal,Seattle,WA,34.0
1160,2024-05-04,1390,Electronics,3222,0,51552.00,credit_card,Phoenix,AZ,25.0
1161,2024-08-01,1108,Fashion,2132,0,42640.00,debit_card,Denver,CO,23.0
1162,2024-07-01,2918,Grocery,321,0,4494.00,paypal,Houston,TX,36.0
1163,2024-11-06,2412,Sports,1163,0,2326.00,cash,Houston,TX,52.0
1164,2024-07-13,2521,Grocery,458,0,2748.00,debit_card,Seattle,WA,21.0
1165,2024-07-08,1581,Sports,722,0,4332.00,debit_card,Los Angeles,CA,34.0
1166,2024-02-08,2281,Sports,334,44,14735.93,credit_card,Chicago,IL,57.0
1167,2024-01-09,1119,Sports,192,66,12603.53,credit_card,Chicago,IL,73.0
1168,2024-05-25,2352,Sports,248,47,11590.38,paypal,Houston,TX,80.0
1169,2024-12-31,2159,Electronics,1525,0,18300.00,credit_card,New York,NY,32.0
1170,2024-12-01,1662,Electronics,1164,0,9312.00,paypal,Seattle,WA,24.0
1171,2024-08-18,2420,Sports,189,0,2457.00,credit_card,Denver,CO,54.0
1172,2024-08-18,2292,Toys,296,49,14547.13,credit_card,Los Angeles,CA,77.0
1173,2024-05-23,1877,Sports,473,0,8987.00,credit_card,New York,NY,44.0
1174,2024-03-05,1373,Sports,459,33,14929.60,credit_card,New York,NY,74.0
1175,2024-01-04,1047,Fashion,318,32,10102.30,credit_card,Chicago,IL,64.0
1176,2024-05-04,2875,Toys,236,49,11653.36,credit_card,Seattle,WA,74.0
1177,2024-04-25,1562,Toys,186,63,11812.30,cash,Phoenix,AZ,77.0
1178,2024-03-11,1603,Electronics,3076,0,3076.00,paypal,Phoenix,AZ,24.0
1179,2024-04-04,2362,Sports,133,0,1197.00,paypal,Boston,MA,43.0
1180,2024-01-10,1510,Toys,62,0,930.00,credit_card,Houston,TX,21.0
1181,2024-08-10,1751,Beauty,245,0,1960.00,credit_card,,,20.0
1182,2024-12-05,2422,Fashion,462,0,5082.00,debit_card,Denver,CO,47.0
1183,2024-09-09,2190,Grocery,458,23,10556.14,credit_card,Chicago,IL,59.0
1184,2024-06-13,2312,Toys,198,56,11107.87,credit_card,Chicago,IL,73.0
1185,2024-06-02,1009,Sports,457,0,1371.00,paypal,Los Angeles,CA,26.0
1186,2024-04-22,1902,Toys,304,0,6080.00,credit_card,Chicago,IL,20.0
1187,2024-02-22,1950,Grocery,69,0,345.00,paypal,San Francisco,CA,24.0
1188,2024-08-07,2264,Home,1909,0,32453.00,credit_card,San Francisco,CA,
1189,2024-07-26,1302,Home,424,24,10122.29,credit_card,Seattle,WA,59.0
1190,2024-01-03,1318,Sports,585,0,1170.00,credit_card,Chicago,IL,48.0
1191,2024-06-01,2524,Electronics,10619,0,10619.00,paypal,San Francisco,CA,24.0
1192,2024-04-11,2346,Beauty,459,0,5508.00,debit_card,Denver,CO,41.0
1193,2024-03-03,2622,Grocery,153,0,2601.00,paypal,Phoenix,AZ,26.0
1194,2024-09-14,1541,Toys,512,0,6144.00,credit_card,Miami,FL,19.0
1195,2024-07-11,2995,Grocery,175,0,3150.00,paypal,Miami,FL,45.0
1196,2024-08-19,1545,?,1848,0,25872.00,debit_card,Seattle,WA,49.0
1197,2024-09-18,2301,Toys,357,0,4998.00,debit_card,Houston,TX,46.0
1198,2024-12-25,1324,Sports,662,20,13482.80,paypal,Los Angeles,CA,72.0
1199,2024-10-20,2837,Home,347,30,10534.53,paypal,Los Angeles,CA,75.0
1200,2024-08-15,1664,Fashion,555,0,8880.00,debit_card,Houston,TX,25.0
1201,2024-11-17,2604,Sports,3095,0,58805.00,credit_card,Boston,MA,35.0
1202,2024-06-23,1662,Toys,804,0,8040.00,paypal,San Francisco,CA,49.0
1203,2024-12-26,2581,Home,709,0,9217.00,credit_card,Chicago,IL,43.0
1204,2024-10-05,1908,Toys,606,0,12120.00,cash,New York,NY,45.0
1205,2024-08-26,1124,Grocery,49,296,14438.14,credit_card,Phoenix,AZ,62.0
1206,2024-11-26,1380,Electronics,1190,0,20230.00,credit_card,Boston,MA,29.0
1207,2024-07-07,2366,Grocery,209,62,12919.88,credit_card,Seattle,WA,70.0
1208,2024-09-20,1386,Toys,1003,0,13039.00,debit_card,,,34.0
1209,2024-04-14,1550,Fashion,459,0,3213.00,credit_card,Boston,MA,39.0
1210,2024-12-18,2083,Beauty,166,0,2324.00,paypal,Boston,MA,31.0
1211,2024-08-16,1506,Toys,1749,7,11780.80,debit_card,Seattle,WA,57.0
1212,2024-10-13,1257,Beauty,264,53,14044.44,credit_card,New York,NY,61.0
1213,2024-06-17,2248,Electronics,6303,2,13253.35,credit_card,Chicago,IL,57.0
1214,2024-11-13,2377,Electronics,1730,0,24220.00,paypal,Boston,MA,49.0
1215,2024-01-28,2466,Toys,372,0,7068.00,paypal,Houston,TX,37.0
1216,2024-02-11,2887,Fashion,335,41,13765.11,credit_card,Boston,MA,61.0
1217,2024-07-04,1248,Home,1168,0,19856.00,paypal,Houston,TX,25.0
1218,2024-09-25,1853,Fashion,1267,0,2534.00,credit_card,New York,NY,37.0
1219,2024-10-23,1467,Beauty,107,135,14388.88,debit_card,Miami,FL,60.0
1220,2024-06-10,2802,Home,415,34,14038.33,paypal,San Francisco,CA,61.0
1221,2024-08-25,2079,Grocery,203,0,609.00,credit_card,Phoenix,AZ,34.0
1222,2024-07-21,1196,Fashion,385,0,4620.00,credit_card,Chicago,IL,39.0
1223,2024-12-17,2384,Home,374,0,748.00,debit_card,Phoenix,AZ,38.0
1224,2024-08-27,1085,Electronics,3287,4,13895.71,credit_card,Denver,CO,73.0
1225,2024-06-01,1548,Grocery,236,0,3776.00,credit_card,Houston,TX,54.0
1226,2024-12-20,2442,Electronics,1023,0,13299.00,credit_card,New York,NY,25.0
1227,2024-02-09,2012,Fashion,507,0,5070.00,paypal,Boston,MA,28.0
1228,2024-12-26,2522,Toys,116,0,1160.00,credit_card,Los Angeles,CA,22.0
1229,2024-02-26,2142,Sports,298,0,2980.00,credit_card,New York,NY,33.0
1230,2024-04-15,2686,Home,607,0,6070.00,cash,Miami,FL,32.0
1231,2024-10-27,2125,Electronics,1503,0,19539.00,paypal,Houston,TX,46.0
1232,2024-09-25,1113,Toys,459,30,13649.22,credit_card,Chicago,IL,65.0
1233,2024-12-21,1142,Sports,344,35,11887.44,credit_card,New York,NY,73.0
1234,2024-10-01,2553,Electronics,625,0,9375.00,credit_card,Chicago,IL,53.0
1235,2024-08-21,1077,Home,791,17,13259.16,credit_card,Chicago,IL,66.0
1236,2024-05-06,1753,Sports,127,101,12828.49,credit_card,New York,NY,59.0
1237,2024-01-02,1032,Home,245,0,4655.00,credit_card,Houston,TX,38.0
1238,2024-02-15,1606,Fashion,96,154,14817.23,credit_card,San Francisco,CA,56.0
1239,2024-04-18,2190,Electronics,2049,0,36882.00,debit_card,Houston,TX,37.0
1240,2024-01-15,1346,Beauty,58,0,58.00,credit_card,New York,NY,37.0
1241,2024-07-04,1932,Toys,313,40,12504.68,credit_card,San Francisco,CA,80.0
1242,2024-10-11,2992,Beauty,907,12,11109.90,paypal,Miami,FL,75.0
1243,2024-12-18,1140,Electronics,5595,2,12288.64,credit_card,Denver,CO,59.0
1244,2024-06-28,1127,Fashion,459,26,12073.25,debit_card,Seattle,WA,55.0
1245,2024-11-16,1542,Home,698,18,12342.58,credit_card,Phoenix,AZ,61.0
1246,2024-12-26,2654,Toys,138,93,12905.15,debit_card,Seattle,WA,65.0
1247,2024-11-10,1811,Beauty,458,0,2290.00,credit_card,New York,NY,21.0
1248,2024-06-19,2278,Home,502,0,502.00,credit_card,Houston,TX,40.0
1249,2024-04-29,1067,Beauty,653,0,7183.00,paypal,Phoenix,AZ,24.0
1250,2024-12-23,2470,Toys,493,0,6409.00,credit_card,Los Angeles,CA,51.0
1251,2024-03-29,1134,Beauty,138,0,1656.00,credit_card,San Francisco,CA,36.0
1252,2024-05-30,2423,Electronics,2576,0,41216.00,credit_card,Denver,CO,38.0
1253,2024-01-28,1295,Grocery,16,910,14740.11,credit_card,Phoenix,AZ,71.0
1254,2024-10-17,2716,Sports,334,0,5344.00,credit_card,Boston,MA,30.0
1255,2024-08-25,1592,Home,284,40,11405.40,credit_card,Los Angeles,CA,75.0
1256,2024-02-01,1367,Home,585,0,4095.00,credit_card,Denver,CO,44.0
1257,2024-03-22,1673,Grocery,83,0,1245.00,debit_card,Boston,MA,30.0
1258,2024-07-22,1001,Grocery,87,0,522.00,paypal,Boston,MA,27.0
1259,2024-07-16,1330,Electronics,1275,12,14845.64,credit_card,Seattle,WA,62.0
1260,2024-10-20,2197,Sports,622,22,13897.91,paypal,San Francisco,CA,74.0
1261,2024-04-07,1601,Beauty,376,29,10914.60,credit_card,Seattle,WA,73.0
1262,2024-12-04,1707,Toys,344,0,2064.00,credit_card,Denver,CO,28.0
1263,2024-06-11,2614,Home,438,26,11402.20,debit_card,Miami,FL,73.0
1264,2024-10-28,1247,Fashion,590,0,4720.00,debit_card,Phoenix,AZ,32.0
1265,2024-03-28,1791,Fashion,828,0,10764.00,credit_card,Los Angeles,CA,46.0
1266,2024-01-14,1372,Fashion,458,0,3664.00,cash,Denver,CO,18.0
1267,2024-01-21,1965,Grocery,93,0,1488.00,paypal,New York,NY,34.0
1268,2024-05-16,1663,Home,1392,0,22272.00,credit_card,New York,NY,38.0
1269,2024-12-14,1092,Toys,126,115,14546.63,credit_card,New York,NY,78.0
1270,2024-01-18,1140,Grocery,414,0,6624.00,paypal,Chicago,IL,35.0
1271,2024-05-15,2704,Beauty,84,0,1344.00,paypal,Los Angeles,CA,35.0
1272,2024-02-09,1113,Beauty,185,0,3515.00,debit_card,Phoenix,AZ,35.0
1273,2024-12-06,2565,Home,459,0,6885.00,credit_card,Los Angeles,CA,33.0
1274,2024-09-04,2832,Electronics,8437,0,59059.00,debit_card,Phoenix,AZ,52.0
1275,2024-10-06,1931,Beauty,163,0,163.00,credit_card,Phoenix,AZ,30.0
1276,2024-09-18,1624,Beauty,164,0,3280.00,debit_card,Phoenix,AZ,36.0
1277,2024-08-28,2552,Beauty,182,0,1638.00,debit_card,New York,NY,51.0
1278,2024-10-10,2964,Fashion,462,30,14006.72,debit_card,Seattle,WA,65.0
1279,2024-01-03,1240,Sports,470,0,3760.00,credit_card,Los Angeles,CA,24.0
1280,2024-11-12,2928,Electronics,1318,0,21088.00,credit_card,Seattle,WA,39.0
1281,2024-09-27,2887,Fashion,25,2,45874.00,debit_card,New York,NY,53.0
1282,2024-09-27,1285,Sports,639,17,10716.80,credit_card,San Francisco,CA,75.0
1283,2024-05-23,1109,Electronics,1487,9,12922.84,credit_card,Boston,MA,77.0
1284,2024-10-20,2429,Electronics,3364,3,11384.97,credit_card,Houston,TX,72.0
1285,2024-05-19,1155,Electronics,4177,0,62655.00,paypal,Houston,TX,49.0
1286,2024-01-18,2201,Home,473,0,9460.00,credit_card,Houston,TX,24.0
1287,2024-11-28,1129,Grocery,188,70,13148.75,debit_card,Denver,CO,78.0
1288,2024-03-26,2381,Toys,127,86,10867.91,credit_card,Boston,MA,57.0
1289,2024-02-07,1463,Grocery,458,26,11759.56,paypal,Phoenix,AZ,75.0
1290,2024-08-15,1192,Home,348,34,11942.64,credit_card,Miami,FL,76.0
1291,2024-03-26,1133,Toys,118,107,12688.54,credit_card,New York,NY,67.0
1292,2024-11-10,1377,?,84,0,84.00,credit_card,San Francisco,CA,44.0
1293,2024-06-11,2081,Fashion,1317,9,11196.58,credit_card,Seattle,WA,56.0
1294,2024-01-02,1153,Toys,353,39,13638.73,paypal,Houston,TX,61.0
1295,2024-12-14,2604,Toys,1011,14,14046.33,debit_card,Miami,FL,73.0
1296,2024-07-07,2208,Beauty,134,0,1474.00,paypal,New York,NY,32.0
1297,2024-04-06,1594,Grocery,226,0,226.00,debit_card,Phoenix,AZ,52.0
1298,2024-09-04,2973,Toys,469,28,13199.95,paypal,Denver,CO,55.0
1299,2024-07-13,2317,Toys,366,0,6954.00,cash,Boston,MA,31.0
1300,2024-01-11,2343,Grocery,116,0,1160.00,debit_card,New York,NY,43.0
1301,2024-10-05,1347,Toys,518,28,14515.41,credit_card,Seattle,WA,76.0
1302,2024-05-26,2421,Fashion,522,0,2610.00,credit_card,Miami,FL,19.0
1303,2024-09-13,2118,Toys,459,0,4590.00,debit_card,Seattle,WA,49.0
1304,2024-11-23,2969,Sports,1235,11,13952.48,paypal,Houston,TX,56.0
1305,2024-08-11,1955,Home,2196,5,10220.70,debit_card,Miami,FL,75.0
1306,2024-09-02,2356,Sports,383,0,6128.00,credit_card,Phoenix,AZ,35.0
1307,2024-04-03,1682,Toys,457,0,5027.00,debit_card,Denver,CO,42.0
1308,2024-03-27,1080,Grocery,146,0,2044.00,credit_card,San Francisco,CA,23.0
1309,2024-05-31,1255,Toys,234,0,3042.00,credit_card,Denver,CO,39.0
1310,2024-11-08,2734,Home,495,21,10423.61,paypal,Phoenix,AZ,80.0
1311,2024-07-10,2476,Grocery,153,87,13299.84,debit_card,Miami,FL,66.0
1312,2024-05-07,1729,Toys,212,0,2332.00,credit_card,Chicago,IL,44.0
1313,2024-10-12,2395,Fashion,345,39,13609.38,credit_card,Boston,MA,57.0
1314,2024-11-08,1008,Beauty,226,66,14839.52,debit_card,Boston,MA,78.0
1315,2024-11-26,1074,Fashion,1385,0,20775.00,credit_card,Boston,MA,45.0
1316,2024-04-19,2014,Fashion,438,0,438.00,credit_card,New York,NY,36.0
1317,2024-09-16,2249,Beauty,459,22,10016.66,debit_card,Phoenix,AZ,73.0
1318,2024-08-04,2874,Grocery,38,298,11184.80,debit_card,Los Angeles,CA,71.0
1319,2024-06-13,2519,Sports,683,0,6830.00,credit_card,Denver,CO,50.0
1320,2024-05-25,1514,Fashion,173,0,3287.00,credit_card,Seattle,WA,18.0
1321,2024-02-11,2630,Grocery,459,0,8721.00,debit_card,Miami,FL,18.0
1322,2024-04-10,1983,Home,914,0,7312.00,credit_card,Phoenix,AZ,25.0
1323,2024-07-20,2652,Beauty,422,0,1266.00,credit_card,Chicago,IL,
1324,2024-11-20,1347,Toys,228,0,2508.00,credit_card,Miami,FL,29.0
1325,2024-11-13,1052,Beauty,459,0,9180.00,credit_card,Miami,FL,
1326,2024-03-09,1115,Fashion,497,28,14158.75,paypal,Houston,TX,60.0
1327,2024-09-05,2981,Beauty,396,0,7920.00,credit_card,Miami,FL,48.0
1328,2024-02-01,1161,Electronics,2378,0,42804.00,cash,Houston,TX,51.0
1329,2024-09-04,2878,Beauty,458,0,4580.00,credit_card,Miami,FL,30.0
1330,2024-05-05,2454,Electronics,1209,0,9672.00,debit_card,Houston,TX,31.0
1331,2024-06-13,1292,Toys,462,0,6468.00,credit_card,Boston,MA,33.0
1332,2024-09-19,2728,Home,396,37,14457.67,paypal,San Francisco,CA,58.0
1333,2024-06-04,1288,Grocery,458,27,12322.16,paypal,Phoenix,AZ,79.0
1334,2024-10-22,1286,Beauty,445,28,12418.78,credit_card,New York,NY,75.0
1335,2024-07-14,2151,Electronics,1564,0,29716.00,credit_card,Miami,FL,25.0
1336,2024-12-31,1576,Grocery,327,44,14268.10,paypal,Denver,CO,60.0
1337,2024-08-21,1581,Home,1354,0,13540.00,paypal,Boston,MA,
1338,2024-04-18,1390,Sports,555,0,1665.00,cash,Houston,TX,20.0
1339,2024-10-10,2215,Electronics,1259,10,12299.84,credit_card,Seattle,WA,58.0
1340,2024-05-29,1053,Electronics,150,3,389.74,credit_card,Houston,TX,46.0
1341,2024-07-14,1490,Home,423,0,4653.00,credit_card,Boston,MA,30.0
1342,2024-02-20,2106,Sports,207,67,13937.14,debit_card,Boston,MA,67.0
1343,2024-02-13,1973,Sports,729,20,14743.65,credit_card,Miami,FL,76.0
1344,2024-07-29,2399,Beauty,276,41,11309.23,credit_card,Houston,TX,55.0
1345,2024-03-09,1432,Home,959,0,16303.00,debit_card,Chicago,IL,30.0
1346,2024-12-31,2295,Beauty,747,0,7470.00,credit_card,Miami,FL,45.0
1347,2024-11-09,2519,Electronics,1435,0,11480.00,debit_card,Houston,TX,50.0
1348,2024-09-13,1776,Fashion,2650,4,11372.00,credit_card,Denver,CO,74.0
1349,2024-09-25,1513,Home,662,22,14693.10,paypal,New York,NY,67.0
1350,2024-08-05,2110,Electronics,514,24,12121.50,credit_card,San Francisco,CA,60.0
1351,2024-01-23,2157,Toys,195,52,10078.64,debit_card,Boston,MA,66.0
1352,2024-05-23,1188,Grocery,73,173,12512.45,credit_card,Seattle,WA,61.0
1353,2024-06-30,2130,Toys,494,0,8398.00,credit_card,Denver,CO,38.0
1354,2024-11-30,1308,Beauty,115,0,805.00,credit_card,Boston,MA,26.0
1355,2024-03-21,2137,Toys,458,29,13083.80,paypal,New York,NY,70.0
1356,2024-06-30,2863,Electronics,1289,0,1289.00,credit_card,Houston,TX,52.0
1357,2024-05-05,2074,Fashion,299,38,11223.69,credit_card,San Francisco,CA,78.0
1358,2024-02-19,2523,Beauty,468,29,13637.50,debit_card,Boston,MA,60.0
1359,2024-02-07,1619,Electronics,2448,0,34272.00,credit_card,Chicago,IL,47.0
1360,2024-05-13,2845,?,3727,3,11164.71,credit_card,Chicago,IL,58.0
1361,2024-01-31,2625,Beauty,187,57,10598.25,credit_card,Denver,CO,59.0
1362,2024-01-25,2833,Electronics,3836,3,11246.83,credit_card,New York,NY,79.0
1363,2024-05-08,2483,Grocery,33,0,66.00,credit_card,Denver,CO,40.0
1364,2024-03-14,2298,?,458,0,2748.00,credit_card,Seattle,WA,41.0
1365,2024-07-22,2050,Toys,116,0,1508.00,credit_card,San Francisco,CA,40.0
1366,2024-01-07,2856,Sports,615,0,4920.00,credit_card,Los Angeles,CA,24.0
1367,2024-04-20,2696,Electronics,3835,0,23010.00,debit_card,Houston,TX,47.0
1368,2024-06-14,1833,Fashion,264,0,528.00,debit_card,Boston,MA,46.0
1369,2024-12-18,1171,Beauty,167,0,3006.00,credit_card,Chicago,IL,30.0
1370,2024-08-20,1007,Grocery,82,154,12669.55,credit_card,Chicago,IL,69.0
1371,2024-11-18,1466,Sports,966,0,19320.00,debit_card,Miami,FL,
1372,2024-05-05,1125,Beauty,167,0,835.00,credit_card,New York,NY,33.0
1373,2024-06-13,1423,Beauty,159,0,2862.00,paypal,Denver,CO,28.0
1374,2024-06-02,1218,Electronics,500,29,14278.94,credit_card,Miami,FL,56.0
1375,2024-11-20,2962,Toys,193,0,193.00,credit_card,Boston,MA,18.0
1376,2024-12-17,1190,Toys,783,0,5481.00,credit_card,Seattle,WA,27.0
1377,2024-12-18,2253,Sports,657,0,8541.00,debit_card,Miami,FL,45.0
1378,2024-10-02,1703,Beauty,135,94,12646.66,credit_card,Denver,CO,80.0
1379,2024-07-03,1348,Grocery,263,0,1315.00,credit_card,New York,NY,22.0
1380,2024-07-16,2402,Sports,382,0,6112.00,credit_card,Los Angeles,CA,51.0
1381,2024-12-24,2941,Fashion,1331,0,21296.00,debit_card,Miami,FL,53.0
1382,2024-04-14,2581,Grocery,457,0,1371.00,credit_card,Chicago,IL,33.0
1383,2024-05-06,2950,Grocery,102,0,714.00,debit_card,Los Angeles,CA,50.0
1384,2024-11-24,2180,Toys,92,155,14244.93,credit_card,New York,NY,57.0
1385,2026-05-09,2347,Toys,1907,0,36233.00,credit_card,New York,NY,26.0
1386,2024-03-27,1292,Electronics,1998,5,10320.93,credit_card,Phoenix,AZ,78.0
1387,2024-07-24,2704,Fashion,330,0,990.00,cash,Miami,FL,33.0
1388,2024-04-29,2495,Home,1181,0,2362.00,credit_card,Chicago,IL,41.0
1389,2024-11-22,1508,Sports,1071,0,4284.00,credit_card,Denver,CO,19.0
1390,2024-11-28,1709,Beauty,697,17,11862.93,paypal,Boston,MA,55.0
1391,2024-04-21,2221,Home,324,38,12175.89,credit_card,Miami,FL,55.0
1392,2024-07-12,1025,Grocery,126,0,1638.00,credit_card,New York,NY,25.0
1393,2024-12-26,2635,Electronics,568,0,6816.00,credit_card,Seattle,WA,36.0
1394,2024-09-28,1561,Electronics,2498,6,14008.63,debit_card,Denver,CO,66.0
1395,2024-03-19,1149,Grocery,96,136,13053.23,credit_card,Los Angeles,CA,62.0
1396,2024-08-04,1661,Electronics,1835,0,18350.00,paypal,Seattle,WA,37.0
1397,2024-08-14,2671,Beauty,217,64,13925.18,paypal,Seattle,WA,57.0
1398,2024-08-27,1548,Beauty,200,59,11692.78,credit_card,Miami,FL,65.0
1399,2024-01-10,2078,Fashion,213,0,3621.00,credit_card,Denver,CO,41.0
1400,2024-04-19,2623,Electronics,2758,0,44128.00,paypal,Chicago,IL,29.0
1401,2024-11-08,1067,Fashion,1408,0,2816.00,paypal,New York,NY,19.0
1402,2024-03-29,2519,Electronics,939,0,3756.00,paypal,New York,NY,-999.0
1403,2024-04-19,1577,Toys,476,0,8568.00,credit_card,Los Angeles,CA,38.0
1404,2024-04-28,2391,Grocery,138,106,14670.16,debit_card,Houston,TX,68.0
1405,2024-03-05,1376,Grocery,98,0,1176.00,debit_card,San Francisco,CA,38.0
1406,2024-02-26,1278,Beauty,457,31,14068.28,paypal,Seattle,WA,62.0
1407,2024-05-07,2576,Beauty,86,0,1032.00,credit_card,Boston,MA,38.0
1408,2024-11-15,2615,Grocery,52,279,14577.43,paypal,Seattle,WA,56.0
1409,2024-01-01,2962,Beauty,44,257,11313.98,debit_card,Denver,CO,78.0
1410,2024-04-13,2354,Toys,942,11,10032.85,paypal,Houston,TX,65.0
1411,2024-01-23,1931,Grocery,460,0,6440.00,debit_card,Miami,FL,28.0
1412,2024-07-24,1389,Fashion,417,0,2919.00,paypal,Los Angeles,CA,50.0
1413,2024-04-01,1590,Fashion,74,0,962.00,credit_card,Los Angeles,CA,35.0
1414,2024-10-16,2296,Grocery,23,0,115.00,credit_card,Denver,CO,31.0
1415,2024-08-02,1692,Fashion,427,31,13077.41,credit_card,New York,NY,70.0
1416,2024-10-13,1967,Fashion,2068,6,12462.89,paypal,Los Angeles,CA,79.0
1417,2024-08-20,1336,Home,314,44,13894.77,credit_card,Houston,TX,76.0
1418,2024-06-09,1878,Home,1097,10,10487.47,debit_card,Chicago,IL,70.0
1419,2024-11-11,1475,Toys,459,0,5967.00,cash,Boston,MA,47.0
1420,2024-06-23,1224,Grocery,102,0,918.00,paypal,Houston,TX,51.0
1421,2024-12-13,1263,Electronics,3873,0,77460.00,debit_card,Phoenix,AZ,52.0
1422,2024-12-30,2036,Toys,232,56,12977.23,paypal,Houston,TX,64.0
1423,2024-08-03,1732,Beauty,458,0,6412.00,credit_card,San Francisco,CA,21.0
1424,2024-09-03,1199,Grocery,304,36,10994.49,credit_card,Phoenix,AZ,70.0
1425,2024-04-03,2028,Beauty,253,50,12572.99,credit_card,Boston,MA,68.0
1426,2024-10-25,1328,Home,1316,8,10791.61,paypal,Miami,FL,80.0
1427,2024-09-02,1030,Sports,353,41,14561.71,credit_card,Denver,CO,55.0
1428,2024-11-26,1265,Grocery,460,0,6440.00,credit_card,Miami,FL,
1429,2024-04-07,1897,Grocery,122,0,1708.00,debit_card,Denver,CO,48.0
1430,2024-10-15,2908,Toys,432,25,10916.39,credit_card,Miami,FL,57.0
1431,2024-06-21,1483,Grocery,109,0,1744.00,paypal,New York,NY,37.0
1432,2024-03-08,1569,Toys,204,63,12875.38,credit_card,Chicago,IL,66.0
1433,2024-03-03,1485,Electronics,1464,0,11712.00,paypal,Boston,MA,45.0
1434,2024-07-24,1710,Grocery,69,0,966.00,credit_card,New York,NY,35.0
1435,2024-04-26,2434,Home,1184,8,10028.50,paypal,Chicago,IL,64.0
1436,2024-02-07,1644,Fashion,363,0,363.00,debit_card,Boston,MA,39.0
1437,2024-06-05,2315,Home,458,0,5038.00,credit_card,Houston,TX,23.0
1438,2024-08-26,2796,Beauty,64,0,448.00,credit_card,Los Angeles,CA,50.0
1439,2024-04-26,2892,Electronics,368,0,6992.00,paypal,Chicago,IL,49.0
1440,2024-12-15,2125,Toys,506,0,6072.00,credit_card,Houston,TX,36.0
1441,2024-10-12,2426,Grocery,39,0,312.00,debit_card,San Francisco,CA,20.0
1442,2024-07-06,2838,Beauty,316,0,2844.00,credit_card,Phoenix,AZ,47.0
1443,2024-12-08,2573,Fashion,477,23,10782.19,paypal,Denver,CO,66.0
1444,2024-06-07,1599,Grocery,93,135,12496.67,credit_card,Boston,MA,68.0
1445,2024-02-21,1264,Fashion,607,0,7284.00,debit_card,Los Angeles,CA,31.0
1446,2024-01-14,1229,Toys,347,0,6940.00,debit_card,Chicago,IL,45.0
1447,2024-12-09,2764,Sports,70,146,10204.81,credit_card,Denver,CO,74.0
1448,2024-12-17,2112,Electronics,1131,0,13572.00,credit_card,Denver,CO,39.0
1449,2024-09-27,1592,Electronics,2059,0,26767.00,paypal,Chicago,IL,47.0
1450,2024-02-07,1691,Home,2042,6,12713.91,debit_card,Houston,TX,60.0
1451,2024-04-17,1563,Grocery,377,0,5655.00,cash,,,46.0
1452,2024-01-16,2603,Grocery,33,333,10921.67,paypal,Denver,CO,71.0
1453,2024-01-19,2224,Fashion,323,0,4199.00,debit_card,Denver,CO,40.0
1454,2024-03-31,2758,Grocery,28,0,420.00,debit_card,Los Angeles,CA,49.0
1455,2024-07-28,1603,Electronics,4944,0,24720.00,paypal,San Francisco,CA,50.0
1456,2024-01-24,1945,Grocery,220,62,13632.70,credit_card,Boston,MA,64.0
1457,2024-12-26,1243,Home,728,0,2184.00,credit_card,Phoenix,AZ,39.0
1458,2024-06-15,2942,Electronics,1674,0,26784.00,paypal,Houston,TX,35.0
1459,2024-04-06,2023,Beauty,737,0,8844.00,paypal,San Francisco,CA,40.0
1460,2024-07-07,2106,Fashion,1127,0,2254.00,credit_card,San Francisco,CA,32.0
1461,2024-10-16,1827,Fashion,1080,0,16200.00,credit_card,Denver,CO,30.0
1462,2024-04-24,1541,Beauty,352,41,14341.46,debit_card,Phoenix,AZ,69.0
1463,2024-01-18,2896,Fashion,323,0,2584.00,paypal,Los Angeles,CA,39.0
1464,2024-01-19,1977,Beauty,451,0,5863.00,credit_card,San Francisco,CA,35.0
1465,2024-11-07,2349,Home,1056,13,13792.73,paypal,Houston,TX,69.0
1466,2024-02-10,1074,Electronics,1258,8,10316.95,credit_card,Boston,MA,67.0
1467,2024-08-20,1551,Fashion,323,0,2261.00,credit_card,Seattle,WA,33.0
1468,2024-05-20,2608,Toys,756,0,7560.00,debit_card,Seattle,WA,37.0
1469,2024-10-11,1175,Home,2089,6,12481.73,credit_card,Los Angeles,CA,69.0
1470,2024-01-23,1202,Home,302,0,1510.00,paypal,Los Angeles,CA,35.0
1471,2024-11-24,2619,Beauty,198,53,10555.88,credit_card,Miami,FL,72.0
1472,2024-09-12,1617,Sports,809,15,12045.29,paypal,Los Angeles,CA,56.0
1473,2024-06-13,1547,Sports,901,0,4505.00,credit_card,Miami,FL,
1474,2024-03-16,2130,?,362,0,3620.00,paypal,Denver,CO,51.0
1475,2024-12-23,1389,Electronics,6614,0,66140.00,paypal,New York,NY,19.0
1476,2024-04-20,1085,Electronics,2054,7,14197.74,credit_card,Denver,CO,69.0
1477,2024-06-28,1008,Toys,467,0,3736.00,cash,Chicago,IL,53.0
1478,2024-05-24,1158,Electronics,5986,0,119720.00,credit_card,Chicago,IL,28.0
1479,2024-03-25,1317,Home,384,27,10205.80,credit_card,San Francisco,CA,70.0
1480,2024-06-01,2392,Grocery,457,0,914.00,paypal,Los Angeles,CA,36.0
1481,2024-02-25,1595,Fashion,157,0,1256.00,paypal,Miami,FL,41.0
1482,2024-01-01,1143,Beauty,213,53,11258.26,debit_card,Chicago,IL,58.0
1483,2024-04-16,1028,Fashion,130,0,1170.00,cash,New York,NY,35.0
1484,2024-02-11,1954,Grocery,178,0,3204.00,credit_card,Los Angeles,CA,18.0
1485,2024-05-31,2680,Beauty,342,0,6156.00,credit_card,Seattle,WA,38.0
1486,2024-11-11,1677,Sports,489,29,14132.85,credit_card,Los Angeles,CA,61.0
1487,2024-02-29,1127,Toys,282,0,3666.00,credit_card,Los Angeles,CA,44.0
1488,2024-01-01,1456,Fashion,786,15,12029.64,debit_card,San Francisco,CA,62.0
1489,2024-02-10,1998,Grocery,39,0,468.00,credit_card,Chicago,IL,22.0
1490,2024-07-04,1377,Fashion,503,0,5030.00,debit_card,New York,NY,34.0
1491,2024-04-10,2956,Beauty,428,1,513.00,credit_card,,,32.0
1492,2024-06-28,2526,Toys,73,0,438.00,credit_card,San Francisco,CA,22.0
1493,2024-01-11,1689,Toys,528,21,11176.78,paypal,Phoenix,AZ,58.0
1494,2024-05-01,2903,Fashion,457,0,1371.00,credit_card,Denver,CO,31.0
1495,2024-05-30,1650,Beauty,222,0,3108.00,debit_card,San Francisco,CA,
1496,2024-06-06,1280,Beauty,96,153,14747.50,paypal,Los Angeles,CA,80.0
1497,2024-07-20,2876,Beauty,768,0,3840.00,debit_card,Boston,MA,33.0
1498,2024-10-12,2919,Beauty,97,0,1649.00,paypal,Phoenix,AZ,30.0
1499,2024-06-20,1625,Home,147,73,10778.65,paypal,Seattle,WA,76.0
1500,2024-11-03,2189,Grocery,109,0,109.00,credit_card,Seattle,WA,40.0
1501,2024-07-12,1346,Beauty,176,0,1584.00,debit_card,Boston,MA,36.0
1502,2024-04-05,2283,Home,165,85,13943.40,credit_card,Los Angeles,CA,63.0
1503,2024-03-24,2380,Grocery,149,0,1788.00,credit_card,New York,NY,26.0
1504,2024-04-28,2419,Sports,124,0,2480.00,debit_card,Boston,MA,41.0
1505,2024-08-06,2137,Fashion,187,0,3179.00,debit_card,Denver,CO,30.0
1506,2024-03-29,2408,Home,347,31,10890.39,paypal,Seattle,WA,74.0
1507,2024-11-30,2110,Fashion,812,0,11368.00,debit_card,Chicago,IL,36.0
1508,2024-06-24,2639,Electronics,4132,0,16528.00,paypal,Chicago,IL,53.0
1509,2024-11-11,1359,Toys,738,0,8118.00,debit_card,Seattle,WA,50.0
1510,2024-09-07,1966,Toys,457,0,5941.00,credit_card,San Francisco,CA,49.0
1511,2024-05-02,1832,Toys,44,0,352.00,credit_card,Miami,FL,22.0
1512,2024-03-24,2066,Sports,835,0,5845.00,credit_card,Houston,TX,34.0
1513,2024-09-29,1284,Fashion,1386,11,14815.26,debit_card,Miami,FL,71.0
1514,2024-05-01,1647,?,656,0,8528.00,credit_card,Chicago,IL,52.0
1515,2024-03-31,2908,Grocery,142,98,13930.36,credit_card,Phoenix,AZ,73.0
1516,2024-12-06,1210,Electronics,566,0,10188.00,credit_card,Denver,CO,53.0
1517,2024-06-25,2270,Fashion,459,0,7344.00,debit_card,Miami,FL,38.0
1518,2024-01-18,2329,Grocery,459,0,3672.00,credit_card,Chicago,IL,39.0
1519,2024-06-30,1949,Grocery,32,361,11382.14,credit_card,Los Angeles,CA,66.0
1520,2024-06-17,1067,Grocery,459,0,7344.00,credit_card,New York,NY,32.0
1521,2024-11-12,1068,Home,1168,13,14918.70,credit_card,Phoenix,AZ,55.0
1522,2024-09-17,1551,Sports,433,24,10572.30,credit_card,Los Angeles,CA,76.0
1523,2024-03-11,1205,Electronics,570,25,14297.98,paypal,Denver,CO,71.0
1524,2024-02-25,1188,Grocery,332,0,1992.00,credit_card,Houston,TX,42.0
1525,2024-08-08,1320,Sports,883,0,14128.00,credit_card,New York,NY,35.0
1526,2024-01-18,1381,Home,405,33,13497.15,debit_card,Phoenix,AZ,57.0
1527,2024-04-26,2676,Electronics,586,19,10869.42,debit_card,Boston,MA,56.0
1528,2024-02-20,2277,Beauty,1257,10,12731.86,credit_card,Miami,FL,63.0
1529,2024-01-08,1060,Beauty,240,0,4320.00,credit_card,Denver,CO,22.0
1530,2024-12-02,2256,Grocery,299,0,3588.00,paypal,Houston,TX,52.0
1531,2024-02-02,1273,Grocery,200,0,2200.00,paypal,Seattle,WA,18.0
1532,2024-01-04,1842,Beauty,457,22,10059.62,credit_card,Seattle,WA,80.0
1533,2024-12-07,1076,Beauty,162,79,12865.64,debit_card,New York,NY,73.0
1534,2024-03-09,1180,Beauty,777,17,12911.20,credit_card,New York,NY,64.0
1535,2024-10-25,1265,Grocery,315,0,1575.00,credit_card,Boston,MA,36.0
1536,2024-01-12,1866,Sports,136,88,12042.63,credit_card,Houston,TX,65.0
1537,2024-02-26,1926,Beauty,379,0,4548.00,debit_card,Miami,FL,46.0
1538,2024-02-10,1705,Beauty,222,64,14122.80,credit_card,Denver,CO,58.0
1539,2024-09-15,2240,Electronics,641,0,10256.00,credit_card,Los Angeles,CA,32.0
1540,2024-08-14,2440,Toys,377,0,754.00,credit_card,Boston,MA,
1541,2024-06-23,2457,Fashion,145,101,14653.74,credit_card,Los Angeles,CA,73.0
1542,2024-03-29,2158,Electronics,1009,0,2018.00,credit_card,Boston,MA,29.0
1543,2024-02-02,2091,Home,292,0,2920.00,credit_card,Chicago,IL,42.0
1544,2024-07-27,1983,Electronics,983,0,9830.00,debit_card,Houston,TX,36.0
1545,2024-03-25,1475,Grocery,92,0,1748.00,credit_card,Phoenix,AZ,29.0
1546,2024-08-04,1973,Beauty,108,0,1188.00,credit_card,Phoenix,AZ,43.0
1547,2024-09-08,1020,Electronics,5160,2,12668.81,paypal,New York,NY,56.0
1548,2024-11-06,2932,Toys,453,0,8607.00,credit_card,,,21.0
1549,2024-06-29,1740,Toys,1283,0,20528.00,credit_card,New York,NY,30.0
1550,2024-01-02,2512,Sports,537,25,13369.77,paypal,San Francisco,CA,69.0
1551,2024-04-12,2913,Toys,197,0,1576.00,debit_card,Los Angeles,CA,34.0
1552,2024-11-08,1993,Grocery,399,0,5985.00,credit_card,Boston,MA,39.0
1553,2024-07-14,2723,Sports,385,28,10729.28,credit_card,Boston,MA,60.0
1554,2024-08-14,1958,Toys,265,57,14990.49,credit_card,Phoenix,AZ,65.0
1555,2024-06-16,1264,Sports,1086,13,14289.58,credit_card,Seattle,WA,78.0
1556,2024-02-29,1052,Fashion,159,0,3021.00,paypal,New York,NY,28.0
1557,2024-11-24,1271,Grocery,173,85,14745.14,debit_card,Denver,CO,65.0
1558,2024-10-09,2885,Fashion,682,20,13890.32,credit_card,Chicago,IL,63.0
1559,2024-12-30,1950,Beauty,674,0,10110.00,credit_card,Miami,FL,25.0
1560,2024-11-09,1638,Toys,622,19,11614.57,credit_card,New York,NY,73.0
1561,2024-04-16,1892,Toys,864,0,6912.00,credit_card,Boston,MA,37.0
1562,2024-04-03,1511,Beauty,224,0,1344.00,credit_card,Houston,TX,44.0
1563,2024-03-31,2741,Beauty,123,91,11108.41,credit_card,Phoenix,AZ,68.0
1564,2024-12-02,2998,Sports,3303,0,42939.00,paypal,New York,NY,51.0
1565,2024-07-22,1169,Toys,90,0,1440.00,debit_card,Los Angeles,CA,35.0
1566,2024-06-15,2437,Sports,195,0,195.00,paypal,Phoenix,AZ,38.0
1567,2024-12-20,1671,Fashion,672,19,12555.24,paypal,Boston,MA,64.0
1568,2024-08-08,1094,Beauty,896,0,5376.00,paypal,Seattle,WA,29.0
1569,2024-11-28,2844,Grocery,114,0,228.00,cash,Los Angeles,CA,47.0
1570,2024-12-26,1123,Toys,679,15,10413.00,credit_card,Seattle,WA,65.0
1571,2024-01-30,1411,Beauty,50,258,12759.90,credit_card,Los Angeles,CA,73.0
1572,2024-05-12,1051,Beauty,164,72,11849.60,credit_card,Seattle,WA,70.0
1573,2024-09-25,1942,Fashion,96,0,192.00,debit_card,Seattle,WA,40.0
1574,2024-10-24,2199,Electronics,2736,0,38304.00,debit_card,Los Angeles,CA,30.0
1575,2024-02-24,1641,Fashion,458,30,13639.67,credit_card,Los Angeles,CA,76.0
1576,2024-04-26,1143,Beauty,88,149,13128.46,paypal,Seattle,WA,55.0
1577,2024-07-19,1232,Beauty,369,0,369.00,paypal,Seattle,WA,43.0
1578,2024-10-19,2866,Sports,1428,8,11232.60,debit_card,Denver,CO,74.0
1579,2024-02-11,2611,Beauty,215,64,13667.21,credit_card,Phoenix,AZ,63.0
1580,2024-08-07,2873,Electronics,2313,0,13878.00,credit_card,Phoenix,AZ,48.0
1581,2024-04-18,2061,Toys,470,0,1410.00,credit_card,Phoenix,AZ,30.0
1582,2024-03-20,2092,Toys,459,0,2754.00,credit_card,San Francisco,CA,23.0
1583,2024-07-07,2571,Sports,254,0,4826.00,debit_card,Houston,TX,51.0
1584,2024-05-31,2233,Beauty,384,0,6528.00,credit_card,Houston,TX,25.0
1585,2024-08-20,1872,Sports,997,0,1994.00,credit_card,Houston,TX,37.0
1586,2024-04-26,1583,Sports,1249,9,11555.56,credit_card,Miami,FL,60.0
1587,2024-10-28,1971,Toys,392,0,4312.00,debit_card,Miami,FL,18.0
1588,2024-01-29,1127,Beauty,96,117,11242.96,credit_card,Phoenix,AZ,80.0
1589,2024-11-11,1384,Home,955,0,17190.00,cash,Los Angeles,CA,45.0
1590,2024-01-11,2474,Fashion,427,28,12092.77,credit_card,Miami,FL,72.0
1591,2024-09-26,2736,Fashion,458,0,1832.00,paypal,Los Angeles,CA,28.0
1592,2024-05-06,1203,Home,434,0,4340.00,credit_card,San Francisco,CA,47.0
1593,2024-05-20,1193,Fashion,246,44,10789.27,credit_card,Miami,FL,78.0
1594,2024-01-07,1171,Fashion,874,13,11625.80,cash,Phoenix,AZ,57.0
1595,2024-09-13,2583,Fashion,138,82,11299.24,debit_card,Los Angeles,CA,68.0
1596,2024-03-01,1622,Fashion,193,52,10108.65,debit_card,Boston,MA,61.0
1597,2024-08-29,1653,Sports,470,25,11504.38,debit_card,Miami,FL,64.0
1598,2024-09-22,1024,Toys,1114,0,3342.00,credit_card,San Francisco,CA,40.0
1599,2024-11-05,2945,Fashion,994,0,2982.00,paypal,Boston,MA,46.0
1600,2024-09-16,1868,Beauty,66,0,792.00,credit_card,Boston,MA,21.0
1601,2024-04-20,2594,Sports,1803,0,25242.00,paypal,New York,NY,34.0
1602,2024-09-27,2415,Beauty,719,0,11504.00,paypal,New York,NY,22.0
1603,2024-10-29,1283,Electronics,573,0,2865.00,paypal,Miami,FL,38.0
1604,2024-04-26,2602,Home,73,169,12334.17,debit_card,New York,NY,63.0
1605,2024-02-15,2100,Sports,576,0,10944.00,debit_card,San Francisco,CA,30.0
1606,2024-11-21,2208,Fashion,1049,0,13637.00,credit_card,San Francisco,CA,48.0
1607,2024-02-24,1400,Sports,2181,0,37077.00,credit_card,Seattle,WA,52.0
1608,2024-08-05,2693,Home,274,0,4932.00,paypal,Boston,MA,28.0
1609,2024-03-27,2863,Sports,2484,6,14148.69,debit_card,Phoenix,AZ,69.0
1610,2024-02-16,1813,Toys,51,212,10902.38,credit_card,Denver,CO,66.0
1611,2024-10-11,1184,Beauty,457,0,5941.00,paypal,New York,NY,29.0
1612,2024-02-22,2697,Home,394,0,5910.00,credit_card,Los Angeles,CA,20.0
1613,2024-09-02,2774,Fashion,1075,0,12900.00,paypal,Miami,FL,18.0
1614,2024-09-10,2012,Sports,1726,0,1726.00,paypal,Boston,MA,36.0
1615,2024-01-23,2158,Sports,1313,0,10504.00,credit_card,Los Angeles,CA,25.0
1616,2024-03-04,1446,Beauty,83,0,581.00,credit_card,San Francisco,CA,19.0
1617,2024-10-17,1134,Fashion,852,0,3408.00,debit_card,Phoenix,AZ,47.0
1618,2024-07-04,2888,Toys,459,0,8721.00,credit_card,San Francisco,CA,51.0
1619,2024-02-14,1965,Grocery,26,0,286.00,cash,Los Angeles,CA,19.0
1620,2024-12-28,1549,Fashion,82,142,11636.95,credit_card,Miami,FL,55.0
1621,2024-04-06,2386,Beauty,564,0,4512.00,credit_card,Los Angeles,CA,43.0
1622,2024-01-02,1052,Fashion,371,0,6307.00,credit_card,Chicago,IL,30.0
1623,2024-12-04,1159,Fashion,153,0,2907.00,paypal,Boston,MA,25.0
1624,2024-01-07,1485,Toys,259,39,10146.87,debit_card,Miami,FL,65.0
1625,2024-07-21,1901,Toys,409,0,3681.00,paypal,Los Angeles,CA,24.0
1626,2024-12-29,1733,Sports,572,0,1144.00,cash,Miami,FL,30.0
1627,2024-07-30,1374,Home,159,65,10375.54,debit_card,Denver,CO,62.0
1628,2024-08-01,1702,Electronics,6624,2,11780.57,credit_card,Houston,TX,57.0
1629,2024-05-22,1667,Grocery,218,57,12499.64,credit_card,Seattle,WA,80.0
1630,2024-02-16,2049,Grocery,75,0,825.00,paypal,Los Angeles,CA,20.0
1631,2024-07-28,2125,Grocery,77,0,924.00,credit_card,Seattle,WA,30.0
1632,2024-11-24,2766,Sports,814,17,13741.31,paypal,San Francisco,CA,59.0
1633,2024-02-03,2613,Grocery,40,0,40.00,paypal,Miami,FL,32.0
1634,2024-11-18,1584,Sports,796,0,4776.00,debit_card,Chicago,IL,42.0
1635,2024-05-31,2805,Electronics,506,0,7084.00,debit_card,Boston,MA,36.0
1636,2024-07-15,2041,Home,520,27,13815.90,paypal,Phoenix,AZ,68.0
1637,2024-03-01,1375,Home,216,68,14569.89,paypal,New York,NY,67.0
1638,2024-08-15,1680,Fashion,175,83,14538.98,debit_card,Miami,FL,68.0
1639,2024-03-07,2483,Grocery,365,0,1460.00,credit_card,Los Angeles,CA,49.0
1640,2024-04-09,2643,Fashion,448,0,5376.00,credit_card,Denver,CO,48.0
1641,2024-09-21,1748,Toys,365,0,5475.00,credit_card,Denver,CO,53.0
1642,2024-01-19,1315,Home,110,0,440.00,paypal,Miami,FL,22.0
1643,2024-06-12,1383,Toys,189,0,567.00,debit_card,Miami,FL,52.0
1644,2024-08-05,1207,Sports,883,0,15894.00,paypal,Houston,TX,35.0
1645,2024-02-18,2397,Home,642,16,10507.50,credit_card,New York,NY,77.0
1646,2024-04-17,2005,Sports,459,0,5049.00,paypal,New York,NY,29.0
1647,2024-05-05,1902,Electronics,1730,0,6920.00,credit_card,Phoenix,AZ,20.0
1648,2024-08-30,2343,Grocery,457,23,10560.26,debit_card,Houston,TX,78.0
1649,2024-12-23,2657,Toys,853,0,13648.00,credit_card,Denver,CO,27.0
1650,2024-11-02,2591,Grocery,58,0,290.00,paypal,Los Angeles,CA,50.0
1651,2024-03-10,1274,Grocery,16,0,112.00,debit_card,Los Angeles,CA,42.0
1652,2024-01-07,2179,Home,248,0,3968.00,credit_card,San Francisco,CA,34.0
1653,2024-01-19,2765,Toys,459,0,4590.00,credit_card,San Francisco,CA,48.0
1654,2024-08-06,2547,Electronics,2642,5,12483.96,credit_card,Houston,TX,64.0
1655,2024-02-27,1658,Grocery,460,0,1380.00,credit_card,New York,NY,25.0
1656,2024-03-25,1785,Beauty,459,28,12947.37,credit_card,New York,NY,59.0
1657,2024-11-06,2780,Toys,955,14,12989.45,credit_card,Seattle,WA,74.0
1658,2024-11-15,1065,Grocery,98,0,1078.00,credit_card,San Francisco,CA,36.0
1659,2024-11-03,2050,Beauty,504,25,12431.38,credit_card,Houston,TX,60.0
1660,2024-04-02,1232,Grocery,26,567,14906.00,debit_card,New York,NY,75.0
1661,2024-08-14,2789,Electronics,407,31,12544.78,credit_card,Houston,TX,76.0
1662,2024-08-11,1077,Electronics,4628,3,14676.55,credit_card,New York,NY,58.0
1663,2024-03-08,1046,Grocery,458,33,14940.96,paypal,Phoenix,AZ,77.0
1664,2024-07-21,1657,Home,597,20,12220.11,credit_card,Phoenix,AZ,66.0
1665,2024-07-11,1400,Fashion,175,0,2275.00,debit_card,Boston,MA,50.0
1666,2024-05-24,1990,Electronics,1589,0,22246.00,paypal,,,25.0
1667,2024-10-02,1599,Toys,122,87,10668.82,paypal,Phoenix,AZ,71.0
1668,2024-09-05,1712,Beauty,631,0,631.00,credit_card,Chicago,IL,36.0
1669,2024-07-13,2129,Beauty,2166,5,11629.59,credit_card,Phoenix,AZ,64.0
1670,2024-09-22,2121,Toys,450,26,11792.70,paypal,Denver,CO,58.0
1671,2024-10-06,2869,Toys,184,0,736.00,paypal,Boston,MA,40.0
1672,2024-07-26,1961,Sports,458,32,14441.64,credit_card,San Francisco,CA,66.0
1673,2024-04-07,2128,Sports,159,93,14808.49,debit_card,New York,NY,59.0
1674,2024-10-04,2355,Sports,2119,5,10848.27,paypal,Boston,MA,64.0
1675,2024-09-19,1348,Grocery,43,235,10100.37,paypal,San Francisco,CA,78.0
1676,2024-12-25,2333,Home,409,0,8180.00,credit_card,Miami,FL,35.0
1677,2024-02-24,2723,Sports,1032,14,14153.32,credit_card,Boston,MA,66.0
1678,2024-06-02,1636,Toys,1000,0,19000.00,credit_card,New York,NY,20.0
1679,2024-12-04,1356,Sports,526,0,9468.00,credit_card,Boston,MA,
1680,2024-07-07,1692,Electronics,1063,0,3189.00,debit_card,San Francisco,CA,27.0
1681,2024-12-10,1550,Fashion,453,0,3171.00,credit_card,Los Angeles,CA,31.0
1682,2024-01-05,2170,Toys,185,0,2405.00,credit_card,Phoenix,AZ,30.0
1683,2024-01-13,2727,Toys,193,66,12793.23,credit_card,Phoenix,AZ,70.0
1684,2024-10-18,2192,Beauty,340,0,1020.00,paypal,New York,NY,41.0
1685,2024-05-11,1251,Grocery,113,0,1582.00,paypal,Chicago,IL,42.0
1686,2024-07-09,1629,Toys,1683,0,33660.00,paypal,Houston,TX,40.0
1687,2024-06-05,2378,Toys,434,32,13755.86,paypal,Chicago,IL,57.0
1688,2024-05-29,1660,Fashion,1074,11,11658.36,paypal,Seattle,WA,75.0
1689,2024-12-09,2172,Fashion,181,59,10792.60,credit_card,New York,NY,60.0
1690,2024-02-04,2388,Beauty,372,0,3348.00,credit_card,New York,NY,24.0
1691,2024-10-09,1658,Sports,343,0,3087.00,paypal,Miami,FL,50.0
1692,2024-11-21,2294,Beauty,335,0,3685.00,debit_card,Los Angeles,CA,24.0
1693,2024-08-28,1796,Electronics,2543,0,22887.00,credit_card,Houston,TX,28.0
1694,2024-05-24,1270,Electronics,1525,0,27450.00,cash,Houston,TX,30.0
1695,2024-02-28,1744,Home,3771,3,11323.30,credit_card,Phoenix,AZ,61.0
1696,2024-09-06,1882,Home,1723,6,10242.40,paypal,Phoenix,AZ,73.0
1697,2024-06-20,1004,Toys,783,0,8613.00,debit_card,Chicago,IL,33.0
1698,2024-02-24,2785,Toys,563,21,11929.23,credit_card,New York,NY,77.0
1699,2024-05-11,2055,Sports,2503,0,47557.00,paypal,Phoenix,AZ,34.0
1700,2024-12-17,1072,Fashion,135,0,1485.00,paypal,Seattle,WA,37.0
1701,2024-04-07,2735,Toys,914,0,1828.00,debit_card,Boston,MA,25.0
1702,2024-03-06,2710,Electronics,663,0,6630.00,debit_card,,,20.0
1703,2024-09-06,1024,Sports,389,27,10496.13,credit_card,New York,NY,57.0
1704,2024-03-14,1326,Home,861,0,1722.00,credit_card,Seattle,WA,43.0
1705,2024-12-02,1727,Electronics,3931,0,78620.00,credit_card,Denver,CO,25.0
1706,2024-11-10,2014,Home,218,0,1308.00,credit_card,Los Angeles,CA,53.0
1707,2024-12-25,2451,Electronics,973,0,16541.00,credit_card,,,39.0
1708,2024-11-30,1848,Sports,663,0,11271.00,credit_card,Phoenix,AZ,42.0
1709,2024-03-30,2223,Sports,526,23,12318.86,credit_card,Seattle,WA,74.0
1710,2024-03-18,1020,Toys,605,0,3025.00,credit_card,Miami,FL,43.0
1711,2024-05-05,2317,Sports,9541,0,66787.00,credit_card,Chicago,IL,46.0
1712,2024-06-20,2830,Home,769,0,4614.00,credit_card,Miami,FL,
1713,2024-11-18,2052,Electronics,814,17,13996.12,paypal,Houston,TX,74.0
1714,2024-09-25,1909,Toys,108,95,10238.15,cash,New York,NY,64.0
1715,2024-08-23,1594,Grocery,75,0,1050.00,paypal,Denver,CO,49.0
1716,2024-11-17,2908,Home,259,0,2849.00,credit_card,Seattle,WA,37.0
1717,2024-08-24,1066,Home,799,0,14382.00,debit_card,Houston,TX,29.0
1718,2024-05-18,1573,Fashion,614,0,1842.00,credit_card,San Francisco,CA,25.0
1719,2024-05-31,1277,Home,379,38,14483.56,debit_card,Boston,MA,65.0
1720,2024-07-08,2732,Home,2690,4,10615.76,paypal,Los Angeles,CA,64.0
1721,2024-02-02,1965,Sports,339,0,4068.00,credit_card,Denver,CO,40.0
1722,2024-09-28,2844,Beauty,457,29,13279.90,paypal,Seattle,WA,77.0
1723,2024-08-26,2330,Toys,509,22,11202.68,debit_card,Los Angeles,CA,78.0
1724,2024-09-24,2113,Grocery,200,71,14224.59,credit_card,Phoenix,AZ,57.0
1725,2024-07-14,2034,Fashion,1188,0,15444.00,credit_card,Chicago,IL,34.0
1726,2024-10-13,1405,Sports,864,0,16416.00,paypal,San Francisco,CA,49.0
1727,2024-12-13,2124,Fashion,999,10,10051.76,credit_card,Los Angeles,CA,69.0
1728,2024-07-27,2370,Electronics,869,0,12166.00,credit_card,Phoenix,AZ,49.0
1729,2024-06-11,2930,Fashion,891,0,6237.00,credit_card,New York,NY,49.0
1730,2024-02-08,2097,Home,1134,0,11340.00,cash,Denver,CO,51.0
1731,2024-10-11,2877,Sports,2049,6,12106.94,credit_card,Houston,TX,71.0
1732,2024-11-26,2889,Home,145,0,2175.00,cash,Miami,FL,43.0
1733,2024-09-13,2045,Beauty,118,0,1062.00,debit_card,Houston,TX,29.0
1734,2024-11-12,1878,Beauty,472,0,6608.00,credit_card,Seattle,WA,50.0
1735,2024-11-11,1285,Grocery,12,1266,14809.51,credit_card,Seattle,WA,57.0
1736,2024-10-19,1537,Electronics,2173,5,10564.47,paypal,Los Angeles,CA,76.0
1737,2024-07-03,2758,Electronics,3422,0,61596.00,credit_card,Phoenix,AZ,25.0
1738,2024-02-06,1276,Grocery,62,224,13803.22,credit_card,Seattle,WA,77.0
1739,2024-01-02,1794,Beauty,173,79,13633.90,credit_card,Los Angeles,CA,68.0
1740,2024-03-15,2397,Toys,129,90,11595.87,paypal,Chicago,IL,62.0
1741,2024-06-06,1481,Fashion,282,0,3384.00,debit_card,Chicago,IL,32.0
1742,2024-09-29,2948,Sports,412,0,5356.00,credit_card,Phoenix,AZ,31.0
1743,2024-06-15,2298,Sports,354,0,1416.00,credit_card,Los Angeles,CA,44.0
1744,2024-01-09,1056,Beauty,135,0,675.00,credit_card,Los Angeles,CA,29.0
1745,2024-03-17,1494,Sports,492,21,10302.27,paypal,Miami,FL,59.0
1746,2024-12-24,2480,Electronics,1169,12,14165.48,credit_card,Miami,FL,65.0
1747,2024-12-27,2726,Toys,1368,0,25992.00,cash,Denver,CO,48.0
1748,2024-05-18,2853,Beauty,178,82,14524.39,paypal,Boston,MA,61.0
1749,2024-10-21,2702,Fashion,563,0,1126.00,credit_card,Phoenix,AZ,
1750,2024-09-20,1149,Electronics,924,12,10639.15,paypal,Denver,CO,75.0
1751,2024-12-06,2459,Electronics,915,16,14239.14,debit_card,Denver,CO,61.0
1752,2024-11-20,1220,Beauty,63,0,945.00,debit_card,Los Angeles,CA,32.0
1753,2024-08-18,1153,Sports,174,0,696.00,credit_card,Chicago,IL,26.0
1754,2024-05-24,2383,Sports,233,61,14166.12,paypal,San Francisco,CA,77.0
1755,2024-08-17,1956,Grocery,113,114,12885.11,credit_card,San Francisco,CA,66.0
1756,2024-04-26,2295,Electronics,3467,4,13917.66,paypal,San Francisco,CA,71.0
1757,2024-05-07,2702,Home,132,0,1056.00,credit_card,Phoenix,AZ,44.0
1758,2024-08-10,1137,Beauty,157,0,3140.00,credit_card,San Francisco,CA,27.0
1759,2024-07-28,2055,Sports,205,50,10197.39,cash,Boston,MA,55.0
1760,2024-07-31,2668,Electronics,1186,11,12480.88,credit_card,Boston,MA,58.0
1761,2024-05-20,1880,Toys,722,0,5054.00,credit_card,Miami,FL,31.0
1762,2024-05-29,2046,Electronics,1025,0,13325.00,paypal,Los Angeles,CA,
1763,2024-01-04,1995,Beauty,235,0,2115.00,credit_card,Boston,MA,44.0
1764,2024-08-08,2814,Beauty,783,0,7047.00,paypal,San Francisco,CA,34.0
1765,2024-07-29,1099,Beauty,352,42,14834.96,paypal,San Francisco,CA,69.0
1766,2024-12-08,2755,Sports,333,0,5994.00,credit_card,Seattle,WA,48.0
1767,2024-07-03,2632,Home,624,22,13876.80,debit_card,New York,NY,76.0
1768,2024-06-20,2625,Grocery,458,0,4580.00,cash,Boston,MA,18.0
1769,2024-01-25,1824,Sports,855,13,11340.67,paypal,Los Angeles,CA,77.0
1770,2024-03-13,2031,Toys,461,28,13117.66,credit_card,Los Angeles,CA,59.0
1771,2024-05-03,1737,Electronics,491,23,11062.75,debit_card,New York,NY,62.0
1772,2024-05-18,1503,Toys,351,0,3510.00,debit_card,Chicago,IL,36.0
1773,2024-05-12,2750,Toys,278,0,3614.00,credit_card,Phoenix,AZ,22.0
1774,2024-05-24,2011,Fashion,669,0,8028.00,debit_card,Los Angeles,CA,32.0
1775,2024-10-08,2446,Beauty,475,0,1900.00,credit_card,Houston,TX,45.0
1776,2024-02-17,1201,Electronics,2148,0,30072.00,credit_card,Seattle,WA,39.0
1777,2024-05-01,2577,Beauty,192,0,1344.00,credit_card,Seattle,WA,30.0
1778,2024-02-29,2317,Grocery,206,0,3296.00,paypal,Phoenix,AZ,18.0
1779,2024-04-22,2995,Sports,304,37,11110.63,credit_card,Phoenix,AZ,61.0
1780,2024-09-07,1267,Electronics,510,21,10946.73,credit_card,San Francisco,CA,60.0
1781,2024-01-18,2080,Sports,47,0,799.00,credit_card,Los Angeles,CA,28.0
1782,2024-05-04,2022,Sports,577,19,10949.91,credit_card,New York,NY,67.0
1783,2024-01-09,2076,Sports,317,39,12496.46,cash,San Francisco,CA,79.0
1784,2024-12-15,1108,Home,756,15,11548.99,credit_card,New York,NY,80.0
1785,2024-09-23,1946,Toys,63,0,630.00,credit_card,Boston,MA,30.0
1786,2024-03-30,1599,Home,328,0,6232.00,cash,Houston,TX,44.0
1787,2024-03-13,2234,Sports,890,0,1780.00,credit_card,San Francisco,CA,21.0
1788,2024-02-06,1464,Toys,458,0,4122.00,credit_card,Chicago,IL,18.0
1789,2024-06-22,1870,Toys,424,33,13889.80,paypal,Chicago,IL,71.0
1790,2024-10-02,2240,Beauty,156,93,14470.56,paypal,Phoenix,AZ,78.0
1791,2024-08-01,1128,Grocery,95,0,190.00,credit_card,Phoenix,AZ,30.0
1792,2024-11-18,2573,Beauty,393,0,6681.00,debit_card,Boston,MA,47.0
1793,2024-05-05,2431,Beauty,524,0,10480.00,debit_card,Miami,FL,19.0
1794,2024-04-11,1114,Grocery,105,118,12437.95,debit_card,Denver,CO,69.0
1795,2024-06-23,1129,Home,287,0,5740.00,credit_card,Miami,FL,52.0
1796,2024-03-14,2700,Fashion,296,0,5920.00,paypal,Los Angeles,CA,36.0
1797,2024-12-23,1566,Sports,1017,11,10956.57,credit_card,New York,NY,79.0
1798,2024-03-08,2721,Sports,270,0,5400.00,debit_card,Los Angeles,CA,26.0
1799,2024-06-24,1998,Toys,265,0,4240.00,paypal,,,34.0
1800,2024-07-10,1684,Electronics,1076,14,14990.00,paypal,Boston,MA,65.0
1801,2024-01-21,1547,Electronics,1349,0,10792.00,paypal,Boston,MA,43.0
1802,2024-06-20,2318,Beauty,459,22,10235.16,credit_card,Los Angeles,CA,62.0
1803,2024-06-15,1219,Beauty,56,1,45668.00,credit_card,Phoenix,AZ,32.0
1804,2024-04-04,1805,Fashion,648,20,12748.22,debit_card,Boston,MA,59.0
1805,2024-02-16,1691,Fashion,925,0,15725.00,credit_card,Denver,CO,53.0
1806,2024-01-17,1308,Sports,146,0,876.00,debit_card,Seattle,WA,20.0
1807,2024-01-04,1705,Sports,824,0,15656.00,debit_card,New York,NY,
1808,2024-06-25,2057,Home,1307,0,7842.00,debit_card,San Francisco,CA,36.0
1809,2024-02-02,2355,Sports,984,11,11098.25,credit_card,Denver,CO,55.0
1810,2024-12-17,1172,Beauty,458,0,2290.00,paypal,New York,NY,45.0
1811,2024-03-30,2744,Beauty,115,0,1725.00,debit_card,Houston,TX,48.0
1812,2024-08-26,2756,Beauty,458,0,8244.00,credit_card,Denver,CO,28.0
1813,2024-09-03,2383,Toys,372,39,14688.29,debit_card,Denver,CO,76.0
1814,2024-06-30,2848,Grocery,106,0,530.00,credit_card,Denver,CO,-999.0
1815,2024-11-19,1855,Home,476,24,11624.82,paypal,Denver,CO,60.0
1816,2024-02-10,2643,Electronics,616,0,11088.00,credit_card,New York,NY,35.0
1817,2024-03-26,2454,Electronics,2055,7,14790.22,debit_card,Chicago,IL,61.0
1818,2024-04-02,2125,Grocery,142,0,284.00,credit_card,Phoenix,AZ,32.0
1819,2024-02-19,1359,Toys,359,0,1077.00,credit_card,Miami,FL,48.0
1820,2024-04-17,2115,Home,607,0,8498.00,credit_card,Phoenix,AZ,34.0
1821,2024-04-24,2802,Beauty,936,0,7488.00,credit_card,Los Angeles,CA,37.0
1822,2024-10-06,2969,Fashion,259,57,14864.10,paypal,Los Angeles,CA,58.0
1823,2024-04-20,1896,Toys,851,0,9361.00,paypal,Miami,FL,37.0
1824,2024-11-16,1495,Home,306,48,14714.87,credit_card,Denver,CO,63.0
1825,2024-10-09,2495,Electronics,3559,0,46267.00,credit_card,San Francisco,CA,49.0
1826,2024-11-26,1151,Home,1474,9,13963.62,paypal,Chicago,IL,79.0
1827,2024-02-08,1302,Home,435,0,2175.00,credit_card,Chicago,IL,30.0
1828,2024-12-26,2123,Sports,2306,6,13706.80,credit_card,Los Angeles,CA,77.0
1829,2024-08-12,2980,Electronics,2133,0,8532.00,credit_card,Boston,MA,26.0
1830,2024-12-25,1657,Home,272,0,3264.00,debit_card,New York,NY,52.0
1831,2024-05-09,1886,Sports,453,0,453.00,cash,Boston,MA,41.0
1832,2024-12-14,1644,Fashion,1058,14,14763.86,credit_card,Seattle,WA,65.0
1833,2024-08-03,1881,Toys,639,0,12780.00,paypal,Miami,FL,26.0
1834,2024-01-27,1014,Toys,457,0,6855.00,paypal,San Francisco,CA,34.0
1835,2024-05-30,2189,Grocery,87,0,870.00,cash,Seattle,WA,32.0
1836,2024-02-20,2192,Beauty,288,39,11118.35,paypal,Miami,FL,76.0
1837,2024-12-10,1631,Home,366,0,1464.00,paypal,Phoenix,AZ,51.0
1838,2024-04-21,1528,Toys,2014,0,20140.00,debit_card,Miami,FL,28.0
1839,2024-03-22,2523,Toys,368,38,14049.51,paypal,Houston,TX,67.0
1840,2024-07-21,1375,Toys,458,0,4580.00,credit_card,New York,NY,35.0
1841,2024-06-04,1094,Beauty,633,0,6330.00,paypal,New York,NY,32.0
1842,2024-02-05,1080,Home,414,0,2070.00,debit_card,Boston,MA,49.0
1843,2024-10-25,2763,Fashion,957,11,10567.44,credit_card,Miami,FL,67.0
1844,2024-11-05,1728,Beauty,64,184,11809.39,credit_card,Phoenix,AZ,70.0
1845,2024-09-28,1203,Grocery,459,0,5967.00,credit_card,Boston,MA,18.0
1846,2024-08-13,2757,Electronics,3393,4,12009.16,credit_card,Phoenix,AZ,74.0
1847,2024-05-27,1297,Sports,2145,7,14976.63,credit_card,Los Angeles,CA,80.0
1848,2024-07-17,1673,Home,296,0,3848.00,credit_card,Seattle,WA,38.0
1849,2024-07-09,1041,Home,270,0,270.00,credit_card,Houston,TX,50.0
1850,2024-03-01,2358,Electronics,2308,0,34620.00,debit_card,Denver,CO,41.0
1851,2024-01-30,2398,Sports,371,0,742.00,credit_card,Boston,MA,47.0
1852,2024-04-02,2513,Toys,246,47,11604.88,credit_card,Boston,MA,59.0
1853,2024-06-15,1526,Sports,1231,0,14772.00,credit_card,Miami,FL,
1854,2024-02-28,1656,Fashion,277,0,1939.00,credit_card,Miami,FL,47.0
1855,2024-02-09,2876,Beauty,458,0,6870.00,credit_card,Boston,MA,47.0
1856,2024-11-07,2643,Toys,108,0,1404.00,cash,Phoenix,AZ,48.0
1857,2024-05-17,1074,Grocery,99,0,1782.00,credit_card,San Francisco,CA,43.0
1858,2024-08-01,2383,Fashion,96,0,960.00,credit_card,New York,NY,25.0
1859,2024-07-10,2625,Home,433,0,4330.00,credit_card,Miami,FL,41.0
1860,2024-09-26,2118,Sports,458,0,3664.00,paypal,Seattle,WA,
1861,2024-09-27,2279,Sports,2268,6,12773.67,credit_card,New York,NY,79.0
1862,2024-04-18,1001,Sports,3452,4,13167.45,credit_card,Miami,FL,69.0
1863,2024-11-06,1060,Beauty,105,128,13389.19,debit_card,New York,NY,72.0
1864,2024-05-15,1070,Electronics,1800,6,10600.75,credit_card,Boston,MA,67.0
1865,2024-11-01,1317,Sports,283,0,2830.00,credit_card,Seattle,WA,49.0
1866,2024-05-28,2981,Sports,477,27,12795.63,cash,Miami,FL,60.0
1867,2024-02-10,2268,Home,2326,6,13173.61,cash,Miami,FL,70.0
1868,2024-10-05,2564,Toys,457,0,1371.00,debit_card,Houston,TX,32.0
1869,2024-01-12,1591,Beauty,194,0,970.00,credit_card,Miami,FL,27.0
1870,2024-10-09,2875,Sports,287,0,3157.00,debit_card,Los Angeles,CA,34.0
1871,2024-01-16,1397,Electronics,3667,0,62339.00,paypal,Boston,MA,51.0
1872,2024-03-16,2804,Electronics,108,0,108.00,paypal,New York,NY,
1873,2024-08-08,1061,Fashion,300,0,6000.00,credit_card,Chicago,IL,46.0
1874,2024-12-10,1040,Toys,294,49,14516.74,credit_card,Boston,MA,79.0
1875,2024-05-29,1157,Fashion,252,0,3024.00,credit_card,New York,NY,
1876,2024-02-14,2583,Fashion,853,0,12795.00,paypal,Denver,CO,47.0
1877,2024-03-26,1514,Grocery,256,58,14786.47,credit_card,New York,NY,75.0
1878,2024-11-23,1902,Electronics,474,0,1422.00,credit_card,Seattle,WA,28.0
1879,2024-09-22,1942,Electronics,7823,1,11175.14,credit_card,Denver,CO,70.0
1880,2024-02-06,2579,Home,458,0,7328.00,credit_card,Miami,FL,27.0
1881,2024-05-20,1697,Grocery,274,40,11052.59,paypal,Miami,FL,75.0
1882,2024-04-06,1013,Sports,689,0,5512.00,credit_card,Miami,FL,38.0
1883,2024-03-06,1772,Home,367,37,13418.73,credit_card,Boston,MA,58.0
1884,2024-11-05,1576,Fashion,308,40,12447.42,debit_card,Chicago,IL,62.0
1885,2024-08-14,2461,Grocery,95,0,570.00,debit_card,Houston,TX,41.0
1886,2024-03-06,2502,Toys,368,0,7360.00,debit_card,Chicago,IL,52.0
1887,2024-08-26,1183,Home,263,52,13717.83,paypal,Los Angeles,CA,65.0
1888,2024-05-31,2586,Home,456,31,14242.36,credit_card,Los Angeles,CA,73.0
1889,2024-01-23,1140,Electronics,791,0,8701.00,credit_card,Miami,FL,24.0
1890,2024-06-13,2239,Beauty,92,0,828.00,credit_card,Denver,CO,
1891,2024-03-08,1778,Electronics,762,13,10053.42,debit_card,Seattle,WA,71.0
1892,2024-03-30,1602,Fashion,458,0,5496.00,paypal,New York,NY,53.0
1893,2024-11-17,1966,Fashion,306,0,5508.00,credit_card,Miami,FL,
1894,2024-09-16,1620,Toys,432,0,2592.00,paypal,Seattle,WA,25.0
1895,2024-02-19,2587,Toys,336,43,14393.65,debit_card,Boston,MA,69.0
1896,2024-11-07,2933,Beauty,1185,0,18960.00,cash,Houston,TX,44.0
1897,2024-07-29,2631,Fashion,73,155,11327.17,credit_card,Phoenix,AZ,62.0
1898,2024-11-16,1878,Fashion,622,24,14846.98,credit_card,Miami,FL,74.0
1899,2024-09-30,2006,Fashion,430,0,5590.00,paypal,Boston,MA,23.0
1900,2024-05-04,1894,Electronics,2815,0,16890.00,paypal,,,46.0
1901,2024-07-14,2587,Beauty,433,0,6928.00,debit_card,Seattle,WA,27.0
1902,2024-07-13,2104,Sports,535,23,12151.31,paypal,Denver,CO,71.0
1903,2024-09-20,1936,Sports,701,0,2103.00,credit_card,New York,NY,46.0
1904,2024-03-31,1819,Grocery,54,265,14262.24,debit_card,Houston,TX,73.0
1905,2024-05-01,1750,Home,898,0,14368.00,credit_card,Seattle,WA,36.0
1906,2024-03-30,2105,Grocery,22,0,396.00,credit_card,Denver,CO,27.0
1907,2024-04-18,2377,Toys,569,19,10999.68,credit_card,Denver,CO,72.0
1908,2024-02-29,1864,Home,540,23,12625.78,credit_card,Seattle,WA,56.0
1909,2024-01-14,2613,Toys,207,0,1656.00,credit_card,Seattle,WA,30.0
1910,2024-12-10,2653,Beauty,203,51,10316.44,debit_card,Phoenix,AZ,61.0
1911,2024-01-28,1858,Fashion,376,0,1128.00,paypal,Phoenix,AZ,44.0
1912,2024-11-21,2818,Fashion,1207,0,19312.00,credit_card,Boston,MA,20.0
1913,2024-01-02,1346,Beauty,3246,0,12984.00,credit_card,Seattle,WA,34.0
1914,2024-10-11,2864,Home,1459,9,13674.21,credit_card,Seattle,WA,65.0
1915,2024-04-30,1588,Electronics,933,0,18660.00,credit_card,San Francisco,CA,26.0
1916,2024-07-08,2128,Toys,505,0,6060.00,credit_card,Chicago,IL,39.0
1917,2024-04-13,1567,Grocery,168,0,168.00,debit_card,Denver,CO,34.0
1918,2024-06-28,1884,Sports,291,50,14710.50,paypal,Boston,MA,64.0
1919,2024-06-14,1680,Electronics,535,27,14215.62,credit_card,Seattle,WA,72.0
1920,2024-07-12,2410,Sports,586,23,13401.77,debit_card,Seattle,WA,67.0
1921,2024-05-23,1162,Home,1049,10,10594.69,debit_card,Seattle,WA,63.0
1922,2024-07-15,2676,Beauty,67,0,871.00,credit_card,Seattle,WA,23.0
1923,2024-10-29,2807,Toys,172,87,14919.80,credit_card,Houston,TX,75.0
1924,2024-06-08,2125,Fashion,676,0,11492.00,credit_card,Boston,MA,28.0
1925,2024-05-12,2094,Toys,316,0,4740.00,credit_card,Los Angeles,CA,43.0
1926,2024-02-18,2399,Toys,948,12,11719.81,paypal,Miami,FL,70.0
1927,2024-05-11,1398,Toys,99,0,1485.00,credit_card,Seattle,WA,33.0
1928,2024-02-15,2499,Fashion,2806,0,11224.00,credit_card,Houston,TX,31.0
1929,2024-03-07,1437,Sports,178,0,2314.00,credit_card,San Francisco,CA,19.0
1930,2024-12-14,2352,Electronics,289,0,1734.00,credit_card,Houston,TX,40.0
1931,2024-02-02,1611,Fashion,408,0,4488.00,paypal,Miami,FL,49.0
1932,2024-06-25,2492,Fashion,173,0,346.00,credit_card,Los Angeles,CA,47.0
1933,2024-11-01,2582,Sports,592,0,2368.00,debit_card,Los Angeles,CA,20.0
1934,2024-12-14,1417,Grocery,92,0,1472.00,credit_card,Seattle,WA,30.0
1935,2024-02-23,2234,Grocery,84,0,504.00,credit_card,Denver,CO,18.0
1936,2024-02-29,1996,Sports,311,0,3732.00,credit_card,Los Angeles,CA,32.0
1937,2024-05-16,1588,Toys,432,31,13163.86,paypal,Chicago,IL,56.0
1938,2024-07-21,2176,Electronics,1137,0,15918.00,credit_card,Chicago,IL,18.0
1939,2024-12-17,2985,Sports,1477,0,29540.00,debit_card,Phoenix,AZ,28.0
1940,2024-03-17,1004,Toys,264,0,5280.00,credit_card,Boston,MA,52.0
1941,2024-03-01,2913,Toys,460,0,2300.00,debit_card,Boston,MA,53.0
1942,2024-04-02,2711,Grocery,25,449,11364.90,debit_card,Los Angeles,CA,74.0
1943,2024-11-16,2058,Sports,532,0,4256.00,debit_card,San Francisco,CA,54.0
1944,2024-01-11,2220,Grocery,35,399,14136.61,credit_card,Chicago,IL,76.0
1945,2024-05-19,1738,Grocery,33,358,11892.10,credit_card,Seattle,WA,63.0
1946,2024-02-13,1258,Toys,466,0,8388.00,paypal,San Francisco,CA,52.0
1947,2024-02-27,2142,Electronics,354,0,6372.00,debit_card,San Francisco,CA,42.0
1948,2024-12-01,2632,Fashion,1323,0,21168.00,credit_card,Boston,MA,25.0
1949,2024-01-01,1462,Beauty,278,43,11953.39,credit_card,Houston,TX,62.0
1950,2024-04-27,2434,Toys,295,34,10022.40,credit_card,Boston,MA,77.0
1951,2024-12-01,2496,Grocery,43,0,688.00,credit_card,Houston,TX,41.0
1952,2024-08-10,2516,Beauty,453,0,7248.00,credit_card,Houston,TX,40.0
1953,2024-01-27,1680,Electronics,1462,0,19006.00,credit_card,Seattle,WA,24.0
1954,2024-06-19,1784,Grocery,56,228,12876.68,credit_card,Miami,FL,55.0
1955,2024-12-21,1832,Fashion,502,0,2008.00,debit_card,Los Angeles,CA,
1956,2024-05-26,2708,Beauty,64,0,448.00,paypal,Denver,CO,18.0
1957,2024-07-12,2800,Sports,165,0,3135.00,debit_card,San Francisco,CA,18.0
1958,2024-07-13,1828,Sports,249,0,4233.00,credit_card,Los Angeles,CA,39.0
1959,2024-08-29,2939,Electronics,1939,0,31024.00,paypal,Los Angeles,CA,47.0
1960,2024-03-09,2141,Electronics,1462,0,29240.00,credit_card,New York,NY,46.0
1961,2024-11-03,1770,Toys,707,16,11253.66,debit_card,Phoenix,AZ,64.0
1962,2024-12-27,1001,Sports,293,0,2344.00,credit_card,Chicago,IL,51.0
1963,2024-02-22,2222,Sports,967,15,14609.25,credit_card,Denver,CO,67.0
1964,2024-10-26,2289,Home,502,0,5522.00,debit_card,San Francisco,CA,36.0
1965,2024-10-25,2936,Sports,287,0,4305.00,credit_card,San Francisco,CA,32.0
1966,2024-09-28,2436,Electronics,1995,0,3990.00,debit_card,Los Angeles,CA,51.0
1967,2024-05-15,1059,Home,521,0,5731.00,debit_card,Miami,FL,24.0
1968,2024-06-20,2134,Sports,369,38,13915.75,credit_card,Phoenix,AZ,66.0
1969,2024-11-03,2485,Toys,316,0,1580.00,credit_card,Los Angeles,CA,29.0
1970,2024-02-25,1993,Toys,275,54,14760.36,debit_card,Seattle,WA,75.0
1971,2024-10-30,1858,Grocery,86,138,11948.73,debit_card,Chicago,IL,79.0
1972,2024-12-02,2619,Beauty,176,0,2816.00,paypal,Denver,CO,51.0
1973,2024-09-06,2222,Fashion,458,0,5954.00,credit_card,Chicago,IL,37.0
1974,2024-05-04,2362,Beauty,259,0,1554.00,paypal,Houston,TX,39.0
1975,2024-07-23,1928,Electronics,771,0,9252.00,credit_card,Los Angeles,CA,
1976,2024-01-19,1556,Grocery,43,0,129.00,credit_card,Seattle,WA,48.0
1977,2024-12-07,2038,Fashion,353,0,5295.00,debit_card,,,22.0
1978,2024-05-05,2918,Beauty,440,0,3960.00,credit_card,Denver,CO,30.0
1979,2024-01-21,2205,Grocery,113,117,13308.65,credit_card,Houston,TX,67.0
1980,2024-10-17,2414,Toys,200,0,1800.00,credit_card,Los Angeles,CA,21.0
1981,2024-08-28,1248,Grocery,62,0,1240.00,paypal,New York,NY,46.0
1982,2024-08-15,2975,Electronics,2438,5,12259.10,paypal,Seattle,WA,73.0
1983,2024-01-20,1489,Home,459,0,918.00,cash,Denver,CO,23.0
1984,2024-10-01,2942,Toys,578,25,14546.69,credit_card,New York,NY,76.0
1985,2024-08-21,1891,Sports,136,0,1088.00,credit_card,Denver,CO,47.0
1986,2024-10-17,2837,Electronics,472,0,7080.00,paypal,Los Angeles,CA,44.0
1987,2024-10-29,2783,Beauty,162,72,11621.31,credit_card,Denver,CO,62.0
1988,2024-03-18,2510,Electronics,8318,1,11642.63,credit_card,New York,NY,66.0
1989,2024-03-18,2832,Grocery,374,0,5984.00,credit_card,San Francisco,CA,47.0
1990,2024-12-04,2218,Home,967,0,17406.00,debit_card,Houston,TX,23.0
1991,2024-07-13,2697,Sports,812,15,11829.72,debit_card,Los Angeles,CA,79.0
1992,2024-06-09,1344,Beauty,55,1,45699.00,credit_card,Los Angeles,CA,18.0
1993,2024-04-15,1140,Sports,692,18,12488.95,credit_card,Chicago,IL,72.0
1994,2024-08-21,2086,Beauty,157,0,2826.00,debit_card,Boston,MA,45.0
1995,2024-10-02,2619,Toys,159,0,2862.00,debit_card,New York,NY,50.0
1996,2024-01-01,2530,Grocery,458,32,14438.60,credit_card,Phoenix,AZ,66.0
1997,2024-07-21,2055,Sports,419,26,11037.34,credit_card,Denver,CO,77.0
1998,2024-12-29,2041,Grocery,196,0,588.00,paypal,Phoenix,AZ,27.0
1999,2024-04-12,2219,Sports,130,102,13256.54,debit_card,San Francisco,CA,69.0
2000,2024-04-12,2736,Grocery,104,111,11529.79,debit_card,Miami,FL,59.0
2001,2024-11-17,2683,Beauty,459,0,2754.00,debit_card,Boston,MA,41.0
2002,2024-01-23,1219,Electronics,1056,0,5280.00,paypal,Denver,CO,44.0
2003,2024-05-25,2191,Toys,390,27,10413.31,credit_card,New York,NY,66.0
2004,2024-06-16,1761,Grocery,40,0,200.00,credit_card,Houston,TX,26.0
2005,2024-10-19,2598,Electronics,1672,0,21736.00,credit_card,Houston,TX,
2006,2024-02-17,2011,Beauty,206,72,14768.28,paypal,New York,NY,63.0
2007,2024-06-07,2982,Electronics,864,0,8640.00,credit_card,Chicago,IL,51.0
2008,2024-02-25,1864,Grocery,67,0,335.00,credit_card,Chicago,IL,46.0
2009,2024-10-15,2358,Beauty,216,0,3240.00,credit_card,Denver,CO,50.0
2010,2024-08-19,1217,Home,297,0,5049.00,debit_card,San Francisco,CA,50.0
2011,2024-06-30,2864,Beauty,246,57,13928.90,debit_card,Seattle,WA,68.0
2012,2024-05-23,1307,Electronics,1173,13,14760.90,credit_card,San Francisco,CA,69.0
2013,2024-02-26,1756,Sports,375,32,12001.35,credit_card,Houston,TX,75.0
2014,2024-12-03,2675,Grocery,349,0,2094.00,paypal,Phoenix,AZ,22.0
2015,2024-08-25,2934,Home,766,0,4596.00,credit_card,San Francisco,CA,38.0
2016,2024-04-26,1968,Home,405,34,13784.90,debit_card,Chicago,IL,73.0
2017,2024-05-31,1969,Fashion,484,27,13255.72,credit_card,Chicago,IL,58.0
2018,2024-09-22,1097,Fashion,459,0,2295.00,paypal,Seattle,WA,41.0
2019,2024-09-20,2957,Electronics,1034,13,13095.90,credit_card,Los Angeles,CA,57.0
2020,2024-06-17,1032,Sports,473,0,8514.00,debit_card,Miami,FL,47.0
2021,2024-04-20,1052,Home,203,50,10201.35,credit_card,Miami,FL,73.0
2022,2024-08-29,1946,Electronics,1998,0,17982.00,credit_card,Houston,TX,
2023,2024-08-28,1007,Home,367,0,1835.00,debit_card,,,46.0
2024,2024-08-07,1328,Electronics,1103,9,10358.65,credit_card,New York,NY,57.0
2025,2024-01-27,2255,Grocery,457,0,9140.00,paypal,Phoenix,AZ,29.0
2026,2024-06-22,2410,Grocery,1042,11,10976.31,debit_card,Houston,TX,66.0
2027,2024-08-12,1596,Fashion,252,0,2520.00,debit_card,New York,NY,30.0
2028,2024-12-13,2590,Grocery,19,0,95.00,paypal,Miami,FL,19.0
2029,2024-07-11,2215,Sports,170,0,1190.00,credit_card,Denver,CO,21.0
2030,2024-05-05,1456,Grocery,179,0,1253.00,paypal,Denver,CO,22.0
2031,2024-07-22,2424,Home,1601,0,25616.00,credit_card,Chicago,IL,24.0
2032,2024-03-05,2184,Home,319,0,4466.00,credit_card,Chicago,IL,21.0
2033,2024-02-03,2624,Beauty,680,0,4080.00,paypal,Phoenix,AZ,36.0
2034,2024-09-05,1308,Home,995,0,8955.00,credit_card,Denver,CO,
2035,2024-12-26,1461,Beauty,210,0,2310.00,credit_card,Seattle,WA,24.0
2036,2024-11-05,1607,Fashion,347,40,13748.27,credit_card,Phoenix,AZ,60.0
2037,2024-08-01,1682,Fashion,494,28,13991.71,credit_card,Denver,CO,72.0
2038,2024-01-15,2777,Sports,1232,11,13236.10,debit_card,Miami,FL,68.0
2039,2024-12-27,2465,Beauty,336,0,5040.00,credit_card,Denver,CO,40.0
2040,2024-06-13,2088,Electronics,853,0,5971.00,credit_card,San Francisco,CA,21.0
2041,2024-04-16,2080,Beauty,213,0,1704.00,credit_card,Denver,CO,41.0
2042,2024-11-22,2771,Beauty,1192,9,10960.34,credit_card,Seattle,WA,55.0
2043,2024-09-30,1893,Beauty,299,46,13888.90,credit_card,Houston,TX,65.0
2044,2024-10-01,1450,Grocery,196,0,1568.00,credit_card,New York,NY,26.0
2045,2024-04-11,1273,Beauty,376,0,3760.00,paypal,Boston,MA,36.0
2046,2024-12-29,1660,Sports,760,14,10567.34,debit_card,Los Angeles,CA,55.0
2047,2024-06-14,2306,Sports,666,0,11988.00,credit_card,New York,NY,
2048,2024-07-13,1941,Fashion,876,0,7884.00,credit_card,San Francisco,CA,37.0
2049,2024-10-01,1843,Beauty,434,33,14470.12,credit_card,Phoenix,AZ,69.0
2050,2024-08-29,1960,Fashion,528,23,11923.87,credit_card,Seattle,WA,68.0
2051,2024-03-04,2949,Toys,175,0,2625.00,credit_card,Boston,MA,40.0
2052,2024-04-20,2995,Electronics,1995,0,3990.00,paypal,Houston,TX,51.0
2053,2024-05-12,1322,Fashion,405,0,2430.00,paypal,San Francisco,CA,48.0
2054,2024-12-12,1228,Home,430,32,13635.44,credit_card,Seattle,WA,60.0
2055,2024-09-18,1488,Sports,5206,0,72884.00,credit_card,Seattle,WA,38.0
2056,2024-05-14,2703,Sports,178,0,2670.00,debit_card,Los Angeles,CA,38.0
2057,2024-09-25,1919,Beauty,526,0,2104.00,paypal,Boston,MA,44.0
2058,2024-09-27,2727,Sports,306,0,5508.00,credit_card,Los Angeles,CA,31.0
2059,2024-05-24,2293,Home,615,0,7380.00,paypal,Miami,FL,54.0
2060,2024-05-27,2106,Sports,4767,2,10847.48,credit_card,San Francisco,CA,78.0
2061,2024-11-23,1563,Electronics,679,0,679.00,debit_card,Chicago,IL,40.0
2062,2024-07-24,1688,Beauty,137,85,11571.41,credit_card,Phoenix,AZ,72.0
2063,2024-02-24,1295,Beauty,459,0,3213.00,debit_card,Miami,FL,47.0
2064,2024-09-20,2038,Home,279,0,3627.00,credit_card,Los Angeles,CA,28.0
2065,2024-08-03,1560,Home,1115,0,17840.00,credit_card,New York,NY,49.0
2066,2024-07-05,1584,Electronics,956,0,15296.00,debit_card,,,49.0
2067,2024-09-22,1079,Fashion,721,0,10094.00,debit_card,Phoenix,AZ,19.0
2068,2024-11-27,2598,Electronics,506,0,2530.00,debit_card,Denver,CO,48.0
2069,2024-04-30,2878,Grocery,457,0,2285.00,credit_card,San Francisco,CA,28.0
2070,2024-06-02,1996,Electronics,1223,0,1223.00,debit_card,Chicago,IL,
2071,2024-03-10,2072,Toys,87,0,1131.00,credit_card,Los Angeles,CA,52.0
2072,2024-08-24,2851,Sports,2058,0,39102.00,debit_card,Chicago,IL,37.0
2073,2024-05-27,2022,Home,162,0,2592.00,credit_card,Denver,CO,18.0
2074,2024-05-05,2245,Beauty,107,0,535.00,credit_card,Houston,TX,53.0
2075,2024-09-11,1856,Electronics,2045,6,12476.37,credit_card,San Francisco,CA,62.0
2076,2024-05-29,2028,Grocery,460,0,4600.00,cash,New York,NY,44.0
2077,2024-06-18,2043,Beauty,73,172,12481.77,debit_card,Seattle,WA,75.0
2078,2024-06-10,2422,Toys,1562,0,4686.00,credit_card,New York,NY,30.0
2079,2024-04-04,2208,Grocery,44,239,10486.00,debit_card,Seattle,WA,65.0
2080,2024-02-16,2007,Fashion,365,0,365.00,credit_card,New York,NY,49.0
2081,2024-10-29,1151,Home,465,0,9300.00,credit_card,Chicago,IL,37.0
2082,2024-02-03,2809,Home,972,0,7776.00,credit_card,Chicago,IL,36.0
2083,2024-04-28,2776,Grocery,141,0,705.00,paypal,Boston,MA,46.0
2084,2024-09-01,1368,Fashion,458,0,5496.00,paypal,Miami,FL,23.0
2085,2024-02-18,1586,Beauty,188,68,12741.59,paypal,Seattle,WA,58.0
2086,2024-08-27,2946,Fashion,357,0,1428.00,credit_card,,,43.0
2087,2024-09-25,1642,Grocery,178,58,10375.59,credit_card,Los Angeles,CA,60.0
2088,2024-08-30,2624,Grocery,38,0,342.00,paypal,Houston,TX,50.0
2089,2024-04-21,2571,Fashion,2148,7,14618.40,credit_card,Denver,CO,79.0
2090,2024-01-08,2721,Sports,333,0,3663.00,debit_card,Boston,MA,23.0
2091,2024-11-20,1032,Beauty,243,0,1215.00,cash,New York,NY,-999.0
2092,2024-04-29,1965,Home,217,0,2387.00,credit_card,New York,NY,51.0
2093,2024-10-21,2131,Electronics,519,0,5709.00,credit_card,Houston,TX,33.0
2094,2024-03-13,2674,Fashion,212,57,12108.84,paypal,Los Angeles,CA,60.0
2095,2024-02-29,1448,Toys,458,0,1374.00,debit_card,Phoenix,AZ,40.0
2096,2024-10-11,1613,Electronics,1052,12,12195.40,paypal,Denver,CO,66.0
2097,2024-12-09,1359,Fashion,195,66,12884.97,debit_card,Chicago,IL,76.0
2098,2024-11-10,2523,Grocery,458,30,13908.37,credit_card,Seattle,WA,71.0
2099,2024-10-01,2997,Electronics,783,13,10347.67,paypal,Phoenix,AZ,57.0
2100,2024-03-31,1280,Electronics,717,19,13514.89,paypal,Miami,FL,63.0
2101,2024-11-30,1466,Fashion,312,47,14552.65,paypal,Seattle,WA,72.0
2102,2024-09-01,1614,Electronics,3243,4,12195.98,credit_card,Seattle,WA,79.0
2103,2024-03-04,2778,Electronics,1746,6,10066.33,credit_card,Los Angeles,CA,63.0
2104,2024-02-17,1891,Home,508,22,11236.84,credit_card,Denver,CO,75.0
2105,2024-11-14,1563,Electronics,466,32,14705.23,credit_card,Los Angeles,CA,78.0
2106,2024-04-10,1644,Beauty,98,0,1372.00,cash,Chicago,IL,29.0
2107,2024-10-07,2196,Electronics,527,0,5270.00,cash,New York,NY,49.0
2108,2024-02-20,1774,Sports,1737,0,20844.00,credit_card,New York,NY,40.0
2109,2024-04-12,1280,Toys,467,23,10590.10,paypal,Houston,TX,77.0
2110,2024-04-13,2640,Toys,153,66,10068.70,credit_card,San Francisco,CA,64.0
2111,2024-04-12,1844,Toys,194,76,14679.30,paypal,Chicago,IL,73.0
2112,2024-09-03,1513,Fashion,459,0,6885.00,debit_card,New York,NY,40.0
2113,2024-11-30,2456,Grocery,48,298,14315.13,debit_card,Seattle,WA,71.0
2114,2024-11-29,2490,Electronics,2118,0,12708.00,debit_card,Seattle,WA,23.0
2115,2024-09-28,1310,Electronics,1165,11,12301.96,debit_card,Seattle,WA,77.0
2116,2024-03-15,1147,Beauty,1291,0,20656.00,paypal,New York,NY,32.0
2117,2024-12-17,1090,Electronics,3985,0,59775.00,credit_card,Los Angeles,CA,51.0
2118,2024-07-17,2531,Home,1567,6,10026.98,paypal,Houston,TX,63.0
2119,2024-07-18,2251,Home,944,14,12918.85,credit_card,Boston,MA,64.0
2120,2024-09-13,2584,Electronics,1045,0,16720.00,credit_card,Miami,FL,31.0
2121,2024-10-08,2252,Electronics,2365,0,37840.00,debit_card,San Francisco,CA,52.0
2122,2024-12-14,1803,Toys,457,0,914.00,paypal,Seattle,WA,51.0
2123,2024-08-01,2179,Toys,1125,13,14083.81,paypal,Phoenix,AZ,66.0
2124,2024-08-11,2444,Electronics,2025,0,4050.00,credit_card,Seattle,WA,
2125,2024-09-29,1797,Grocery,458,25,11430.35,credit_card,Houston,TX,66.0
2126,2024-04-03,2830,Electronics,1623,7,10863.68,credit_card,Chicago,IL,56.0
2127,2024-04-22,2799,Toys,1229,12,14523.29,paypal,Seattle,WA,65.0
2128,2024-08-16,2601,Beauty,78,178,13839.63,cash,Los Angeles,CA,73.0
2129,2024-01-24,2984,Sports,2658,0,26580.00,paypal,Los Angeles,CA,44.0
2130,2024-04-27,1780,Sports,526,0,5260.00,credit_card,Boston,MA,45.0
2131,2024-09-19,1228,Electronics,476,26,12240.41,paypal,New York,NY,68.0
2132,2024-12-23,1968,Home,460,32,14525.70,credit_card,New York,NY,67.0
2133,2024-07-09,2491,Beauty,65,200,13040.78,paypal,Houston,TX,73.0
2134,2024-05-26,2558,Fashion,721,0,7210.00,debit_card,Seattle,WA,52.0
2135,2024-06-10,1777,Electronics,639,23,14720.44,credit_card,San Francisco,CA,58.0
2136,2024-09-07,1585,Beauty,280,0,1120.00,debit_card,Seattle,WA,21.0
2137,2024-07-18,1890,Toys,757,0,3785.00,paypal,Los Angeles,CA,46.0
2138,2024-01-09,2607,Electronics,856,0,12840.00,credit_card,Houston,TX,33.0
2139,2024-07-16,1121,Electronics,1183,9,10515.81,credit_card,Houston,TX,71.0
2140,2024-05-26,1656,Electronics,517,0,1034.00,debit_card,Houston,TX,25.0
2141,2024-09-13,1459,Electronics,1074,11,12182.70,paypal,Miami,FL,67.0
2142,2024-11-16,2611,Toys,2394,6,13396.80,debit_card,Boston,MA,70.0
2143,2024-12-18,1939,Electronics,2731,0,16386.00,credit_card,Boston,MA,47.0
2144,2024-08-11,1173,Toys,247,49,12039.49,debit_card,Houston,TX,60.0
2145,2024-05-12,1523,Home,337,0,3033.00,credit_card,Los Angeles,CA,54.0
2146,2024-06-11,1088,Grocery,94,124,11748.83,credit_card,New York,NY,61.0
2147,2024-03-05,1951,Beauty,460,29,13477.12,credit_card,Boston,MA,61.0
2148,2024-12-08,2995,Fashion,306,0,918.00,credit_card,Denver,CO,33.0
2149,2024-11-06,2134,Sports,933,14,13028.44,credit_card,New York,NY,61.0
2150,2024-11-08,2738,Electronics,684,17,11412.70,credit_card,Chicago,IL,74.0
2151,2024-04-30,2485,Electronics,689,0,13780.00,credit_card,Los Angeles,CA,37.0
2152,2024-04-27,2765,Sports,821,0,8210.00,debit_card,Boston,MA,37.0
2153,2024-11-09,1622,Electronics,576,0,6912.00,credit_card,Los Angeles,CA,36.0
2154,2024-07-18,2902,Toys,547,22,12220.10,credit_card,New York,NY,75.0
2155,2024-09-14,1477,Fashion,423,32,13534.51,credit_card,Houston,TX,73.0
2156,2024-06-28,1876,Electronics,340,0,2040.00,paypal,Houston,TX,39.0
2157,2024-06-11,2362,Sports,667,20,13134.53,paypal,Houston,TX,77.0
2158,2024-08-19,1573,Sports,159,77,12265.13,credit_card,,,65.0
2159,2024-10-24,1528,Beauty,425,0,2550.00,debit_card,Los Angeles,CA,43.0
2160,2024-05-02,1260,Home,455,25,11300.20,paypal,New York,NY,69.0
2161,2024-10-23,1008,Sports,2685,4,10572.94,debit_card,Chicago,IL,75.0
2162,2024-03-30,2002,Beauty,576,25,14200.88,credit_card,Boston,MA,72.0
2163,2024-05-27,2973,Home,235,0,2350.00,credit_card,Miami,FL,47.0
2164,2024-11-30,1440,Beauty,49,0,196.00,credit_card,Los Angeles,CA,31.0
2165,2024-12-15,1880,Beauty,134,0,938.00,credit_card,,,28.0
2166,2024-12-04,2871,Sports,230,0,3680.00,credit_card,Seattle,WA,
2167,2024-04-25,2544,Grocery,421,33,14101.57,paypal,Boston,MA,64.0
2168,2024-11-04,1008,Grocery,97,0,1843.00,credit_card,Boston,MA,
2169,2024-12-08,2001,Home,1160,0,17400.00,credit_card,Houston,TX,20.0
2170,2024-12-24,1286,Grocery,78,168,13066.51,cash,Seattle,WA,78.0
2171,2024-01-08,1494,Electronics,1270,0,17780.00,debit_card,Seattle,WA,25.0
2172,2024-09-29,1492,Electronics,1428,0,2856.00,credit_card,Phoenix,AZ,54.0
2173,2024-12-30,2224,Electronics,3552,4,12856.71,cash,Miami,FL,77.0
2174,2024-10-06,1397,Fashion,549,0,5490.00,credit_card,Houston,TX,33.0
2175,2024-03-26,1503,Grocery,42,0,210.00,credit_card,New York,NY,50.0
2176,2024-10-06,1451,Toys,1118,10,10681.65,credit_card,New York,NY,70.0
2177,2024-02-08,1713,Toys,242,0,3146.00,credit_card,Phoenix,AZ,34.0
2178,2024-06-24,2312,Electronics,1018,0,19342.00,paypal,,,24.0
2179,2024-08-17,1799,Sports,64,1,45796.00,credit_card,Los Angeles,CA,48.0
2180,2024-06-16,1655,Fashion,711,17,12233.66,paypal,Seattle,WA,68.0
2181,2024-09-13,2035,Sports,662,0,12578.00,credit_card,Chicago,IL,54.0
2182,2024-03-28,2230,Home,595,0,2380.00,paypal,Miami,FL,45.0
2183,2024-08-09,1030,Home,398,31,12419.33,credit_card,Chicago,IL,58.0
2184,2024-08-24,2780,Grocery,62,9,542.96,paypal,Phoenix,AZ,21.0
2185,2024-08-19,2832,Sports,454,0,5902.00,credit_card,San Francisco,CA,
2186,2024-04-15,2205,Fashion,619,20,12307.70,paypal,Houston,TX,73.0
2187,2024-04-21,2149,Electronics,2444,0,21996.00,paypal,Denver,CO,42.0
2188,2024-04-04,2389,Beauty,203,55,11210.46,debit_card,New York,NY,78.0
2189,2024-06-18,1881,Sports,1305,0,22185.00,credit_card,New York,NY,52.0
2190,2024-08-02,1731,Fashion,401,26,10619.60,debit_card,Chicago,IL,76.0
2191,2024-05-12,1705,Toys,458,32,14656.89,debit_card,Los Angeles,CA,57.0
2192,2024-05-30,1319,Electronics,1718,0,25770.00,credit_card,Phoenix,AZ,44.0
2193,2024-04-14,2682,Sports,206,62,12781.72,debit_card,Denver,CO,76.0
2194,2024-03-21,1641,Grocery,118,0,708.00,cash,Los Angeles,CA,
2195,2024-08-28,1568,Sports,178,0,3560.00,cash,Houston,TX,42.0
2196,2024-10-25,2928,Electronics,644,22,14312.85,credit_card,New York,NY,63.0
2197,2024-04-16,2013,Home,109,122,13359.93,credit_card,Boston,MA,73.0
2198,2024-11-10,2243,Electronics,1274,0,11466.00,credit_card,Seattle,WA,30.0
2199,2024-07-27,1490,Sports,2214,6,14101.54,debit_card,New York,NY,80.0
2200,2024-03-02,1555,Fashion,389,0,1945.00,cash,Phoenix,AZ,45.0
2201,2024-05-13,2456,Electronics,2453,0,4906.00,credit_card,Los Angeles,CA,39.0
2202,2024-01-03,1901,Toys,2005,0,4010.00,credit_card,Phoenix,AZ,26.0
2203,2024-01-15,1295,Home,759,0,9108.00,credit_card,Los Angeles,CA,19.0
2204,2024-05-03,2671,Fashion,232,0,696.00,credit_card,Boston,MA,53.0
2205,2024-06-15,1805,Grocery,59,187,11079.99,cash,New York,NY,56.0
2206,2024-10-18,2336,Electronics,1467,0,19071.00,debit_card,Seattle,WA,23.0
2207,2024-02-19,1682,Home,331,32,10530.17,credit_card,Boston,MA,74.0
2208,2024-11-03,2121,Fashion,274,0,2192.00,credit_card,New York,NY,52.0
2209,2024-03-26,2551,Sports,1343,0,9401.00,credit_card,Denver,CO,21.0
2210,2024-02-20,2770,Home,1249,10,13069.35,debit_card,Boston,MA,71.0
2211,2024-09-13,1414,Grocery,26,0,130.00,debit_card,Los Angeles,CA,30.0
2212,2024-10-10,2344,Electronics,762,0,9906.00,credit_card,Phoenix,AZ,
2213,2024-08-09,2829,Grocery,67,189,12746.73,credit_card,Miami,FL,60.0
2214,2024-02-12,2285,Sports,986,11,10482.32,paypal,Seattle,WA,69.0
2215,2024-02-12,1286,Electronics,3658,4,13056.48,paypal,Boston,MA,69.0
2216,2024-05-22,1379,Electronics,12729,1,10909.50,debit_card,San Francisco,CA,80.0
2217,2024-06-13,1405,Electronics,1010,0,17170.00,credit_card,Houston,TX,23.0
2218,2024-12-31,1212,Fashion,307,0,2456.00,cash,Chicago,IL,40.0
2219,2024-04-14,2507,Fashion,685,0,8905.00,debit_card,Phoenix,AZ,40.0
2220,2024-03-11,2930,?,177,0,531.00,paypal,Seattle,WA,41.0
2221,2024-12-12,2033,Fashion,382,0,3438.00,credit_card,Boston,MA,33.0
2222,2024-02-26,2197,Beauty,175,0,2275.00,credit_card,Los Angeles,CA,
2223,2024-01-10,2547,Fashion,53,201,10540.84,credit_card,Denver,CO,78.0
2224,2024-06-03,1831,Home,607,25,14926.14,paypal,New York,NY,74.0
2225,2024-05-26,1944,Home,475,27,12778.58,debit_card,Seattle,WA,60.0
2226,2024-08-14,2178,Fashion,1182,0,3546.00,credit_card,Phoenix,AZ,52.0
2227,2024-11-17,1609,Beauty,245,0,1960.00,cash,Miami,FL,47.0
2228,2024-12-07,1123,Home,201,58,11648.84,paypal,Los Angeles,CA,60.0
2229,2024-04-16,2135,Home,447,23,10490.28,credit_card,Denver,CO,72.0
2230,2024-12-24,2644,Grocery,18,0,180.00,debit_card,New York,NY,44.0
2231,2024-08-19,1146,Toys,116,0,2320.00,debit_card,San Francisco,CA,51.0
2232,2024-01-26,1433,Home,914,16,14583.61,credit_card,Phoenix,AZ,75.0
2233,2024-12-09,1525,Grocery,457,32,14712.90,debit_card,Seattle,WA,75.0
2234,2024-02-20,2609,Home,1150,0,20700.00,credit_card,Houston,TX,32.0
2235,2024-08-03,2009,Home,114,0,1824.00,paypal,Houston,TX,33.0
2236,2024-10-16,2068,Sports,503,0,6036.00,paypal,Phoenix,AZ,30.0
2237,2024-04-01,2290,Toys,209,0,2508.00,paypal,Houston,TX,19.0
2238,2024-04-09,1553,Home,1188,9,11284.78,paypal,New York,NY,61.0
2239,2024-06-23,2427,Beauty,418,0,7106.00,credit_card,Phoenix,AZ,45.0
2240,2024-11-19,1060,Home,919,0,15623.00,credit_card,Phoenix,AZ,19.0
2241,2024-03-22,1227,Beauty,838,0,5866.00,debit_card,Boston,MA,30.0
2242,2024-08-30,2631,Electronics,1092,0,12012.00,credit_card,Phoenix,AZ,51.0
2243,2024-06-14,2316,Sports,1777,0,10662.00,debit_card,Seattle,WA,
2244,2024-02-10,1352,Toys,132,92,12175.13,credit_card,Phoenix,AZ,59.0
2245,2024-09-17,1877,Home,232,0,464.00,credit_card,Phoenix,AZ,51.0
2246,2024-10-31,1103,Toys,558,0,2790.00,credit_card,Boston,MA,29.0
2247,2024-07-29,2343,Toys,92,0,1012.00,debit_card,Miami,FL,36.0
2248,2024-03-05,2511,Toys,483,27,13227.74,credit_card,Denver,CO,67.0
2249,2024-02-26,1556,Fashion,464,23,10555.78,debit_card,Phoenix,AZ,66.0
2250,2024-06-03,1700,Beauty,576,22,12684.79,credit_card,New York,NY,72.0
2251,2024-07-04,1473,Beauty,233,0,3961.00,paypal,Seattle,WA,51.0
2252,2024-07-21,1778,Fashion,447,0,447.00,debit_card,Houston,TX,35.0
2253,2024-03-30,1544,Beauty,367,0,6239.00,debit_card,New York,NY,49.0
2254,2024-07-02,1494,Grocery,58,193,11093.21,credit_card,San Francisco,CA,74.0
2255,2024-04-17,1860,Beauty,139,0,278.00,credit_card,Miami,FL,29.0
2256,2024-09-08,2718,Beauty,357,31,11126.32,credit_card,Miami,FL,71.0
2257,2024-10-18,2525,Beauty,239,55,13015.31,debit_card,Miami,FL,80.0
2258,2024-08-26,1594,Beauty,176,0,704.00,credit_card,Denver,CO,
2259,2024-01-01,2885,Fashion,401,29,11550.37,paypal,Miami,FL,59.0
2260,2024-12-29,1420,Beauty,875,0,10500.00,paypal,Boston,MA,43.0
2261,2024-01-09,2821,Home,386,33,12751.76,credit_card,Boston,MA,71.0
2262,2024-12-31,1618,Fashion,457,0,5941.00,paypal,Boston,MA,28.0
2263,2024-01-12,2080,Grocery,25,454,11311.55,debit_card,Boston,MA,65.0
2264,2024-07-08,1406,Home,531,0,6903.00,credit_card,New York,NY,43.0
2265,2024-02-08,2524,Beauty,413,0,7847.00,paypal,Phoenix,AZ,49.0
2266,2024-02-04,1635,Fashion,835,0,9185.00,cash,Los Angeles,CA,47.0
2267,2024-09-07,2745,Home,599,0,7787.00,credit_card,San Francisco,CA,18.0
2268,2024-09-23,1165,Electronics,3149,4,12438.45,credit_card,Seattle,WA,80.0
2269,2024-02-13,2004,Sports,1096,13,14661.16,debit_card,Seattle,WA,60.0
2270,2024-12-23,1317,Sports,1488,8,12423.63,credit_card,Seattle,WA,55.0
2271,2024-04-27,2777,Sports,1342,0,17446.00,debit_card,Miami,FL,24.0
2272,2024-04-26,1834,Electronics,5146,2,12506.76,debit_card,Boston,MA,67.0
2273,2024-04-18,2348,Home,480,26,12464.20,paypal,Los Angeles,CA,78.0
2274,2024-06-17,2758,Electronics,507,28,14282.81,credit_card,Denver,CO,69.0
2275,2024-03-06,2071,Fashion,727,0,10905.00,credit_card,Boston,MA,33.0
2276,2024-06-04,1114,Grocery,182,0,3094.00,paypal,Los Angeles,CA,
2277,2024-03-17,1441,Home,1930,0,36670.00,credit_card,Miami,FL,41.0
2278,2024-01-19,1425,Toys,851,0,14467.00,credit_card,Phoenix,AZ,19.0
2279,2024-05-14,2828,Electronics,6950,0,111200.00,credit_card,Houston,TX,52.0
2280,2024-09-03,2816,Sports,1003,0,13039.00,credit_card,San Francisco,CA,46.0
2281,2024-10-06,1953,Grocery,117,0,1755.00,credit_card,Los Angeles,CA,49.0
2282,2024-05-09,2780,Fashion,465,29,13408.70,credit_card,San Francisco,CA,80.0
2283,2024-04-28,1492,Home,703,14,10153.13,debit_card,Miami,FL,59.0
2284,2024-10-15,2358,Sports,393,0,4323.00,debit_card,San Francisco,CA,44.0
2285,2024-09-06,1783,Home,651,16,10589.77,paypal,Boston,MA,67.0
2286,2024-10-31,1480,Grocery,102,0,2040.00,paypal,Miami,FL,41.0
2287,2024-11-27,1500,Beauty,356,36,12889.44,credit_card,Chicago,IL,65.0
2288,2024-10-27,1839,Toys,283,49,13800.90,credit_card,Denver,CO,76.0
2289,2024-12-08,1679,Toys,645,16,10585.40,paypal,Miami,FL,75.0
2290,2024-06-01,1422,Toys,35,0,140.00,credit_card,Houston,TX,50.0
2291,2024-05-24,1668,Beauty,284,0,4828.00,credit_card,Los Angeles,CA,47.0
2292,2024-04-27,1257,Sports,1598,0,19176.00,credit_card,Chicago,IL,43.0
2293,2024-03-27,2939,Grocery,436,0,436.00,debit_card,Houston,TX,51.0
2294,2024-10-01,1759,Fashion,768,16,12513.92,credit_card,Chicago,IL,76.0
2295,2024-09-18,1214,Electronics,5642,2,13212.48,credit_card,San Francisco,CA,73.0
2296,2024-10-20,2151,Toys,350,34,12004.10,credit_card,Phoenix,AZ,56.0
2297,2024-03-02,2766,Toys,306,0,4896.00,paypal,Miami,FL,35.0
2298,2024-06-28,1719,Grocery,149,0,2086.00,credit_card,San Francisco,CA,41.0
2299,2024-03-22,2690,Fashion,426,0,5964.00,debit_card,Denver,CO,33.0
2300,2024-11-22,2221,Fashion,229,0,2977.00,credit_card,Phoenix,AZ,29.0
2301,2024-04-07,2478,Sports,404,0,404.00,credit_card,New York,NY,18.0
2302,2024-02-22,1592,Fashion,176,77,13467.54,credit_card,Miami,FL,66.0
2303,2024-07-27,1073,Beauty,373,31,11713.13,credit_card,Denver,CO,64.0
2304,2024-11-17,1691,Fashion,431,0,431.00,credit_card,Houston,TX,29.0
2305,2024-12-01,2848,Beauty,183,72,13115.90,paypal,Chicago,IL,61.0
2306,2024-02-05,2581,Fashion,272,0,5440.00,credit_card,Boston,MA,28.0
2307,2024-04-29,2568,Home,823,0,823.00,paypal,Miami,FL,35.0
2308,2024-02-26,2756,Grocery,182,0,2002.00,credit_card,Chicago,IL,34.0
2309,2024-04-22,1746,Sports,247,0,247.00,credit_card,New York,NY,26.0
2310,2024-07-14,1644,Toys,459,30,13828.55,debit_card,Seattle,WA,63.0
2311,2024-04-12,2850,Toys,655,0,5240.00,paypal,Chicago,IL,
2312,2024-01-25,2143,Fashion,142,0,1988.00,credit_card,Chicago,IL,43.0
2313,2024-07-05,1595,Grocery,151,0,1661.00,credit_card,Houston,TX,48.0
2314,2024-01-20,1556,Fashion,1559,0,21826.00,debit_card,Phoenix,AZ,54.0
2315,2024-03-23,2754,Grocery,357,0,7140.00,credit_card,San Francisco,CA,30.0
2316,2024-01-01,1106,Sports,1102,0,15428.00,debit_card,Phoenix,AZ,47.0
2317,2024-02-01,1123,Electronics,2584,6,14779.80,paypal,San Francisco,CA,67.0
2318,2024-06-08,2475,Electronics,8884,0,142144.00,credit_card,Miami,FL,41.0
2319,2024-11-07,1002,Grocery,15,874,13194.48,paypal,Houston,TX,77.0
2320,2024-10-10,1342,Sports,421,0,7157.00,credit_card,Seattle,WA,45.0
2321,2024-02-06,2981,Fashion,843,14,11757.90,paypal,Chicago,IL,66.0
2322,2024-01-13,1851,Beauty,187,0,2992.00,cash,Denver,CO,25.0
2323,2024-05-03,2455,Toys,823,17,13606.20,debit_card,Houston,TX,71.0
2324,2024-08-26,1974,Toys,296,0,2072.00,cash,Denver,CO,48.0
2325,2024-09-30,1181,Toys,339,41,14022.40,paypal,Miami,FL,80.0
2326,2024-10-28,1368,Home,441,27,12073.18,credit_card,Los Angeles,CA,62.0
2327,2024-05-05,2522,Electronics,965,12,11812.84,credit_card,Phoenix,AZ,64.0
2328,2024-03-02,1189,Beauty,158,0,1896.00,credit_card,Chicago,IL,27.0
2329,2024-01-10,2189,Electronics,1828,0,12796.00,credit_card,Miami,FL,53.0
2330,2024-02-23,1696,Beauty,132,82,10762.34,debit_card,,,64.0
2331,2024-01-24,1740,Electronics,3142,4,13384.50,credit_card,Miami,FL,69.0
2332,2024-11-11,2904,Home,927,0,11124.00,debit_card,Chicago,IL,41.0
2333,2024-04-08,2211,Toys,736,0,13248.00,credit_card,Chicago,IL,53.0
2334,2024-10-28,2230,Toys,124,0,2480.00,credit_card,Los Angeles,CA,28.0
2335,2024-07-21,1700,Beauty,63,0,504.00,credit_card,New York,NY,45.0
2336,2024-07-16,1762,Toys,304,0,5776.00,cash,San Francisco,CA,47.0
2337,2024-06-15,2371,Electronics,14900,0,149000.00,credit_card,Denver,CO,20.0
2338,2024-10-26,1077,Beauty,673,18,12224.35,credit_card,Denver,CO,75.0
2339,2024-01-16,1474,Home,353,30,10664.54,credit_card,Boston,MA,58.0
2340,2024-02-03,2200,Electronics,2058,0,14406.00,cash,Los Angeles,CA,29.0
2341,2024-06-03,2247,Grocery,175,73,12807.29,credit_card,Boston,MA,74.0
2342,2024-05-24,1184,Home,184,81,14949.39,debit_card,Boston,MA,61.0
2343,2024-07-18,2575,Sports,1827,6,10256.65,credit_card,Los Angeles,CA,61.0
2344,2024-09-27,2085,Sports,534,24,12577.59,credit_card,San Francisco,CA,76.0
2345,2024-08-03,1475,Beauty,227,0,2270.00,debit_card,Denver,CO,43.0
2346,2024-04-04,2503,Electronics,1494,0,11952.00,debit_card,Houston,TX,40.0
2347,2024-04-29,2981,Electronics,3662,4,14679.13,debit_card,Seattle,WA,56.0
2348,2024-10-02,1847,Fashion,234,63,14795.64,credit_card,San Francisco,CA,73.0
2349,2024-03-14,1566,Sports,156,75,11708.61,cash,Los Angeles,CA,69.0
2350,2024-07-03,1598,Beauty,316,34,10858.30,credit_card,Denver,CO,67.0
2351,2024-07-16,2185,Toys,60,203,12103.63,cash,Houston,TX,66.0
2352,2024-10-01,1094,Home,432,0,2160.00,credit_card,Denver,CO,20.0
2353,2024-09-18,1966,Grocery,253,0,1771.00,credit_card,Los Angeles,CA,48.0
2354,2024-06-19,1049,Sports,976,0,3904.00,credit_card,Boston,MA,40.0
2355,2024-04-23,1077,Grocery,458,0,8702.00,paypal,Seattle,WA,40.0
2356,2024-05-14,1860,Grocery,458,25,11592.64,paypal,Houston,TX,71.0
2357,2024-05-30,2491,Electronics,325,0,2279.00,credit_card,Phoenix,AZ,43.0
2358,2024-03-21,2766,Sports,382,33,12412.93,credit_card,Los Angeles,CA,70.0
2359,2024-08-16,1175,Fashion,588,22,12979.80,credit_card,Miami,FL,75.0
2360,2024-03-17,1488,Sports,431,0,7327.00,credit_card,Denver,CO,46.0
2361,2024-08-25,1843,Fashion,919,0,18380.00,paypal,Seattle,WA,28.0
2362,2024-10-02,2148,Sports,581,24,13841.20,credit_card,Los Angeles,CA,62.0
2363,2024-12-18,2974,Sports,2416,5,13170.79,credit_card,Miami,FL,72.0
2364,2024-02-13,2368,Home,360,0,2880.00,credit_card,Phoenix,AZ,43.0
2365,2024-10-05,2076,Fashion,1318,0,2636.00,credit_card,Denver,CO,30.0
2366,2024-02-01,1121,Home,883,0,7064.00,cash,Los Angeles,CA,50.0
2367,2024-05-03,1161,Beauty,459,32,14460.27,credit_card,Seattle,WA,79.0
2368,2024-03-05,1306,Toys,471,0,6594.00,paypal,Phoenix,AZ,50.0
2369,2024-02-29,2321,Fashion,527,0,4743.00,debit_card,San Francisco,CA,46.0
2370,2024-03-05,1662,Fashion,568,0,1704.00,debit_card,Chicago,IL,45.0
2371,2024-01-17,1481,Electronics,1242,11,13678.55,credit_card,Miami,FL,64.0
2372,2024-10-28,2340,Fashion,244,2,585.36,debit_card,San Francisco,CA,39.0
2373,2024-01-23,2630,Grocery,75,169,12593.24,debit_card,Houston,TX,63.0
2374,2024-05-25,1878,Electronics,381,28,10596.50,credit_card,Seattle,WA,80.0
2375,2024-09-12,2763,Home,1078,13,14018.76,paypal,Los Angeles,CA,66.0
2376,2024-12-28,2468,Beauty,459,30,13570.83,credit_card,Phoenix,AZ,76.0
2377,2024-11-08,2432,Sports,513,0,6156.00,credit_card,Denver,CO,
2378,2024-02-20,2735,Electronics,2462,5,11680.85,credit_card,Houston,TX,71.0
2379,2024-12-27,1367,Sports,1195,0,14340.00,debit_card,Los Angeles,CA,20.0
2380,2024-08-27,2516,Beauty,59,0,118.00,credit_card,Seattle,WA,40.0
2381,2024-03-06,2915,Fashion,397,0,4764.00,credit_card,Phoenix,AZ,35.0
2382,2024-06-13,2984,Fashion,618,18,11159.79,credit_card,Boston,MA,72.0
2383,2024-12-01,2156,Toys,318,0,4452.00,credit_card,New York,NY,32.0
2384,2024-05-23,2508,Toys,895,15,13290.40,credit_card,Denver,CO,78.0
2385,2024-03-08,2777,Grocery,458,23,10421.13,paypal,Boston,MA,62.0
2386,2024-11-16,2704,Home,107,0,107.00,credit_card,San Francisco,CA,25.0
2387,2024-12-14,2795,Home,1051,13,13936.25,cash,Phoenix,AZ,61.0
2388,2024-12-23,2664,Home,358,0,1432.00,debit_card,Phoenix,AZ,39.0
2389,2024-12-15,1762,Toys,75,0,1275.00,paypal,Houston,TX,36.0
2390,2024-11-15,2460,Sports,538,21,11134.42,paypal,San Francisco,CA,80.0
2391,2024-06-15,1820,Fashion,1144,11,12967.38,credit_card,New York,NY,67.0
2392,2024-03-11,2603,Toys,460,25,11517.81,debit_card,Seattle,WA,66.0
2393,2024-08-13,2620,Fashion,2774,0,27740.00,credit_card,Los Angeles,CA,37.0
2394,2024-03-21,2869,Home,462,27,12386.20,credit_card,Miami,FL,59.0
2395,2024-06-22,2176,Sports,655,0,655.00,credit_card,Denver,CO,39.0
2396,2024-08-28,1950,Sports,457,31,14003.15,debit_card,Miami,FL,55.0
2397,2024-12-12,1331,Fashion,442,0,2210.00,paypal,New York,NY,43.0
2398,2024-04-15,2276,Sports,549,0,8784.00,credit_card,Houston,TX,
2399,2024-04-02,2132,Grocery,30,385,11435.14,paypal,New York,NY,64.0
2400,2024-09-25,2029,Home,5277,0,100263.00,credit_card,Phoenix,AZ,37.0
2401,2024-01-03,2352,Home,370,0,5920.00,credit_card,Chicago,IL,18.0
2402,2024-07-26,2702,Sports,411,0,822.00,credit_card,Miami,FL,24.0
2403,2024-09-30,1297,Electronics,3182,3,10165.45,debit_card,Seattle,WA,75.0
2404,2024-07-20,1862,Home,2346,4,10386.96,credit_card,Houston,TX,78.0
2405,2024-05-20,2444,Sports,1504,7,10372.38,credit_card,San Francisco,CA,61.0
2406,2024-10-30,2639,Sports,234,0,2340.00,credit_card,Boston,MA,24.0
2407,2024-05-15,2556,Toys,362,0,724.00,debit_card,Miami,FL,54.0
2408,2024-09-17,2598,Electronics,325,0,325.00,paypal,Houston,TX,45.0
2409,2024-06-18,2710,Beauty,503,0,7042.00,credit_card,Los Angeles,CA,32.0
2410,2024-01-10,2923,Sports,165,0,2145.00,debit_card,Seattle,WA,41.0
2411,2024-07-13,2216,Home,289,43,12295.10,debit_card,Boston,MA,67.0
2412,2024-01-19,1497,Fashion,426,24,10416.40,credit_card,San Francisco,CA,80.0
2413,2024-12-06,2127,Home,785,0,10990.00,credit_card,,,
2414,2024-08-08,2419,Sports,496,0,4960.00,paypal,New York,NY,
2415,2024-05-16,1201,Sports,2059,0,14413.00,credit_card,Denver,CO,49.0
2416,2024-06-26,2513,Sports,1089,0,5445.00,credit_card,Los Angeles,CA,51.0
2417,2024-08-14,2088,Sports,1023,0,11253.00,paypal,New York,NY,36.0
2418,2024-04-05,2872,Grocery,37,1,45723.00,paypal,Seattle,WA,45.0
2419,2024-04-15,1423,Grocery,385,0,7315.00,debit_card,Phoenix,AZ,41.0
2420,2024-06-02,2813,Sports,321,0,6099.00,paypal,Chicago,IL,22.0
2421,2024-04-04,1896,Grocery,392,0,7056.00,credit_card,Los Angeles,CA,44.0
2422,2024-10-04,2147,Beauty,1232,0,22176.00,paypal,Los Angeles,CA,40.0
2423,2024-02-07,2320,Beauty,368,0,3312.00,credit_card,Phoenix,AZ,37.0
2424,2024-10-29,2158,Home,1255,10,12063.35,paypal,Boston,MA,56.0
2425,2024-05-07,2807,Sports,52,260,13489.28,credit_card,Miami,FL,62.0
2426,2024-07-24,1334,Fashion,366,0,4758.00,credit_card,New York,NY,20.0
2427,2024-02-27,2459,Electronics,3540,0,24780.00,credit_card,Chicago,IL,39.0
2428,2024-05-21,2949,Electronics,3078,0,9234.00,paypal,Miami,FL,19.0
2429,2024-10-03,1440,Toys,115,125,14399.34,credit_card,,,69.0
2430,2024-04-09,1510,Fashion,338,33,11107.16,paypal,New York,NY,76.0
2431,2024-02-18,1950,Beauty,32,0,320.00,credit_card,Houston,TX,47.0
2432,2024-07-10,2449,Toys,425,0,3825.00,credit_card,Chicago,IL,-999.0
2433,2024-02-29,2917,Electronics,325,44,14383.34,debit_card,Phoenix,AZ,57.0
2434,2024-04-25,2591,Beauty,604,25,14890.42,credit_card,Houston,TX,72.0
2435,2024-06-13,2588,Sports,1573,8,13128.54,debit_card,Chicago,IL,77.0
2436,2024-07-25,1882,Sports,418,0,3344.00,cash,Denver,CO,54.0
2437,2024-08-22,2290,Grocery,148,0,1628.00,debit_card,Boston,MA,46.0
2438,2024-09-04,1422,Toys,257,53,13686.10,credit_card,Seattle,WA,64.0
2439,2024-11-05,1926,Electronics,1779,0,5337.00,credit_card,Boston,MA,28.0
2440,2024-01-25,1377,Home,220,0,2200.00,paypal,Houston,TX,-999.0
2441,2024-05-12,1054,Fashion,703,0,9842.00,debit_card,Denver,CO,52.0
2442,2024-01-01,2712,Electronics,394,0,2364.00,paypal,Phoenix,AZ,30.0
2443,2024-01-04,2609,Home,127,0,1524.00,credit_card,Houston,TX,49.0
2444,2024-03-18,2021,Beauty,222,56,12415.19,paypal,Seattle,WA,71.0
2445,2024-08-06,1028,Electronics,1238,8,10374.24,credit_card,Seattle,WA,67.0
2446,2024-11-23,1180,Home,683,22,14799.70,paypal,Miami,FL,74.0
2447,2024-10-10,1223,Sports,363,41,14726.33,paypal,San Francisco,CA,72.0
2448,2024-08-24,2434,Electronics,6625,0,99375.00,paypal,Los Angeles,CA,38.0
2449,2024-10-11,1406,Home,625,19,11613.88,credit_card,Boston,MA,62.0
2450,2024-03-03,1500,Grocery,118,0,2360.00,paypal,Chicago,IL,41.0
2451,2024-11-03,2722,Toys,358,31,10978.71,credit_card,Los Angeles,CA,79.0
2452,2024-11-21,2752,Grocery,459,0,459.00,credit_card,Phoenix,AZ,29.0
2453,2024-02-04,2526,Fashion,678,0,10170.00,debit_card,Seattle,WA,34.0
2454,2024-06-21,1619,Toys,435,24,10327.42,credit_card,Miami,FL,77.0
2455,2024-10-30,2159,Home,993,0,17874.00,credit_card,Chicago,IL,33.0
2456,2024-06-23,1400,Fashion,99,126,12489.90,debit_card,San Francisco,CA,57.0
2457,2024-11-03,2715,Home,132,0,264.00,debit_card,Seattle,WA,36.0
2458,2024-12-08,1169,Beauty,230,0,3910.00,debit_card,Seattle,WA,35.0
2459,2024-06-22,2488,Home,469,31,14623.84,credit_card,Boston,MA,60.0
2460,2024-01-22,2023,Home,874,12,10204.71,debit_card,Miami,FL,68.0
2461,2024-05-04,2514,Sports,626,0,10016.00,credit_card,Phoenix,AZ,32.0
2462,2024-03-19,1901,Sports,973,13,13057.74,credit_card,Phoenix,AZ,79.0
2463,2024-06-22,1316,Fashion,158,0,632.00,credit_card,Los Angeles,CA,23.0
2464,2024-08-02,2502,Fashion,424,0,424.00,debit_card,Seattle,WA,24.0
2465,2024-06-18,2262,Fashion,146,97,14177.81,credit_card,Los Angeles,CA,79.0
2466,2024-03-12,1929,Grocery,133,0,2660.00,credit_card,Miami,FL,21.0
2467,2024-04-20,1745,Toys,459,0,5967.00,paypal,Phoenix,AZ,37.0
2468,2024-09-05,1687,Grocery,129,0,1032.00,paypal,Los Angeles,CA,25.0
2469,2024-01-10,1962,Grocery,457,0,6855.00,debit_card,Phoenix,AZ,32.0
2470,2024-03-19,1523,Toys,225,0,3375.00,paypal,Denver,CO,22.0
2471,2024-11-22,1564,Beauty,500,0,2500.00,cash,Seattle,WA,40.0
2472,2024-02-06,1556,Electronics,1758,0,31644.00,debit_card,Houston,TX,36.0
2473,2024-05-31,1025,Grocery,26,0,286.00,credit_card,Phoenix,AZ,27.0
2474,2024-03-16,2855,Sports,357,33,11898.51,debit_card,Miami,FL,63.0
2475,2024-02-08,1473,Toys,92,0,1012.00,paypal,Chicago,IL,20.0
2476,2024-06-03,1330,Home,142,0,284.00,debit_card,Seattle,WA,47.0
2477,2024-07-09,1302,Electronics,1614,0,3228.00,credit_card,New York,NY,
2478,2024-03-05,2976,Grocery,457,29,13059.88,paypal,San Francisco,CA,58.0
2479,2024-01-29,1953,Sports,869,0,13904.00,paypal,Miami,FL,39.0
2480,2024-02-19,1653,Electronics,2374,0,16618.00,credit_card,Chicago,IL,47.0
2481,2024-08-26,1807,Toys,303,40,12219.70,cash,Phoenix,AZ,69.0
2482,2024-11-10,1176,Electronics,1178,0,14136.00,debit_card,San Francisco,CA,27.0
2483,2026-03-01,1627,Sports,259,0,259.00,paypal,Denver,CO,45.0
2484,2024-04-27,1497,Toys,215,0,645.00,paypal,Chicago,IL,-999.0
2485,2024-05-05,2606,Beauty,85,122,10327.00,credit_card,Los Angeles,CA,64.0
2486,2024-05-12,1116,Sports,316,0,4740.00,paypal,Chicago,IL,51.0
2487,2024-03-30,1850,Fashion,459,27,12522.30,credit_card,Houston,TX,64.0
2488,2024-01-21,2580,Beauty,222,47,10445.29,paypal,San Francisco,CA,68.0
2489,2024-07-11,2667,Home,6387,2,13424.85,paypal,Boston,MA,67.0
2490,2024-05-10,2025,Electronics,499,23,11550.49,paypal,Los Angeles,CA,56.0
2491,2024-05-05,1445,Home,497,28,14012.51,paypal,Houston,TX,75.0
2492,2024-04-06,1673,Beauty,78,0,1248.00,paypal,Miami,FL,19.0
2493,2024-12-06,1444,Sports,448,0,2688.00,credit_card,Seattle,WA,
2494,2024-08-11,2324,Electronics,1113,12,12935.18,credit_card,Phoenix,AZ,68.0
2495,2024-06-02,1585,Home,1085,0,2170.00,credit_card,Phoenix,AZ,24.0
2496,2024-03-16,2261,Electronics,1023,14,14675.15,paypal,Denver,CO,69.0
2497,2024-10-20,2311,Beauty,210,0,2730.00,debit_card,Seattle,WA,20.0
2498,2024-11-21,2879,Sports,433,32,13688.71,debit_card,Boston,MA,67.0
2499,2024-01-12,1740,Electronics,478,0,5736.00,credit_card,Denver,CO,29.0
2500,2024-12-06,2922,Home,326,42,13624.27,debit_card,Houston,TX,60.0
2501,2024-09-12,1801,Toys,458,25,11523.60,credit_card,Boston,MA,70.0
2502,2024-02-06,2361,Toys,324,38,12209.58,cash,San Francisco,CA,69.0
2503,2024-10-02,2323,Beauty,382,0,764.00,paypal,Los Angeles,CA,54.0
2504,2024-02-09,2635,Electronics,1215,11,13727.84,credit_card,Los Angeles,CA,75.0
2505,2024-01-19,1938,Electronics,1198,0,15574.00,paypal,Chicago,IL,26.0
2506,2024-02-12,2584,Electronics,370,0,1480.00,credit_card,Miami,FL,32.0
2507,2024-06-17,1710,Fashion,658,0,1316.00,credit_card,Boston,MA,26.0
2508,2024-08-14,1982,Beauty,140,97,13610.40,debit_card,Boston,MA,63.0
2509,2024-05-29,1999,Toys,555,24,13461.45,debit_card,Houston,TX,74.0
2510,2024-02-14,2408,Home,1576,6,10039.76,credit_card,Boston,MA,76.0
2511,2024-03-13,2236,Toys,263,0,2893.00,credit_card,New York,NY,50.0
2512,2024-11-07,1156,Toys,135,0,1350.00,credit_card,,,26.0
2513,2024-12-18,2618,Home,542,0,3252.00,credit_card,Phoenix,AZ,28.0
2514,2024-10-03,2516,Beauty,323,31,10086.61,credit_card,San Francisco,CA,57.0
2515,2024-02-07,1209,Fashion,332,31,10337.33,credit_card,,,74.0
2516,2024-10-27,2923,Electronics,933,11,10157.92,paypal,Seattle,WA,80.0
2517,2024-09-10,2321,Fashion,671,21,13864.25,credit_card,Miami,FL,63.0
2518,2024-07-11,1169,Beauty,364,35,12734.47,credit_card,Denver,CO,73.0
2519,2024-02-22,1982,Toys,232,0,3712.00,credit_card,Houston,TX,48.0
2520,2024-12-30,2672,Home,146,0,1898.00,credit_card,Chicago,IL,30.0
2521,2024-06-10,1559,Beauty,352,0,4224.00,paypal,Seattle,WA,47.0
2522,2024-01-17,2865,Fashion,231,0,2541.00,credit_card,Houston,TX,24.0
2523,2024-03-17,1836,Sports,725,17,12524.48,credit_card,Miami,FL,60.0
2524,2024-05-26,1452,Electronics,1654,0,13232.00,paypal,Boston,MA,38.0
2525,2024-01-23,1712,Grocery,22,0,308.00,paypal,Seattle,WA,39.0
2526,2024-04-28,2049,Beauty,459,0,5508.00,credit_card,Houston,TX,18.0
2527,2024-06-20,2376,Home,830,13,10428.00,credit_card,Seattle,WA,80.0
2528,2024-12-13,2855,Sports,1017,0,17289.00,paypal,Phoenix,AZ,44.0
2529,2024-02-01,1389,Beauty,268,52,13873.12,debit_card,Chicago,IL,67.0
2530,2024-07-30,2920,Sports,126,0,2394.00,paypal,Boston,MA,50.0
2531,2024-12-01,2055,Home,1527,7,10464.22,credit_card,Houston,TX,58.0
2532,2024-10-22,1255,Grocery,136,0,952.00,paypal,Seattle,WA,47.0
2533,2024-12-04,2852,Home,210,53,11109.70,credit_card,Denver,CO,61.0
2534,2024-03-03,1698,Fashion,228,0,2964.00,credit_card,Chicago,IL,30.0
2535,2024-10-20,2241,Fashion,514,27,14094.55,paypal,Phoenix,AZ,80.0
2536,2024-12-24,2396,Grocery,168,0,504.00,debit_card,Chicago,IL,44.0
2537,2024-04-29,1026,Sports,413,0,7434.00,credit_card,Phoenix,AZ,18.0
2538,2024-07-01,1443,Beauty,473,28,13462.89,credit_card,Houston,TX,78.0
2539,2024-07-13,2372,Grocery,23,0,46.00,paypal,Denver,CO,19.0
2540,2024-06-29,1649,Grocery,42,0,168.00,credit_card,Houston,TX,47.0
2541,2024-04-16,1018,Beauty,47,224,10463.70,credit_card,Miami,FL,67.0
2542,2024-12-21,1046,Grocery,48,0,864.00,credit_card,Chicago,IL,41.0
2543,2024-12-16,2652,Grocery,327,0,327.00,credit_card,Phoenix,AZ,31.0
2544,2024-05-19,1307,Grocery,507,0,1521.00,paypal,San Francisco,CA,33.0
2545,2024-10-21,1200,Toys,368,28,10369.47,credit_card,Miami,FL,61.0
2546,2024-05-25,2124,Electronics,880,0,14960.00,credit_card,Los Angeles,CA,54.0
2547,2024-10-17,1237,Electronics,1228,0,19648.00,debit_card,Denver,CO,49.0
2548,2024-08-02,2306,Beauty,357,0,2856.00,credit_card,San Francisco,CA,50.0
2549,2024-06-21,2088,Fashion,122,0,122.00,debit_card,Phoenix,AZ,38.0
2550,2024-02-16,2297,Beauty,155,78,12032.49,credit_card,Denver,CO,76.0
2551,2024-08-27,1983,Grocery,459,0,2295.00,paypal,Chicago,IL,32.0
2552,2024-04-27,2556,?,132,98,13016.97,paypal,Houston,TX,70.0
2553,2024-03-20,2289,Beauty,134,84,11233.80,paypal,Denver,CO,66.0
2554,2024-03-11,1830,Home,556,0,3336.00,credit_card,Denver,CO,18.0
2555,2024-12-25,1030,Sports,766,0,3830.00,paypal,San Francisco,CA,28.0
2556,2024-02-07,1546,Grocery,59,0,413.00,debit_card,Chicago,IL,52.0
2557,2024-10-19,1262,Beauty,260,0,4160.00,credit_card,Los Angeles,CA,27.0
2558,2024-11-13,1031,Home,894,14,12925.87,credit_card,Miami,FL,71.0
2559,2024-01-12,1546,Grocery,469,0,6566.00,credit_card,New York,NY,
2560,2024-08-03,1413,Sports,552,21,11797.20,credit_card,Denver,CO,70.0
2561,2024-07-30,1153,Beauty,236,0,2832.00,credit_card,Denver,CO,25.0
2562,2024-05-11,1624,Sports,2073,0,10365.00,paypal,San Francisco,CA,19.0
2563,2024-09-01,2013,Toys,197,66,12943.16,cash,Denver,CO,58.0
2564,2024-05-29,1356,Home,458,30,13627.56,credit_card,Los Angeles,CA,68.0
2565,2024-06-09,1546,Fashion,522,27,14215.81,paypal,San Francisco,CA,80.0
2566,2024-06-06,1040,Beauty,578,19,10979.23,debit_card,Los Angeles,CA,67.0
2567,2024-10-20,1100,Beauty,326,32,10425.60,credit_card,Chicago,IL,65.0
2568,2024-08-19,1314,Electronics,1356,0,2712.00,paypal,Los Angeles,CA,21.0
2569,2024-05-18,1905,Electronics,461,23,10591.90,debit_card,Boston,MA,56.0
2570,2024-12-05,2332,Toys,291,37,10826.90,debit_card,Denver,CO,62.0
2571,2024-10-20,2576,Sports,1638,0,16380.00,credit_card,Miami,FL,42.0
2572,2024-12-07,2259,Beauty,457,25,11621.77,credit_card,Los Angeles,CA,80.0
2573,2024-09-24,2233,Electronics,1205,8,10143.18,paypal,Miami,FL,80.0
2574,2024-05-23,2871,Fashion,314,45,14162.69,credit_card,Seattle,WA,71.0
2575,2024-10-09,1511,Electronics,839,17,14245.28,credit_card,Seattle,WA,73.0
2576,2024-04-30,2596,?,372,0,4836.00,credit_card,Houston,TX,53.0
2577,2024-04-09,2873,Grocery,139,97,13565.78,credit_card,Chicago,IL,69.0
2578,2024-06-14,2135,Home,777,0,777.00,credit_card,Houston,TX,22.0
2579,2024-12-20,2681,Fashion,196,0,1960.00,paypal,San Francisco,CA,32.0
2580,2024-07-26,1275,Beauty,66,180,11782.41,credit_card,Phoenix,AZ,59.0
2581,2024-05-20,2757,Electronics,1808,0,12656.00,paypal,New York,NY,25.0
2582,2024-06-18,2128,Grocery,65,208,13533.74,debit_card,Houston,TX,69.0
2583,2024-04-16,1443,Grocery,425,0,8075.00,credit_card,Phoenix,AZ,29.0
2584,2024-08-29,1123,Home,2482,0,19856.00,credit_card,Seattle,WA,40.0
2585,2024-05-08,2439,Electronics,7206,0,79266.00,credit_card,Miami,FL,34.0
2586,2024-07-21,1861,Toys,144,0,864.00,paypal,Phoenix,AZ,52.0
2587,2024-05-15,1620,Electronics,2311,0,6933.00,paypal,Chicago,IL,23.0
2588,2024-04-27,1780,Sports,1226,11,12873.30,credit_card,Phoenix,AZ,69.0
2589,2024-12-21,2982,Electronics,2689,5,13311.73,paypal,New York,NY,73.0
2590,2024-05-06,1855,Sports,460,23,10439.42,paypal,Seattle,WA,65.0
2591,2024-01-26,1157,Fashion,1190,0,1190.00,credit_card,Phoenix,AZ,29.0
2592,2024-05-18,1559,Toys,306,0,5202.00,debit_card,Houston,TX,36.0
2593,2024-07-13,1290,Grocery,108,0,1296.00,paypal,Miami,FL,32.0
2594,2024-02-04,2371,Sports,179,0,2327.00,paypal,Boston,MA,-999.0
2595,2024-04-21,2600,Toys,512,28,14373.58,credit_card,Los Angeles,CA,73.0
2596,2024-03-01,2681,Toys,248,47,11743.40,credit_card,Seattle,WA,73.0
2597,2024-07-02,2265,Grocery,142,80,11346.13,credit_card,Seattle,WA,78.0
2598,2024-09-21,2537,Home,663,18,11954.70,credit_card,Seattle,WA,61.0
2599,2024-12-20,1834,Home,635,0,11430.00,credit_card,Phoenix,AZ,31.0
2600,2024-05-22,2255,Fashion,412,0,1236.00,debit_card,Los Angeles,CA,43.0
2601,2024-11-11,1213,Beauty,458,0,7328.00,credit_card,Chicago,IL,36.0
2602,2024-03-19,2076,Grocery,83,0,1245.00,credit_card,New York,NY,22.0
2603,2024-10-12,2114,Home,172,65,11236.49,debit_card,New York,NY,68.0
2604,2024-07-24,1062,Electronics,2316,0,39372.00,credit_card,San Francisco,CA,-999.0
2605,2024-10-04,2096,Toys,160,94,14970.85,credit_card,New York,NY,79.0
2606,2024-10-03,2445,Toys,106,125,13231.70,paypal,San Francisco,CA,70.0
2607,2024-07-13,1735,Fashion,189,77,14482.60,paypal,San Francisco,CA,58.0
2608,2024-04-04,2089,Home,690,0,2070.00,credit_card,Los Angeles,CA,20.0
2609,2024-07-11,1572,?,226,0,2486.00,paypal,Phoenix,AZ,45.0
2610,2024-10-29,1541,Beauty,44,0,440.00,paypal,Houston,TX,47.0
2611,2024-12-21,1258,Beauty,180,82,14755.13,debit_card,Houston,TX,60.0
2612,2024-12-05,1655,Toys,778,0,5446.00,cash,Houston,TX,53.0
2613,2024-03-07,2606,Home,383,0,2298.00,credit_card,Houston,TX,
2614,2024-08-06,2871,Fashion,375,0,4500.00,credit_card,Miami,FL,19.0
2615,2024-02-08,2271,Electronics,3376,0,47264.00,paypal,Phoenix,AZ,25.0
2616,2024-09-01,2248,Home,1039,12,12906.20,credit_card,Chicago,IL,78.0
2617,2024-12-29,2227,Sports,1383,0,12447.00,credit_card,Houston,TX,45.0
2618,2024-01-20,1951,Sports,67,211,14002.59,credit_card,Denver,CO,69.0
2619,2024-08-28,1846,Electronics,5866,2,14526.45,credit_card,Denver,CO,72.0
2620,2024-12-12,2241,Grocery,163,0,1793.00,credit_card,New York,NY,25.0
2621,2024-11-06,2568,Home,3938,3,10750.40,credit_card,Seattle,WA,62.0
2622,2024-05-23,1827,Sports,327,0,654.00,cash,Denver,CO,28.0
2623,2024-02-08,2131,Sports,459,0,2754.00,credit_card,Chicago,IL,
2624,2024-12-04,1940,Sports,614,0,6754.00,paypal,New York,NY,
2625,2024-12-03,1571,Beauty,458,25,11345.79,credit_card,Los Angeles,CA,65.0
2626,2024-07-30,1580,Beauty,412,0,6180.00,credit_card,Houston,TX,23.0
2627,2024-12-24,1157,Grocery,459,26,12008.70,paypal,Denver,CO,60.0
2628,2024-01-02,1879,Fashion,399,0,5586.00,credit_card,Los Angeles,CA,42.0
2629,2024-08-13,2424,Home,453,0,9060.00,credit_card,Houston,TX,-999.0
2630,2024-01-15,2371,Fashion,649,0,9735.00,paypal,Los Angeles,CA,33.0
2631,2024-12-08,2971,Sports,498,0,2490.00,credit_card,Houston,TX,39.0
2632,2024-09-06,1079,Fashion,326,0,5868.00,credit_card,Denver,CO,39.0
2633,2024-11-30,2521,Sports,1401,0,14010.00,cash,,,37.0
2634,2024-07-24,2590,Home,1506,0,4518.00,credit_card,,,50.0
2635,2024-01-31,1872,Toys,727,0,6543.00,debit_card,Miami,FL,
2636,2024-01-10,1565,Toys,267,0,4005.00,credit_card,Chicago,IL,46.0
2637,2024-05-02,1714,Sports,457,0,914.00,credit_card,New York,NY,29.0
2638,2024-09-29,2365,Grocery,87,151,13114.21,credit_card,Denver,CO,56.0
2639,2024-02-25,2724,Grocery,53,260,13841.49,debit_card,Los Angeles,CA,70.0
2640,2024-11-07,2285,Grocery,88,133,11725.20,credit_card,Los Angeles,CA,55.0
2641,2024-03-28,2028,Electronics,857,0,7713.00,paypal,Houston,TX,51.0
2642,2024-06-30,2305,Grocery,96,148,14213.44,paypal,New York,NY,60.0
2643,2024-03-15,1141,Fashion,186,71,13271.81,credit_card,Chicago,IL,73.0
2644,2024-06-19,2216,Sports,219,0,876.00,credit_card,New York,NY,22.0
2645,2024-06-14,1084,Fashion,1137,10,11860.11,debit_card,Seattle,WA,79.0
2646,2024-01-03,2918,Home,457,0,1371.00,debit_card,Phoenix,AZ,
2647,2024-07-26,2778,Grocery,98,137,13403.57,credit_card,Los Angeles,CA,78.0
2648,2024-10-14,2016,Toys,655,0,655.00,paypal,Denver,CO,49.0
2649,2024-12-08,1748,Grocery,203,70,14260.17,credit_card,Houston,TX,71.0
2650,2024-05-01,2464,Grocery,185,0,3515.00,paypal,New York,NY,23.0
2651,2024-11-18,2275,Fashion,545,0,4905.00,paypal,New York,NY,44.0
2652,2024-11-17,2410,Beauty,436,27,11679.76,credit_card,Boston,MA,73.0
2653,2024-12-27,2031,Sports,1832,0,29312.00,credit_card,Seattle,WA,35.0
2654,2024-05-16,1472,Sports,858,14,11934.91,credit_card,Los Angeles,CA,66.0
2655,2024-11-07,1146,Beauty,56,0,616.00,credit_card,Los Angeles,CA,38.0
2656,2024-07-25,1566,Toys,457,29,13459.17,paypal,Los Angeles,CA,55.0
2657,2024-01-22,2057,Grocery,458,27,12149.11,credit_card,Phoenix,AZ,59.0
2658,2024-04-08,1848,Beauty,148,74,10888.34,debit_card,Boston,MA,73.0
2659,2024-09-02,2012,Toys,1116,0,22320.00,paypal,Miami,FL,39.0
2660,2024-02-28,1555,Grocery,93,154,14270.83,cash,Boston,MA,67.0
2661,2024-06-08,2875,Electronics,1569,0,23535.00,credit_card,New York,NY,45.0
2662,2024-10-10,1733,Beauty,607,0,1821.00,cash,Seattle,WA,42.0
2663,2024-02-24,2692,Fashion,369,0,2214.00,credit_card,Boston,MA,
2664,2024-06-30,1781,Sports,703,0,7030.00,credit_card,Los Angeles,CA,-999.0
2665,2024-03-19,1887,Beauty,502,22,11007.72,credit_card,Seattle,WA,66.0
2666,2024-07-15,2207,Home,169,0,845.00,debit_card,New York,NY,24.0
2667,2024-03-29,1526,Grocery,78,0,312.00,credit_card,Denver,CO,25.0
2668,2024-12-19,1439,Sports,1186,0,16604.00,credit_card,Boston,MA,29.0
2669,2024-01-29,1758,Fashion,455,0,8190.00,credit_card,Miami,FL,39.0
2670,2024-12-18,2608,Fashion,1383,0,23511.00,paypal,Seattle,WA,28.0
2671,2024-10-16,1289,Fashion,463,24,11231.71,debit_card,Miami,FL,55.0
2672,2024-11-09,1875,Grocery,25,567,14339.80,debit_card,Phoenix,AZ,69.0
2673,2024-11-07,2344,Electronics,2713,0,54260.00,debit_card,Denver,CO,51.0
2674,2024-03-09,2412,Sports,1228,11,13209.78,credit_card,Los Angeles,CA,59.0
2675,2024-12-06,1868,Beauty,209,58,12158.40,credit_card,San Francisco,CA,74.0
2676,2024-08-05,1162,Sports,841,14,11909.50,credit_card,Boston,MA,74.0
2677,2024-12-18,1031,Sports,1109,10,10916.18,credit_card,San Francisco,CA,59.0
2678,2024-11-17,1939,Fashion,223,0,2230.00,paypal,New York,NY,22.0
2679,2024-07-31,2620,Electronics,833,12,10339.58,credit_card,Phoenix,AZ,67.0
2680,2024-05-17,1056,Toys,355,41,14547.11,debit_card,Miami,FL,65.0
2681,2024-02-12,2774,Grocery,201,0,1005.00,paypal,Miami,FL,37.0
2682,2024-02-07,2351,Sports,457,0,9140.00,paypal,Miami,FL,28.0
2683,2024-05-22,1016,Sports,521,0,8336.00,credit_card,Miami,FL,26.0
2684,2024-10-23,1687,Electronics,1206,0,15678.00,paypal,Los Angeles,CA,35.0
2685,2024-07-03,1441,Grocery,137,75,10223.65,debit_card,San Francisco,CA,64.0
2686,2024-06-25,2898,Grocery,458,22,10308.40,credit_card,Phoenix,AZ,77.0
2687,2024-03-30,2109,Grocery,63,0,1260.00,paypal,Denver,CO,27.0
2688,2024-07-25,1648,Fashion,1167,0,5835.00,credit_card,Seattle,WA,44.0
2689,2024-08-21,1556,Toys,198,69,13760.51,paypal,Seattle,WA,70.0
2690,2024-12-25,2127,Sports,483,0,1932.00,debit_card,Seattle,WA,23.0
2691,2024-09-23,1010,Home,154,94,14468.72,paypal,San Francisco,CA,77.0
2692,2024-08-10,1514,Home,316,0,1264.00,paypal,Denver,CO,19.0
2693,2024-11-29,1330,Fashion,646,0,12920.00,debit_card,Seattle,WA,35.0
2694,2024-06-04,2240,Sports,789,0,9468.00,credit_card,Seattle,WA,20.0
2695,2024-12-08,2338,Electronics,2368,6,13548.56,credit_card,New York,NY,65.0
2696,2024-05-15,1934,Toys,475,0,4750.00,paypal,New York,NY,44.0
2697,2024-02-16,1280,Sports,3245,0,22715.00,debit_card,Boston,MA,45.0
2698,2024-06-01,1741,Grocery,54,1,45977.00,paypal,Houston,TX,52.0
2699,2024-02-17,2685,Home,458,0,916.00,credit_card,Phoenix,AZ,36.0
2700,2024-02-13,1407,Electronics,633,18,11210.38,credit_card,Miami,FL,65.0
2701,2024-11-18,1326,Fashion,244,0,244.00,paypal,Los Angeles,CA,45.0
2702,2024-10-17,1223,Grocery,45,253,11353.25,paypal,Houston,TX,68.0
2703,2024-03-21,2633,Fashion,468,32,14806.89,credit_card,New York,NY,58.0
2704,2024-11-02,1239,Toys,832,0,3328.00,credit_card,Boston,MA,
2705,2024-01-26,2163,Beauty,837,16,13500.41,paypal,Seattle,WA,80.0
2706,2024-04-14,2998,Home,823,0,3292.00,paypal,Chicago,IL,49.0
2707,2024-09-15,2283,Toys,1693,0,1693.00,credit_card,Seattle,WA,36.0
2708,2024-04-21,1824,Home,413,34,14139.20,credit_card,Chicago,IL,63.0
2709,2024-09-24,1413,Fashion,116,106,12231.84,credit_card,Boston,MA,62.0
2710,2024-11-16,1003,Fashion,993,0,15888.00,credit_card,Los Angeles,CA,48.0
2711,2024-01-25,1311,Toys,457,0,1371.00,credit_card,Los Angeles,CA,39.0
2712,2024-01-09,2905,Grocery,53,260,13882.62,credit_card,San Francisco,CA,76.0
2713,2024-12-10,1287,Home,833,0,8330.00,paypal,Boston,MA,33.0
2714,2024-07-09,1039,Fashion,394,0,6304.00,credit_card,Miami,FL,22.0
2715,2024-07-04,2632,Beauty,210,71,14903.86,paypal,Miami,FL,57.0
2716,2024-06-18,1837,Sports,238,0,2142.00,credit_card,Seattle,WA,23.0
2717,2024-06-07,1713,Sports,605,19,11783.60,credit_card,Chicago,IL,65.0
2718,2024-09-09,2434,Toys,682,17,11602.61,credit_card,Houston,TX,71.0
2719,2024-07-31,2046,Electronics,1489,7,10214.74,credit_card,Denver,CO,63.0
2720,2024-02-29,2829,Grocery,457,0,7769.00,debit_card,Denver,CO,32.0
2721,2024-08-17,1935,Fashion,158,87,13685.11,paypal,Boston,MA,77.0
2722,2024-09-01,2425,Toys,160,0,960.00,paypal,San Francisco,CA,23.0
2723,2024-02-11,2757,Sports,836,0,9196.00,paypal,San Francisco,CA,24.0
2724,2024-05-17,1927,Beauty,322,0,966.00,paypal,Houston,TX,37.0
2725,2024-10-16,1568,Toys,459,0,1836.00,paypal,Boston,MA,52.0
2726,2024-08-14,2948,Home,94,119,11203.35,debit_card,Boston,MA,62.0
2727,2024-02-19,1453,Home,769,0,9997.00,debit_card,Chicago,IL,36.0
2728,2024-01-15,1078,Grocery,48,237,11269.56,credit_card,Denver,CO,75.0
2729,2024-07-31,2156,Sports,1060,12,13160.40,credit_card,Phoenix,AZ,69.0
2730,2024-06-17,2973,Home,302,0,3322.00,debit_card,Houston,TX,32.0
2731,2024-12-17,1172,Home,249,0,2988.00,debit_card,Phoenix,AZ,
2732,2024-07-10,2698,Electronics,1657,8,13694.14,credit_card,Houston,TX,62.0
2733,2024-12-06,2660,Grocery,644,0,1288.00,paypal,Houston,TX,29.0
2734,2024-03-19,2857,Grocery,178,0,1602.00,credit_card,Seattle,WA,35.0
2735,2024-06-12,1843,?,477,25,12037.38,debit_card,Denver,CO,66.0
2736,2024-02-21,1509,Home,732,0,2928.00,cash,Phoenix,AZ,29.0
2737,2024-07-29,2024,Fashion,105,0,1785.00,credit_card,Los Angeles,CA,40.0
2738,2024-03-09,1284,Electronics,597,25,14722.71,paypal,Boston,MA,76.0
2739,2024-06-29,2685,Sports,82,132,10808.56,paypal,Los Angeles,CA,60.0
2740,2024-05-05,2326,Toys,1219,10,12636.75,paypal,Seattle,WA,57.0
2741,2024-03-08,1966,Grocery,332,39,13086.65,paypal,Los Angeles,CA,80.0
2742,2024-02-05,2031,Fashion,585,22,13086.91,debit_card,Los Angeles,CA,66.0
2743,2024-07-06,2424,Home,612,0,12240.00,credit_card,Los Angeles,CA,46.0
2744,2024-12-12,2046,Electronics,424,31,13284.26,debit_card,Houston,TX,59.0
2745,2024-03-13,2679,Fashion,359,0,2513.00,credit_card,Denver,CO,51.0
2746,2024-05-28,2849,Toys,1281,0,6405.00,credit_card,Miami,FL,40.0
2747,2024-03-23,2899,Electronics,1628,8,13169.42,credit_card,Miami,FL,79.0
2748,2024-10-23,2240,Beauty,156,90,13958.51,credit_card,New York,NY,55.0
2749,2024-05-31,2485,Sports,150,94,14070.41,paypal,New York,NY,65.0
2750,2024-12-22,1622,Beauty,737,0,2948.00,paypal,Houston,TX,43.0
2751,2024-03-30,1076,Sports,577,0,9232.00,cash,San Francisco,CA,30.0
2752,2024-01-30,1800,Home,135,0,1080.00,credit_card,New York,NY,25.0
2753,2024-08-01,2743,Electronics,700,21,14887.25,debit_card,Boston,MA,68.0
2754,2024-08-26,1266,Sports,220,0,2860.00,debit_card,San Francisco,CA,
2755,2024-12-28,2091,Sports,550,0,3850.00,credit_card,Los Angeles,CA,50.0
2756,2024-11-14,1384,Beauty,288,0,2016.00,debit_card,Chicago,IL,25.0
2757,2024-11-19,1858,Grocery,65,225,14698.49,credit_card,Chicago,IL,67.0
2758,2024-08-20,1286,Home,1023,0,14322.00,paypal,New York,NY,34.0
2759,2024-05-11,2469,Fashion,455,28,12599.64,credit_card,San Francisco,CA,55.0
2760,2024-06-06,2620,Home,1286,0,16718.00,paypal,Boston,MA,
2761,2024-02-18,2516,Electronics,1101,0,3303.00,paypal,Miami,FL,32.0
2762,2024-06-06,2409,Electronics,16753,0,301554.00,debit_card,,,28.0
2763,2024-05-13,1470,Electronics,933,14,13529.74,credit_card,Denver,CO,69.0
2764,2024-01-14,2060,Sports,297,0,5346.00,credit_card,Miami,FL,23.0
2765,2024-03-15,1209,Home,242,0,3630.00,cash,San Francisco,CA,18.0
2766,2024-07-14,1748,Home,464,0,6496.00,credit_card,Houston,TX,
2767,2024-05-15,2011,Electronics,373,32,12012.14,credit_card,Chicago,IL,73.0
2768,2024-12-29,2336,Beauty,309,43,13253.24,cash,San Francisco,CA,62.0
2769,2024-06-24,1193,Toys,67,151,10037.22,paypal,New York,NY,69.0
2770,2024-12-16,2625,Grocery,462,0,7854.00,paypal,Chicago,IL,30.0
2771,2024-08-29,1917,Electronics,497,0,2982.00,credit_card,Chicago,IL,
2772,2024-01-15,2762,Home,405,0,1215.00,credit_card,New York,NY,25.0
2773,2024-03-15,2054,Sports,995,0,4975.00,paypal,Seattle,WA,20.0
2774,2024-09-15,2094,Toys,1929,0,27006.00,credit_card,Los Angeles,CA,48.0
2775,2024-07-18,2385,Electronics,619,0,7428.00,credit_card,Denver,CO,45.0
2776,2024-04-20,2639,Home,487,0,6818.00,credit_card,Denver,CO,36.0
2777,2024-07-10,1315,Fashion,240,0,3600.00,debit_card,Chicago,IL,28.0
2778,2024-11-26,2022,Electronics,738,0,9594.00,credit_card,San Francisco,CA,38.0
2779,2024-05-22,1059,Fashion,241,0,482.00,paypal,New York,NY,41.0
2780,2024-01-17,1949,Beauty,472,25,11837.96,credit_card,Los Angeles,CA,55.0
2781,2024-04-23,2627,Sports,413,0,4543.00,credit_card,Miami,FL,40.0
2782,2024-12-08,2730,Sports,3693,0,70167.00,cash,Los Angeles,CA,33.0
2783,2024-10-05,1567,Sports,852,17,14572.68,cash,New York,NY,55.0
2784,2024-11-02,1772,Grocery,44,0,264.00,debit_card,Chicago,IL,54.0
2785,2024-11-29,2103,Sports,455,0,2730.00,paypal,Miami,FL,45.0
2786,2024-02-13,1791,Sports,322,0,4186.00,credit_card,Los Angeles,CA,24.0
2787,2024-04-13,1356,Grocery,185,72,13375.20,credit_card,Los Angeles,CA,78.0
2788,2024-01-22,1609,Home,148,0,2516.00,credit_card,Los Angeles,CA,50.0
2789,2024-01-02,1808,Electronics,501,0,2004.00,credit_card,San Francisco,CA,35.0
2790,2024-11-01,2037,Sports,385,26,10086.40,paypal,San Francisco,CA,63.0
2791,2024-12-08,2841,Fashion,738,0,738.00,paypal,San Francisco,CA,44.0
2792,2024-02-27,2089,Home,1474,0,5896.00,credit_card,New York,NY,28.0
2793,2024-09-21,1774,Electronics,4423,3,12613.43,credit_card,Los Angeles,CA,62.0
2794,2024-07-14,2320,Grocery,149,0,447.00,cash,San Francisco,CA,23.0
2795,2024-01-26,2546,Toys,286,0,1716.00,debit_card,Seattle,WA,35.0
2796,2024-12-01,1861,Toys,577,21,11829.44,credit_card,New York,NY,59.0
2797,2024-11-14,1978,Electronics,587,24,14043.88,credit_card,Los Angeles,CA,63.0
2798,2024-07-26,1435,Fashion,98,108,10574.22,credit_card,San Francisco,CA,80.0
2799,2024-09-16,2729,Toys,433,30,13020.32,credit_card,San Francisco,CA,62.0
2800,2024-05-25,2733,Sports,273,0,819.00,credit_card,Phoenix,AZ,32.0
2801,2024-10-17,1349,Toys,290,47,13560.35,credit_card,Chicago,IL,62.0
2802,2024-06-11,1692,Toys,336,39,12977.27,credit_card,New York,NY,65.0
2803,2024-12-28,1543,Fashion,521,22,11372.18,credit_card,Los Angeles,CA,60.0
2804,2024-01-24,2845,Beauty,517,27,13965.95,credit_card,Boston,MA,65.0
2805,2024-03-04,1130,Home,1070,13,13967.97,credit_card,San Francisco,CA,69.0
2806,2024-12-20,1414,Electronics,1713,0,22269.00,credit_card,Los Angeles,CA,53.0
2807,2024-04-15,1629,Grocery,69,172,11804.65,paypal,Denver,CO,80.0
2808,2024-04-23,2120,Electronics,1598,7,11333.36,paypal,San Francisco,CA,58.0
2809,2024-10-16,1497,Home,341,0,6138.00,credit_card,Denver,CO,21.0
2810,2024-03-10,2073,Electronics,1253,0,23807.00,credit_card,Boston,MA,28.0
2811,2024-07-06,2494,Home,4464,0,89280.00,debit_card,Seattle,WA,49.0
2812,2024-04-14,2657,Fashion,495,0,4950.00,credit_card,Denver,CO,45.0
2813,2024-03-13,1198,Electronics,2101,6,13319.48,debit_card,Miami,FL,69.0
2814,2024-12-18,1277,Sports,347,34,11839.10,cash,San Francisco,CA,60.0
2815,2024-03-14,1190,Grocery,457,0,1371.00,credit_card,Phoenix,AZ,18.0
2816,2024-02-04,2819,Electronics,2693,0,35009.00,credit_card,Los Angeles,CA,46.0
2817,2024-09-03,2304,Grocery,458,0,3664.00,credit_card,Seattle,WA,52.0
2818,2024-11-13,2062,Fashion,508,23,11726.75,debit_card,Phoenix,AZ,79.0
2819,2024-02-16,2581,Toys,698,18,12252.79,credit_card,Houston,TX,59.0
2820,2024-09-16,2172,Sports,1689,0,18579.00,debit_card,Miami,FL,29.0
2821,2024-07-16,1470,Fashion,536,0,8040.00,credit_card,Miami,FL,30.0
2822,2024-10-30,2020,Electronics,1337,0,20055.00,paypal,Houston,TX,37.0
2823,2024-02-16,2406,Toys,625,0,6875.00,debit_card,Los Angeles,CA,43.0
2824,2024-12-23,1072,Grocery,47,0,564.00,credit_card,Seattle,WA,24.0
2825,2024-08-14,2212,Sports,344,36,12290.45,cash,Houston,TX,67.0
2826,2024-11-04,1994,Toys,293,0,2051.00,paypal,Los Angeles,CA,22.0
2827,2024-05-12,1139,Toys,76,0,760.00,credit_card,Los Angeles,CA,22.0
2828,2024-12-11,1527,Fashion,829,0,14093.00,cash,Miami,FL,26.0
2829,2024-08-17,1897,Electronics,678,0,12204.00,paypal,Phoenix,AZ,26.0
2830,2024-02-16,1685,Sports,419,0,2933.00,credit_card,Houston,TX,53.0
2831,2024-12-03,1580,Grocery,82,172,14148.11,debit_card,Chicago,IL,69.0
2832,2024-10-18,2298,Fashion,441,33,14764.10,debit_card,New York,NY,77.0
2833,2024-04-19,1808,Grocery,74,183,13567.31,debit_card,Miami,FL,68.0
2834,2024-07-18,1995,Beauty,232,45,10441.17,paypal,Denver,CO,61.0
2835,2024-05-22,2596,Home,524,22,11688.92,credit_card,Houston,TX,55.0
2836,2024-07-17,1186,Toys,214,0,1498.00,credit_card,San Francisco,CA,37.0
2837,2024-12-19,1719,Beauty,132,0,2376.00,credit_card,Miami,FL,44.0
2838,2024-11-25,1146,?,1457,8,10948.70,paypal,Houston,TX,72.0
2839,2024-03-19,2854,Toys,57,0,798.00,credit_card,Seattle,WA,24.0
2840,2024-12-21,1371,Grocery,83,161,13316.33,credit_card,Chicago,IL,70.0
2841,2024-06-09,2639,Toys,210,62,12990.70,credit_card,Houston,TX,69.0
2842,2024-09-14,1381,Beauty,342,0,4788.00,debit_card,Boston,MA,21.0
2843,2024-10-06,1648,Beauty,76,0,1064.00,credit_card,San Francisco,CA,33.0
2844,2024-06-25,2216,Beauty,164,0,2132.00,credit_card,,,37.0
2845,2024-06-16,2662,Beauty,225,66,14912.27,credit_card,Denver,CO,75.0
2846,2024-06-16,1355,Home,1294,0,16822.00,credit_card,Miami,FL,45.0
2847,2024-11-11,1426,Electronics,1912,6,12238.48,credit_card,Los Angeles,CA,66.0
2848,2024-05-21,2763,Home,213,49,10527.29,credit_card,Boston,MA,55.0
2849,2024-04-12,1643,Home,372,0,1116.00,debit_card,San Francisco,CA,23.0
2850,2024-05-12,1419,Toys,624,21,12991.97,credit_card,Los Angeles,CA,60.0
2851,2024-03-12,2487,Sports,234,51,11834.72,credit_card,Chicago,IL,58.0
2852,2024-05-23,1182,Sports,574,0,2296.00,debit_card,Los Angeles,CA,
2853,2024-02-11,2733,Electronics,1455,7,10889.92,credit_card,Boston,MA,75.0
2854,2024-02-02,2751,Toys,224,53,11854.94,credit_card,New York,NY,55.0
2855,2024-09-21,2713,Fashion,3694,3,11190.92,credit_card,Los Angeles,CA,73.0
2856,2024-01-29,1590,Beauty,176,0,1584.00,credit_card,Houston,TX,26.0
2857,2024-07-26,1228,Electronics,2104,5,10986.60,credit_card,New York,NY,56.0
2858,2024-10-12,1850,Fashion,232,0,1856.00,cash,Seattle,WA,54.0
2859,2024-09-22,1669,Electronics,2236,0,33540.00,credit_card,San Francisco,CA,28.0
2860,2024-06-12,2918,Home,1103,0,5515.00,debit_card,Chicago,IL,51.0
2861,2024-03-11,2263,Grocery,457,27,12418.20,paypal,San Francisco,CA,60.0
2862,2024-12-06,2888,Sports,585,0,11700.00,credit_card,Denver,CO,44.0
2863,2024-11-01,2501,Sports,298,47,14050.50,paypal,San Francisco,CA,59.0
2864,2024-08-12,2429,Home,220,66,14428.32,credit_card,Boston,MA,64.0
2865,2024-02-01,1223,Home,1260,9,11301.58,debit_card,Phoenix,AZ,55.0
2866,2024-01-13,1137,Toys,458,0,2748.00,paypal,,,43.0
2867,2024-04-25,1092,Grocery,14,0,112.00,credit_card,Denver,CO,34.0
2868,2024-02-27,2186,Beauty,1003,12,12242.40,paypal,Seattle,WA,59.0
2869,2024-11-10,1403,Beauty,129,111,14214.46,credit_card,Phoenix,AZ,74.0
2870,2024-03-16,2978,Sports,502,0,3514.00,debit_card,Houston,TX,47.0
2871,2024-04-13,1265,Electronics,5447,0,38129.00,credit_card,Los Angeles,CA,49.0
2872,2024-12-23,2893,Beauty,218,69,14943.39,credit_card,Houston,TX,75.0
2873,2024-10-26,2335,Beauty,214,0,4280.00,credit_card,Boston,MA,36.0
2874,2024-03-21,1212,Sports,229,62,14249.66,paypal,Seattle,WA,68.0
2875,2024-05-20,1116,Electronics,396,0,3564.00,debit_card,Houston,TX,34.0
2876,2024-07-07,1791,Toys,267,0,1068.00,paypal,Chicago,IL,34.0
2877,2024-08-31,1677,Grocery,458,0,5038.00,credit_card,Phoenix,AZ,35.0
2878,2024-12-08,1631,Home,702,0,8424.00,credit_card,Los Angeles,CA,21.0
2879,2024-11-14,2057,Home,374,0,4114.00,credit_card,Houston,TX,47.0
2880,2024-12-23,1259,Beauty,248,0,4216.00,credit_card,Chicago,IL,40.0
2881,2024-01-15,1258,Fashion,98,0,784.00,credit_card,Denver,CO,32.0
2882,2024-03-27,2389,Beauty,353,35,12470.18,paypal,Chicago,IL,65.0
2883,2024-07-25,2980,Toys,347,0,6593.00,paypal,Chicago,IL,50.0
2884,2024-01-18,1547,Home,2666,0,26660.00,credit_card,Miami,FL,30.0
2885,2024-05-10,2863,Electronics,1475,0,5900.00,credit_card,Houston,TX,
2886,2024-02-26,1689,Sports,287,0,1148.00,debit_card,Denver,CO,
2887,2024-12-07,1671,Fashion,415,0,7055.00,debit_card,Phoenix,AZ,35.0
2888,2024-01-24,1180,Beauty,188,0,940.00,debit_card,Miami,FL,42.0
2889,2024-02-24,1846,Fashion,605,0,10890.00,credit_card,San Francisco,CA,25.0
2890,2024-03-12,1995,Home,562,26,14350.68,credit_card,Denver,CO,68.0
2891,2024-02-24,2327,Grocery,36,0,108.00,credit_card,San Francisco,CA,40.0
2892,2024-07-27,1316,Beauty,458,30,13533.14,cash,Seattle,WA,62.0
2893,2024-05-13,1377,Toys,377,0,1508.00,paypal,San Francisco,CA,43.0
2894,2024-11-29,1864,Grocery,296,36,10567.58,paypal,Los Angeles,CA,68.0
2895,2024-04-05,1139,Beauty,457,0,914.00,credit_card,San Francisco,CA,43.0
2896,2024-07-15,1286,Grocery,187,56,10420.71,credit_card,San Francisco,CA,74.0
2897,2024-08-29,2258,Beauty,549,27,14681.32,credit_card,Houston,TX,63.0
2898,2024-08-17,2907,Fashion,529,0,1058.00,paypal,New York,NY,48.0
2899,2024-10-18,2145,Electronics,764,0,764.00,credit_card,Miami,FL,48.0
2900,2024-03-14,1289,Toys,357,41,14622.21,debit_card,Chicago,IL,57.0
2901,2024-07-04,2981,Beauty,642,19,12291.83,credit_card,New York,NY,61.0
2902,2024-10-20,2043,Grocery,149,89,13309.12,credit_card,Denver,CO,62.0
2903,2024-11-11,2433,Toys,556,0,10008.00,credit_card,Seattle,WA,20.0
2904,2024-08-14,1393,Sports,422,0,1688.00,credit_card,Miami,FL,34.0
2905,2024-08-26,2156,Toys,260,0,4680.00,paypal,San Francisco,CA,45.0
2906,2024-11-12,1152,Electronics,1333,0,26660.00,cash,Denver,CO,51.0
2907,2024-08-16,2251,Electronics,1407,0,25326.00,debit_card,Denver,CO,23.0
2908,2024-12-13,1404,Electronics,3731,0,3731.00,credit_card,Chicago,IL,30.0
2909,2024-02-16,2819,Grocery,15,0,300.00,paypal,Houston,TX,47.0
2910,2024-05-07,1109,Beauty,457,0,4570.00,credit_card,Boston,MA,46.0
2911,2024-02-11,2305,Home,516,22,11523.96,paypal,New York,NY,56.0
2912,2024-02-03,1278,Fashion,143,0,1430.00,paypal,,,22.0
2913,2024-06-21,2374,Sports,1045,13,13506.99,credit_card,Seattle,WA,68.0
2914,2024-03-23,1986,Home,308,0,1848.00,credit_card,Houston,TX,36.0
2915,2024-05-29,2934,Fashion,321,0,3852.00,credit_card,Chicago,IL,52.0
2916,2024-06-09,2303,Fashion,1876,7,12230.92,credit_card,San Francisco,CA,77.0
2917,2024-08-15,1743,Toys,685,0,4795.00,paypal,Phoenix,AZ,41.0
2918,2024-12-12,1174,Beauty,387,0,4257.00,debit_card,Phoenix,AZ,37.0
2919,2024-11-06,2191,Electronics,1988,0,3976.00,credit_card,Miami,FL,34.0
2920,2024-05-18,1882,Sports,535,22,11742.41,credit_card,Miami,FL,59.0
2921,2024-04-29,1105,Grocery,484,25,12203.20,paypal,Phoenix,AZ,78.0
2922,2024-10-09,2162,Grocery,186,0,1488.00,credit_card,San Francisco,CA,53.0
2923,2024-02-15,1419,Beauty,134,0,1474.00,credit_card,Los Angeles,CA,30.0
2924,2024-07-16,1468,Beauty,80,154,12277.77,debit_card,San Francisco,CA,77.0
2925,2024-06-03,1017,?,2307,0,6921.00,credit_card,San Francisco,CA,20.0
2926,2024-03-07,1744,Grocery,93,0,465.00,credit_card,New York,NY,43.0
2927,2024-08-13,1436,Beauty,78,0,780.00,credit_card,Boston,MA,25.0
2928,2024-04-27,1143,Grocery,138,0,1656.00,credit_card,Chicago,IL,20.0
2929,2024-03-08,1868,Grocery,79,187,14713.80,paypal,Phoenix,AZ,80.0
2930,2024-08-27,1440,Home,843,0,8430.00,paypal,Denver,CO,23.0
2931,2024-03-04,1268,Electronics,2087,7,14424.90,cash,Chicago,IL,75.0
2932,2024-09-03,1933,Toys,188,0,3384.00,cash,Seattle,WA,52.0
2933,2024-02-29,1126,Sports,1013,0,1013.00,credit_card,Boston,MA,38.0
2934,2024-06-08,2980,Electronics,984,11,10972.17,credit_card,Phoenix,AZ,72.0
2935,2024-10-22,1941,Home,389,0,1945.00,debit_card,New York,NY,18.0
2936,2024-03-24,2992,Grocery,64,179,11392.34,credit_card,,,61.0
2937,2024-10-07,2762,Fashion,1057,11,11496.87,cash,Seattle,WA,66.0
2938,2024-09-21,2959,Home,439,0,4829.00,credit_card,New York,NY,40.0
2939,2024-11-26,2085,Toys,915,0,13725.00,credit_card,New York,NY,36.0
2940,2024-03-02,1846,Toys,1272,0,12720.00,debit_card,Denver,CO,18.0
2941,2024-09-18,2439,Fashion,237,0,1896.00,paypal,Seattle,WA,19.0
2942,2024-12-08,1161,Beauty,24,0,312.00,debit_card,Phoenix,AZ,20.0
2943,2024-10-06,2680,Toys,704,0,12672.00,debit_card,Chicago,IL,46.0
2944,2024-03-09,1647,Home,418,0,7942.00,credit_card,Boston,MA,
2945,2024-10-27,1014,Fashion,214,0,2354.00,debit_card,Seattle,WA,44.0
2946,2024-02-09,1475,Beauty,153,66,10057.85,paypal,Los Angeles,CA,62.0
2947,2024-08-03,1484,Electronics,1052,0,21040.00,credit_card,Boston,MA,40.0
2948,2024-07-01,1028,Electronics,4137,3,12652.15,paypal,Los Angeles,CA,67.0
2949,2024-07-13,2337,Toys,347,36,12413.46,credit_card,Seattle,WA,59.0
2950,2024-07-09,1190,Sports,1705,6,10623.10,credit_card,Seattle,WA,77.0
2951,2024-01-12,2693,Home,816,18,14951.19,paypal,Los Angeles,CA,63.0
2952,2024-07-04,1906,Sports,477,0,7155.00,credit_card,San Francisco,CA,26.0
2953,2024-12-08,2436,Home,402,0,402.00,debit_card,Boston,MA,53.0
2954,2024-06-08,1679,Fashion,670,21,13806.43,credit_card,Los Angeles,CA,59.0
2955,2024-04-11,1263,Home,1060,0,16960.00,paypal,Chicago,IL,18.0
2956,2024-12-30,1360,Toys,678,0,2712.00,credit_card,Houston,TX,20.0
2957,2024-02-06,2291,Toys,248,0,4712.00,credit_card,Phoenix,AZ,-999.0
2958,2024-06-26,2432,Grocery,112,0,2016.00,paypal,Seattle,WA,28.0
2959,2024-07-06,1535,Electronics,2339,5,10915.43,debit_card,Phoenix,AZ,73.0
2960,2024-06-23,1714,Fashion,314,0,2512.00,credit_card,New York,NY,33.0
2961,2024-12-03,2890,Home,222,0,3108.00,credit_card,Miami,FL,29.0
2962,2024-06-03,2703,Toys,457,0,2742.00,credit_card,Houston,TX,46.0
2963,2024-12-22,1826,Sports,504,0,5040.00,paypal,Houston,TX,43.0
2964,2024-01-25,1481,Grocery,458,30,13526.66,debit_card,Seattle,WA,80.0
2965,2024-09-25,1602,Grocery,268,0,5092.00,paypal,San Francisco,CA,24.0
2966,2024-08-05,2076,Beauty,83,142,11703.17,cash,New York,NY,70.0
2967,2024-03-29,2133,Home,348,0,4176.00,credit_card,Denver,CO,32.0
2968,2024-03-24,1368,Electronics,1108,0,21052.00,debit_card,Miami,FL,37.0
2969,2024-09-20,1131,Grocery,185,0,3700.00,debit_card,Seattle,WA,48.0
2970,2024-08-21,1990,Grocery,458,29,13164.24,paypal,New York,NY,79.0
2971,2024-08-11,2594,Home,390,0,5460.00,debit_card,Boston,MA,32.0
2972,2024-01-19,1304,Electronics,474,0,3792.00,credit_card,Boston,MA,39.0
2973,2024-08-06,1816,Toys,450,27,12352.45,paypal,Seattle,WA,59.0
2974,2024-12-25,1323,Toys,268,40,10694.29,debit_card,San Francisco,CA,60.0
2975,2024-01-07,1484,Grocery,58,0,580.00,paypal,San Francisco,CA,41.0
2976,2024-06-20,2224,Toys,248,0,4216.00,credit_card,San Francisco,CA,26.0
2977,2024-06-29,1572,Beauty,602,20,12300.43,credit_card,Houston,TX,67.0
2978,2024-11-24,1527,Beauty,109,135,14808.44,debit_card,Miami,FL,74.0
2979,2024-04-13,2991,Electronics,748,18,13740.65,paypal,New York,NY,55.0
2980,2024-06-23,1344,Home,1497,0,16467.00,credit_card,Seattle,WA,
2981,2024-09-19,1378,Beauty,260,0,520.00,credit_card,Chicago,IL,33.0
2982,2024-01-23,2859,Home,939,14,13132.91,paypal,Houston,TX,72.0
2983,2024-10-20,2100,Home,758,19,14217.63,cash,Miami,FL,68.0
2984,2024-10-27,1086,Beauty,238,60,14143.61,credit_card,Phoenix,AZ,74.0
2985,2024-09-20,1849,Home,416,35,14441.20,credit_card,San Francisco,CA,76.0
2986,2024-08-25,2130,Home,1069,0,10690.00,credit_card,New York,NY,39.0
2987,2024-09-30,1506,Electronics,3714,0,33426.00,credit_card,Denver,CO,25.0
2988,2024-10-13,2096,Sports,1454,7,10544.30,credit_card,Boston,MA,65.0
2989,2024-11-26,2297,Toys,118,90,10647.25,credit_card,Phoenix,AZ,60.0
2990,2024-06-05,1501,Beauty,694,20,13994.47,debit_card,New York,NY,58.0
2991,2024-06-15,2624,Grocery,73,204,14976.71,credit_card,New York,NY,57.0
2992,2024-08-21,1905,Toys,167,0,1336.00,credit_card,Phoenix,AZ,20.0
2993,2024-03-11,2926,Beauty,213,60,12812.72,cash,Seattle,WA,60.0
2994,2026-03-26,1175,Home,1069,0,12828.00,credit_card,Seattle,WA,48.0
2995,2024-10-09,1648,Fashion,659,0,13180.00,paypal,Los Angeles,CA,
2996,2024-08-18,2442,Fashion,349,43,14821.33,credit_card,Miami,FL,71.0
2997,2024-04-20,2789,Electronics,2865,0,45840.00,paypal,Miami,FL,19.0
2998,2024-05-07,1443,Grocery,109,0,1199.00,paypal,Houston,TX,32.0
2999,2024-06-08,2960,Home,348,0,1392.00,credit_card,Houston,TX,36.0
3000,2024-08-30,1386,Sports,347,38,13314.70,debit_card,Phoenix,AZ,67.0
3001,2024-10-11,1832,Fashion,594,0,4158.00,debit_card,Boston,MA,23.0
3002,2024-09-02,1629,Electronics,1372,0,24696.00,credit_card,Seattle,WA,42.0
3003,2024-12-06,1848,Grocery,33,0,561.00,paypal,Chicago,IL,
3004,2024-12-17,2804,Home,1082,0,12984.00,credit_card,Denver,CO,44.0
3005,2024-09-14,2465,Electronics,998,10,10426.59,credit_card,Los Angeles,CA,72.0
3006,2024-05-15,2592,Fashion,1528,0,18336.00,cash,Miami,FL,38.0
3007,2024-08-07,1507,Home,179,0,2685.00,credit_card,New York,NY,40.0
3008,2024-06-04,2893,Grocery,85,0,510.00,credit_card,Los Angeles,CA,43.0
3009,2024-08-18,1871,Home,314,0,1570.00,credit_card,Seattle,WA,42.0
3010,2024-10-24,2303,Fashion,196,75,14631.26,cash,San Francisco,CA,78.0
3011,2024-05-15,2395,Home,372,0,2232.00,credit_card,Seattle,WA,34.0
3012,2024-07-04,2325,Electronics,6042,0,78546.00,credit_card,New York,NY,25.0
3013,2024-01-17,2203,Electronics,1644,0,6576.00,debit_card,Denver,CO,44.0
3014,2024-09-26,1960,Sports,324,0,1620.00,paypal,Los Angeles,CA,23.0
3015,2024-06-28,2295,Home,127,112,14196.60,credit_card,Houston,TX,68.0
3016,2024-06-17,2810,Electronics,370,34,12679.24,cash,Chicago,IL,74.0
3017,2024-07-13,1779,Fashion,278,49,13719.53,credit_card,Miami,FL,70.0
3018,2024-03-19,2021,Home,331,36,11757.77,debit_card,Phoenix,AZ,68.0
3019,2024-08-06,1360,Fashion,357,0,3213.00,debit_card,Los Angeles,CA,44.0
3020,2024-09-29,1710,Grocery,16,823,13078.90,credit_card,Miami,FL,61.0
3021,2024-05-07,2544,Fashion,397,0,6749.00,paypal,Chicago,IL,-999.0
3022,2024-02-18,2280,Toys,695,17,12066.20,credit_card,Seattle,WA,71.0
3023,2024-05-21,1422,Beauty,895,0,14320.00,credit_card,Miami,FL,30.0
3024,2024-03-13,2092,Electronics,322,0,5474.00,credit_card,San Francisco,CA,
3025,2024-05-16,2623,Sports,322,39,12635.67,credit_card,Miami,FL,79.0
3026,2024-08-17,1248,Sports,308,0,3696.00,paypal,Seattle,WA,40.0
3027,2024-02-11,1123,Sports,686,0,10290.00,credit_card,New York,NY,37.0
3028,2024-09-30,1785,Home,207,64,13182.77,paypal,Los Angeles,CA,60.0
3029,2024-03-23,2313,Sports,2346,0,2346.00,credit_card,Seattle,WA,39.0
3030,2024-11-23,1626,Electronics,1518,7,10269.35,cash,Seattle,WA,65.0
3031,2024-09-25,2642,Grocery,89,0,801.00,paypal,Seattle,WA,45.0
3032,2024-04-09,2693,Toys,1092,10,10480.12,credit_card,Boston,MA,67.0
3033,2024-07-25,2065,Electronics,1447,0,14470.00,credit_card,Denver,CO,23.0
3034,2024-02-10,1757,Sports,841,12,10412.60,paypal,Seattle,WA,63.0
3035,2024-02-06,1083,Grocery,54,0,648.00,credit_card,Chicago,IL,38.0
3036,2024-12-15,2643,Beauty,82,0,1148.00,credit_card,Phoenix,AZ,44.0
3037,2024-10-20,2790,Home,337,38,12974.65,paypal,Los Angeles,CA,76.0
3038,2024-02-26,1884,Grocery,562,0,5620.00,paypal,Seattle,WA,48.0
3039,2024-04-13,2032,Home,912,0,13680.00,paypal,Seattle,WA,22.0
3040,2024-03-13,2507,Home,685,0,5480.00,paypal,Seattle,WA,46.0
3041,2024-05-24,2390,Home,252,0,1764.00,credit_card,Seattle,WA,33.0
3042,2024-04-16,1270,Grocery,203,0,1827.00,paypal,Houston,TX,47.0
3043,2024-04-30,2344,Beauty,82,0,410.00,credit_card,Chicago,IL,31.0
3044,2024-07-12,2849,Sports,174,69,12064.54,paypal,San Francisco,CA,58.0
3045,2024-03-10,2501,Toys,195,0,2535.00,debit_card,Phoenix,AZ,32.0
3046,2024-11-19,1961,Home,2625,0,44625.00,debit_card,Los Angeles,CA,47.0
3047,2024-09-23,2046,Electronics,6692,2,12500.30,cash,Denver,CO,78.0
3048,2024-10-05,1519,Beauty,457,27,12501.41,credit_card,New York,NY,58.0
3049,2024-03-03,2321,Grocery,458,22,10202.35,debit_card,Houston,TX,62.0
3050,2024-09-16,1482,Electronics,395,35,13980.29,credit_card,Boston,MA,66.0
3051,2024-11-02,1683,Electronics,1561,9,13503.44,credit_card,Phoenix,AZ,75.0
3052,2024-03-05,1530,Sports,695,19,13439.51,credit_card,San Francisco,CA,73.0
3053,2024-10-01,1670,Electronics,2757,4,10171.25,cash,Houston,TX,72.0
3054,2024-05-10,1733,Beauty,506,0,2024.00,credit_card,Miami,FL,39.0
3055,2024-10-15,1165,Grocery,83,159,13258.59,debit_card,Phoenix,AZ,57.0
3056,2024-06-24,2435,Home,858,0,3432.00,debit_card,Phoenix,AZ,
3057,2024-10-20,1881,Fashion,244,0,4148.00,paypal,Phoenix,AZ,53.0
3058,2024-02-23,2899,Grocery,457,0,8683.00,paypal,Denver,CO,26.0
3059,2024-05-22,1361,Fashion,285,0,3990.00,credit_card,Boston,MA,50.0
3060,2024-04-10,2338,Home,794,0,11116.00,credit_card,,,31.0
3061,2024-03-31,1358,Electronics,1984,6,12502.29,debit_card,Phoenix,AZ,61.0
3062,2024-04-22,2094,Beauty,258,53,13802.84,credit_card,Phoenix,AZ,72.0
3063,2024-05-19,1981,Grocery,185,57,10484.36,credit_card,Boston,MA,62.0
3064,2024-02-16,1897,Electronics,417,0,2502.00,credit_card,Seattle,WA,-999.0
3065,2024-09-15,2309,Beauty,104,132,13733.54,credit_card,Seattle,WA,55.0
3066,2024-07-20,2656,Home,443,0,5759.00,cash,Phoenix,AZ,51.0
3067,2024-10-30,1633,Electronics,462,0,462.00,paypal,Houston,TX,46.0
3068,2024-09-15,2699,Fashion,309,0,1236.00,paypal,Seattle,WA,32.0
3069,2024-02-24,1369,Sports,453,33,14808.44,credit_card,San Francisco,CA,60.0
3070,2024-01-26,1586,Beauty,697,0,13243.00,cash,Denver,CO,40.0
3071,2024-06-03,1621,Toys,342,0,4104.00,debit_card,New York,NY,27.0
3072,2024-06-25,2906,Home,1252,11,14254.93,cash,Los Angeles,CA,68.0
3073,2024-03-28,1237,Toys,389,0,5446.00,credit_card,Miami,FL,52.0
3074,2024-10-13,1790,Grocery,64,1,45980.00,credit_card,Chicago,IL,50.0
3075,2024-07-31,1848,Toys,340,0,6800.00,debit_card,,,50.0
3076,2024-09-30,2600,Home,985,0,19700.00,paypal,Phoenix,AZ,22.0
3077,2024-02-09,1971,Electronics,3808,0,7616.00,credit_card,Chicago,IL,51.0
3078,2024-10-25,2933,Sports,549,0,9333.00,credit_card,Seattle,WA,52.0
3079,2024-03-16,2480,Sports,164,0,1148.00,debit_card,Seattle,WA,50.0
3080,2024-06-13,2407,Fashion,108,0,324.00,cash,Boston,MA,18.0
3081,2024-06-09,2505,Electronics,1129,13,14470.85,paypal,San Francisco,CA,65.0
3082,2024-10-27,1323,Electronics,226,46,10379.00,paypal,Denver,CO,56.0
3083,2024-04-11,1898,Sports,2568,5,12648.22,debit_card,Phoenix,AZ,65.0
3084,2024-03-29,2172,Grocery,158,0,1896.00,paypal,Miami,FL,49.0
3085,2024-05-04,1416,Toys,184,0,1104.00,credit_card,Boston,MA,38.0
3086,2024-05-12,1237,Sports,251,45,11233.31,credit_card,Denver,CO,70.0
3087,2024-03-07,1271,Grocery,222,0,3774.00,debit_card,Miami,FL,40.0
3088,2024-03-05,2578,Toys,125,0,1375.00,debit_card,Los Angeles,CA,46.0
3089,2024-03-25,2313,Beauty,108,0,1836.00,credit_card,Houston,TX,19.0
3090,2024-06-20,1562,Toys,166,0,3320.00,credit_card,Los Angeles,CA,28.0
3091,2024-05-05,2474,Beauty,268,0,3484.00,paypal,Chicago,IL,25.0
3092,2024-05-23,2390,Sports,1004,0,20080.00,paypal,Houston,TX,44.0
3093,2024-09-20,2633,Toys,793,0,15067.00,credit_card,Phoenix,AZ,34.0
3094,2024-03-29,2820,Toys,705,0,8460.00,paypal,Boston,MA,38.0
3095,2024-11-29,2764,Beauty,244,52,12724.62,credit_card,Los Angeles,CA,66.0
3096,2024-10-02,1362,Grocery,460,29,13532.92,credit_card,Chicago,IL,61.0
3097,2024-03-04,2538,Fashion,250,55,13734.12,credit_card,Chicago,IL,68.0
3098,2024-04-24,1785,Toys,460,33,14957.98,credit_card,Chicago,IL,69.0
3099,2024-03-08,1806,Electronics,857,0,10284.00,credit_card,Phoenix,AZ,33.0
3100,2024-04-09,2294,Sports,324,0,3240.00,debit_card,Phoenix,AZ,
3101,2024-05-13,2204,Grocery,59,251,14788.13,paypal,Houston,TX,72.0
3102,2024-02-17,1839,Toys,142,0,1420.00,credit_card,Houston,TX,37.0
3103,2024-01-06,2998,Home,381,7,2584.68,paypal,Phoenix,AZ,41.0
3104,2024-06-09,1349,Toys,501,0,1503.00,paypal,Miami,FL,51.0
3105,2024-09-13,1193,Fashion,1686,7,11235.77,credit_card,New York,NY,68.0
3106,2024-04-20,1058,Sports,154,0,924.00,credit_card,San Francisco,CA,27.0
3107,2024-11-10,2628,Home,196,0,2744.00,credit_card,Houston,TX,47.0
3108,2024-05-15,1813,Toys,162,0,1944.00,debit_card,Chicago,IL,33.0
3109,2024-11-25,1874,Home,1014,14,14578.80,credit_card,Chicago,IL,62.0
3110,2024-03-27,2298,Sports,518,0,1036.00,debit_card,Seattle,WA,33.0
3111,2024-07-16,1870,Grocery,55,0,990.00,debit_card,Seattle,WA,40.0
3112,2024-10-06,2147,Beauty,433,0,1299.00,debit_card,New York,NY,39.0
3113,2024-01-22,1116,Fashion,919,0,6433.00,credit_card,Phoenix,AZ,22.0
3114,2024-12-06,1312,Grocery,96,150,14420.70,credit_card,Los Angeles,CA,60.0
3115,2024-05-13,2864,Electronics,763,0,10682.00,credit_card,Denver,CO,34.0
3116,2024-07-01,1901,Grocery,121,0,1210.00,paypal,Houston,TX,48.0
3117,2024-08-18,1334,Fashion,355,38,13617.18,debit_card,Denver,CO,61.0
3118,2024-08-23,1738,Beauty,201,56,11288.29,debit_card,Seattle,WA,67.0
3119,2024-01-09,1669,Grocery,65,169,10941.25,debit_card,Denver,CO,75.0
3120,2024-11-13,1548,Toys,640,0,2560.00,credit_card,Seattle,WA,25.0
3121,2024-08-16,1587,Toys,373,33,12178.40,credit_card,Chicago,IL,57.0
3122,2024-12-31,2458,Beauty,559,0,11180.00,credit_card,Miami,FL,38.0
3123,2024-06-21,1213,Home,1609,6,10195.29,credit_card,Phoenix,AZ,66.0
3124,2024-08-12,1619,Home,794,0,8734.00,credit_card,San Francisco,CA,42.0
3125,2024-06-10,1935,Fashion,285,0,570.00,credit_card,Houston,TX,18.0
3126,2024-11-21,2080,Sports,1404,8,11419.58,paypal,Chicago,IL,71.0
3127,2024-10-31,2761,Beauty,355,29,10366.92,credit_card,Chicago,IL,65.0
3128,2024-11-28,2846,Home,4411,0,39699.00,credit_card,Boston,MA,38.0
3129,2024-07-03,1594,Sports,783,0,11745.00,credit_card,Los Angeles,CA,
3130,2026-03-24,2078,Electronics,2561,0,17927.00,credit_card,Miami,FL,43.0
3131,2024-05-11,1044,Electronics,1849,0,16641.00,credit_card,Chicago,IL,43.0
3132,2024-06-17,2234,Grocery,457,0,5027.00,credit_card,New York,NY,36.0
3133,2024-10-05,1305,Beauty,199,0,597.00,credit_card,Boston,MA,49.0
3134,2024-01-30,1146,Grocery,124,102,12622.54,cash,Houston,TX,80.0
3135,2024-09-17,2343,Fashion,649,0,12331.00,credit_card,Seattle,WA,21.0
3136,2024-01-06,1356,Sports,1538,9,13082.74,credit_card,New York,NY,55.0
3137,2024-07-31,1954,Toys,399,0,1596.00,credit_card,Chicago,IL,29.0
3138,2024-06-23,1201,Home,380,0,760.00,credit_card,New York,NY,25.0
3139,2024-06-20,2491,Beauty,188,0,752.00,credit_card,Los Angeles,CA,21.0
3140,2024-06-29,2529,Toys,458,0,5496.00,credit_card,Los Angeles,CA,35.0
3141,2024-06-29,2149,Fashion,1615,7,10556.53,paypal,Houston,TX,64.0
3142,2024-05-29,2671,Sports,396,36,14369.66,paypal,Los Angeles,CA,64.0
3143,2024-06-14,1873,Fashion,927,0,13905.00,debit_card,Phoenix,AZ,
3144,2024-07-26,1372,Beauty,305,0,2440.00,credit_card,Denver,CO,27.0
3145,2024-10-06,1302,Grocery,125,0,1875.00,credit_card,New York,NY,
3146,2024-07-21,1438,Grocery,89,0,712.00,credit_card,San Francisco,CA,
3147,2024-08-23,1400,Beauty,457,23,10484.00,paypal,Phoenix,AZ,76.0
3148,2024-11-02,1646,Fashion,459,26,11981.50,credit_card,Seattle,WA,62.0
3149,2024-12-28,1428,Beauty,974,13,12504.91,debit_card,Miami,FL,70.0
3150,2024-02-09,2182,Home,602,21,12910.61,credit_card,Boston,MA,68.0
3151,2024-09-17,1296,Grocery,458,0,1832.00,credit_card,Denver,CO,54.0
3152,2024-03-23,2243,Home,1664,0,14976.00,credit_card,Denver,CO,47.0
3153,2024-03-13,1668,Fashion,308,38,11595.53,credit_card,New York,NY,79.0
3154,2024-10-17,2373,Electronics,2057,7,13565.42,debit_card,,,60.0
3155,2024-01-26,2025,Electronics,1519,8,11706.80,debit_card,Seattle,WA,73.0
3156,2024-11-06,2810,Fashion,169,0,1183.00,credit_card,Seattle,WA,31.0
3157,2024-10-09,1879,Sports,527,0,3162.00,credit_card,Denver,CO,32.0
3158,2024-12-30,1590,Electronics,2345,5,11263.45,paypal,Miami,FL,57.0
3159,2024-09-01,2178,Beauty,164,75,12265.88,credit_card,Phoenix,AZ,78.0
3160,2024-11-15,2317,Electronics,1133,9,10567.16,debit_card,Denver,CO,57.0
3161,2024-02-13,1878,Grocery,85,0,170.00,credit_card,Boston,MA,45.0
3162,2024-11-21,2119,Home,2976,0,20832.00,debit_card,Boston,MA,19.0
3163,2024-02-28,1941,Fashion,99,0,1881.00,debit_card,Miami,FL,27.0
3164,2024-04-25,1611,Home,821,0,7389.00,credit_card,New York,NY,32.0
3165,2024-02-16,1627,Beauty,200,0,2800.00,credit_card,Denver,CO,30.0
3166,2024-05-27,2814,Beauty,146,101,14830.79,credit_card,Boston,MA,62.0
3167,2024-10-01,2350,Electronics,1174,11,12750.49,credit_card,Chicago,IL,61.0
3168,2024-04-08,1190,Electronics,2500,0,10000.00,paypal,Los Angeles,CA,41.0
3169,2024-10-27,2924,Toys,545,20,10720.27,credit_card,Houston,TX,80.0
3170,2024-08-09,2424,Grocery,113,0,1017.00,credit_card,,,42.0
3171,2024-08-18,1100,Electronics,3513,0,63234.00,paypal,Miami,FL,46.0
3172,2024-12-09,2455,Home,1517,0,24272.00,paypal,Seattle,WA,51.0
3173,2024-06-07,2179,Sports,1174,0,14088.00,credit_card,Los Angeles,CA,54.0
3174,2024-05-06,2830,Electronics,947,0,5682.00,debit_card,Miami,FL,30.0
3175,2024-12-30,1978,Fashion,635,0,6350.00,credit_card,Los Angeles,CA,36.0
3176,2024-07-22,2037,Electronics,2185,6,13980.34,debit_card,Chicago,IL,61.0
3177,2024-08-12,1629,Sports,459,30,13601.90,credit_card,Denver,CO,71.0
3178,2024-04-18,1643,Beauty,70,0,560.00,paypal,Houston,TX,44.0
3179,2024-03-19,2235,Fashion,85,0,1700.00,credit_card,Los Angeles,CA,25.0
3180,2024-03-03,2655,?,581,21,12152.53,credit_card,Boston,MA,71.0
3181,2024-03-22,2781,Fashion,543,0,10317.00,paypal,Boston,MA,54.0
3182,2024-03-12,2541,Sports,237,0,1422.00,credit_card,Chicago,IL,45.0
3183,2024-09-30,2219,Home,1269,0,6345.00,credit_card,New York,NY,54.0
3184,2024-01-22,2000,Electronics,1656,9,14918.51,credit_card,San Francisco,CA,69.0
3185,2024-08-18,1679,Home,1618,0,12944.00,debit_card,Seattle,WA,18.0
3186,2024-12-13,2535,Grocery,131,0,1965.00,credit_card,Phoenix,AZ,40.0
3187,2024-10-07,1636,Beauty,104,120,12503.80,debit_card,Phoenix,AZ,77.0
3188,2024-05-27,1535,Electronics,2115,0,8460.00,credit_card,Seattle,WA,36.0
3189,2024-01-22,2735,Fashion,737,15,11063.76,debit_card,Miami,FL,79.0
3190,2024-11-01,2179,Fashion,276,0,2760.00,paypal,New York,NY,35.0
3191,2024-01-02,1708,Home,173,0,865.00,credit_card,Los Angeles,CA,47.0
3192,2024-09-06,2730,Beauty,265,0,1855.00,credit_card,Denver,CO,22.0
3193,2024-09-02,2925,Grocery,44,318,13956.28,credit_card,Chicago,IL,63.0
3194,2024-03-11,1635,Home,1347,0,24246.00,credit_card,,,33.0
3195,2024-09-27,2042,Electronics,1058,14,14643.71,paypal,,,71.0
3196,2024-03-05,1967,Home,2184,0,15288.00,paypal,Chicago,IL,26.0
3197,2024-03-23,2403,Toys,56,0,336.00,paypal,Seattle,WA,25.0
3198,2024-10-24,2902,Beauty,272,0,2176.00,paypal,Miami,FL,47.0
3199,2024-12-24,2097,Fashion,1341,0,22797.00,credit_card,Houston,TX,23.0
3200,2024-04-06,2596,Home,270,0,4320.00,debit_card,Boston,MA,38.0
3201,2024-12-03,2191,Home,484,23,11311.87,credit_card,New York,NY,61.0
3202,2024-11-30,2774,Electronics,1062,0,20178.00,cash,Chicago,IL,49.0
3203,2024-10-08,1809,Electronics,848,0,3392.00,debit_card,Miami,FL,53.0
3204,2024-02-21,1770,Fashion,520,0,3640.00,credit_card,Seattle,WA,23.0
3205,2024-04-19,1844,Toys,108,93,10033.60,paypal,Miami,FL,60.0
3206,2024-09-05,2993,Electronics,1341,0,25479.00,debit_card,San Francisco,CA,23.0
3207,2024-12-31,2222,Home,835,0,5010.00,paypal,Denver,CO,54.0
3208,2024-10-25,1305,Grocery,82,159,13046.40,paypal,Seattle,WA,67.0
3209,2024-06-02,1081,Grocery,44,311,13663.90,paypal,Seattle,WA,63.0
3210,2024-03-27,2037,Toys,696,0,1392.00,credit_card,Denver,CO,40.0
3211,2024-12-17,2611,Sports,1095,0,17520.00,credit_card,Denver,CO,27.0
3212,2024-04-11,1958,Toys,133,0,798.00,paypal,New York,NY,
3213,2024-05-05,2120,Fashion,152,0,2736.00,credit_card,Seattle,WA,31.0
3214,2024-12-19,2596,Home,257,0,4112.00,credit_card,Denver,CO,49.0
3215,2024-07-24,2032,Fashion,661,0,4627.00,cash,New York,NY,32.0
3216,2024-04-06,2817,Toys,387,0,1161.00,paypal,Denver,CO,19.0
3217,2024-01-02,2275,Toys,575,0,8625.00,paypal,Boston,MA,44.0
3218,2024-06-06,2462,Toys,235,0,1410.00,credit_card,Chicago,IL,52.0
3219,2024-12-26,2562,Toys,146,78,11304.27,credit_card,Miami,FL,65.0
3220,2024-06-07,2253,Electronics,3057,5,14818.28,paypal,Phoenix,AZ,63.0
3221,2024-09-13,1100,Toys,196,55,10838.19,credit_card,Houston,TX,70.0
3222,2024-04-02,1854,Grocery,113,124,14005.78,credit_card,Miami,FL,69.0
3223,2024-10-10,1282,Toys,88,0,1584.00,credit_card,Boston,MA,43.0
3224,2024-10-10,2020,Toys,194,0,3880.00,paypal,San Francisco,CA,39.0
3225,2024-08-10,1286,Home,1233,12,14381.55,credit_card,Phoenix,AZ,55.0
3226,2024-10-09,2018,Beauty,138,0,2346.00,credit_card,Chicago,IL,48.0
3227,2024-07-30,1687,Sports,1172,0,15236.00,credit_card,San Francisco,CA,36.0
3228,2024-05-18,1040,Home,85,0,1020.00,credit_card,Houston,TX,20.0
3229,2024-09-27,1249,Sports,394,0,5516.00,debit_card,Boston,MA,47.0
3230,2024-11-01,2006,Electronics,1278,0,19170.00,debit_card,Boston,MA,47.0
3231,2024-11-03,1157,Grocery,394,28,10854.42,debit_card,New York,NY,77.0
3232,2024-03-18,2711,Toys,120,104,12506.72,credit_card,Phoenix,AZ,69.0
3233,2024-09-04,2517,Fashion,731,0,9503.00,credit_card,New York,NY,34.0
3234,2024-01-02,2418,Beauty,569,0,10242.00,credit_card,Miami,FL,24.0
3235,2024-07-28,1344,Electronics,823,12,10140.23,paypal,Boston,MA,67.0
3236,2024-07-28,2591,Fashion,317,0,2219.00,credit_card,Seattle,WA,48.0
3237,2024-05-13,2269,Toys,342,0,1368.00,credit_card,Houston,TX,20.0
3238,2024-12-29,1780,Electronics,448,29,13209.45,credit_card,Denver,CO,65.0
3239,2024-11-19,1000,Toys,212,0,1272.00,cash,New York,NY,39.0
3240,2024-01-15,2057,Beauty,678,0,6102.00,paypal,Chicago,IL,28.0
3241,2024-03-17,2591,Toys,464,27,12732.40,credit_card,Houston,TX,59.0
3242,2024-03-17,1066,Home,485,29,13891.36,debit_card,Denver,CO,67.0
3243,2024-11-24,1105,Beauty,267,47,12506.39,credit_card,San Francisco,CA,66.0
3244,2024-07-08,1765,Fashion,684,0,7524.00,paypal,Seattle,WA,35.0
3245,2024-09-23,2023,Beauty,453,26,11769.42,cash,Denver,CO,55.0
3246,2024-10-23,1948,Toys,196,0,1176.00,paypal,Denver,CO,47.0
3247,2024-10-07,1852,Electronics,5003,2,10683.36,paypal,Seattle,WA,72.0
3248,2024-02-02,1510,Electronics,4201,0,54613.00,credit_card,Chicago,IL,29.0
3249,2024-02-21,1119,Electronics,2520,4,10255.37,credit_card,San Francisco,CA,69.0
3250,2024-05-24,1062,Electronics,747,0,5976.00,debit_card,Miami,FL,39.0
3251,2024-05-03,1197,Fashion,459,28,12644.16,paypal,,,56.0
3252,2024-09-30,2380,Electronics,1129,0,1129.00,credit_card,San Francisco,CA,49.0
3253,2024-02-27,2571,Grocery,103,0,515.00,credit_card,Houston,TX,39.0
3254,2024-05-15,1870,Grocery,24,0,360.00,credit_card,Boston,MA,32.0
3255,2024-03-27,1154,Home,817,0,2451.00,credit_card,Los Angeles,CA,40.0
3256,2024-03-10,1831,Fashion,1197,12,14594.42,paypal,New York,NY,56.0
3257,2024-03-04,2971,Beauty,387,36,13830.20,credit_card,Phoenix,AZ,56.0
3258,2024-03-12,1499,Toys,178,67,11965.60,paypal,Phoenix,AZ,57.0
3259,2024-07-25,1982,Toys,162,92,14918.63,credit_card,San Francisco,CA,59.0
3260,2024-05-30,2075,Grocery,124,0,744.00,debit_card,Chicago,IL,21.0
3261,2024-06-08,1659,Toys,457,0,9140.00,paypal,Denver,CO,42.0
3262,2024-06-24,1876,Toys,435,0,7395.00,paypal,Chicago,IL,37.0
3263,2024-09-28,1943,Sports,988,0,10868.00,paypal,Denver,CO,43.0
3264,2024-11-11,1947,Sports,1463,0,17556.00,credit_card,Boston,MA,42.0
3265,2024-07-11,2435,Fashion,173,0,2768.00,credit_card,Houston,TX,29.0
3266,2024-08-23,2161,Sports,729,15,10920.00,debit_card,Denver,CO,78.0
3267,2024-09-27,1106,Grocery,73,0,1241.00,paypal,Houston,TX,18.0
3268,2024-09-09,1012,Fashion,395,38,14988.14,paypal,Miami,FL,55.0
3269,2024-02-19,1821,Electronics,2927,0,29270.00,paypal,New York,NY,47.0
3270,2024-12-25,2815,Toys,665,17,11150.68,credit_card,Chicago,IL,62.0
3271,2024-03-01,1073,Beauty,748,14,10841.90,credit_card,,,70.0
3272,2024-05-30,1142,Grocery,137,104,14291.66,paypal,Los Angeles,CA,58.0
3273,2024-08-26,2358,Sports,559,22,12344.27,credit_card,Los Angeles,CA,66.0
3274,2024-05-27,1901,Beauty,200,0,200.00,paypal,Houston,TX,35.0
3275,2024-03-29,1461,Home,137,105,14459.29,debit_card,Miami,FL,80.0
3276,2024-12-03,1414,Fashion,1249,0,18735.00,paypal,Chicago,IL,23.0
3277,2024-01-27,2330,Fashion,334,41,13740.20,paypal,Boston,MA,60.0
3278,2024-03-30,2047,Fashion,648,0,1296.00,credit_card,San Francisco,CA,
3279,2024-12-29,2276,Beauty,425,0,5525.00,paypal,San Francisco,CA,32.0
3280,2024-09-24,1560,Grocery,36,299,10783.65,credit_card,Chicago,IL,69.0
3281,2024-02-01,2052,Fashion,204,52,10609.62,credit_card,San Francisco,CA,60.0
3282,2024-10-03,2720,Electronics,5053,2,12233.83,paypal,Chicago,IL,57.0
3283,2024-12-20,1633,Beauty,308,42,12807.72,credit_card,Chicago,IL,70.0
3284,2024-02-05,1792,Beauty,154,0,1232.00,credit_card,Boston,MA,35.0
3285,2024-05-31,1327,Grocery,88,137,12116.70,debit_card,Boston,MA,58.0
3286,2024-06-20,2277,Home,1316,0,9212.00,cash,Chicago,IL,30.0
3287,2024-02-17,1065,Beauty,516,0,9804.00,credit_card,Phoenix,AZ,48.0
3288,2024-03-14,1497,Beauty,76,0,76.00,debit_card,Phoenix,AZ,43.0
3289,2024-03-04,2426,Beauty,903,12,11059.94,credit_card,Boston,MA,56.0
3290,2024-03-08,1038,Beauty,529,0,8993.00,credit_card,Seattle,WA,22.0
3291,2024-05-27,2978,Grocery,87,0,783.00,paypal,Miami,FL,19.0
3292,2024-06-18,1808,Sports,235,0,2115.00,credit_card,New York,NY,19.0
3293,2024-03-28,1797,Electronics,3406,0,40872.00,paypal,Denver,CO,34.0
3294,2024-04-15,2072,Home,805,0,4025.00,paypal,Seattle,WA,54.0
3295,2026-07-25,2278,Grocery,458,0,5038.00,cash,Miami,FL,27.0
3296,2024-10-18,1919,Beauty,203,55,11087.65,paypal,,,80.0
3297,2024-03-18,2768,Electronics,17872,0,303824.00,credit_card,Los Angeles,CA,44.0
3298,2024-11-28,2924,Fashion,433,0,7361.00,paypal,Miami,FL,37.0
3299,2024-07-16,1400,Home,304,41,12549.55,debit_card,Los Angeles,CA,74.0
3300,2024-10-20,2413,Fashion,459,0,6426.00,credit_card,Los Angeles,CA,29.0
3301,2024-08-20,1601,Toys,1263,0,2526.00,debit_card,Seattle,WA,29.0
3302,2024-04-07,2991,Sports,1203,0,9624.00,paypal,Houston,TX,41.0
3303,2024-08-08,1506,Sports,1883,0,5649.00,credit_card,San Francisco,CA,22.0
3304,2024-04-10,1590,Sports,745,14,10071.50,credit_card,Miami,FL,60.0
3305,2024-02-13,2428,Toys,833,15,12194.74,credit_card,Houston,TX,66.0
3306,2024-04-03,2578,Toys,155,0,1395.00,credit_card,New York,NY,40.0
3307,2024-04-10,1257,Electronics,1669,6,10166.13,paypal,Houston,TX,72.0
3308,2024-02-19,2111,Electronics,1844,0,3688.00,credit_card,Chicago,IL,18.0
3309,2024-01-09,1691,Fashion,1292,0,3876.00,paypal,Los Angeles,CA,51.0
3310,2024-12-11,2223,Sports,788,18,14365.67,paypal,Los Angeles,CA,63.0
3311,2024-07-06,2113,?,59,0,295.00,credit_card,Miami,FL,41.0
3312,2024-05-27,2971,Grocery,103,127,13100.56,credit_card,Chicago,IL,77.0
3313,2024-12-06,2867,Toys,80,0,1600.00,credit_card,Chicago,IL,45.0
3314,2024-03-23,2307,Electronics,229,47,10800.94,credit_card,New York,NY,75.0
3315,2024-05-27,2358,Electronics,2852,5,13842.83,credit_card,Denver,CO,59.0
3316,2024-11-05,2797,Sports,453,0,453.00,credit_card,Denver,CO,32.0
3317,2024-08-19,1366,Toys,248,50,12463.80,paypal,Los Angeles,CA,70.0
3318,2024-05-26,2451,Toys,594,0,2376.00,debit_card,Phoenix,AZ,19.0
3319,2024-04-03,2544,Electronics,4481,0,71696.00,credit_card,Houston,TX,29.0
3320,2024-01-13,1254,Grocery,150,84,12553.53,credit_card,Seattle,WA,67.0
3321,2024-02-01,2762,Sports,2856,4,11280.64,paypal,Seattle,WA,74.0
3322,2024-02-29,2398,Toys,457,0,8683.00,credit_card,Los Angeles,CA,42.0
3323,2024-10-14,1694,Electronics,1867,6,11968.78,debit_card,Miami,FL,59.0
3324,2024-08-21,1968,Beauty,296,49,14390.77,credit_card,New York,NY,61.0
3325,2024-06-07,1979,Sports,218,49,10736.00,paypal,Miami,FL,64.0
3326,2024-10-13,2837,Home,1189,11,13118.54,credit_card,Boston,MA,75.0
3327,2024-02-28,2938,Fashion,458,0,3664.00,credit_card,,,23.0
3328,2024-03-18,2613,Fashion,267,0,267.00,debit_card,Boston,MA,30.0
3329,2024-05-23,2304,Electronics,1493,7,11084.50,credit_card,Boston,MA,75.0
3330,2024-12-01,1208,Grocery,52,0,988.00,debit_card,Denver,CO,52.0
3331,2024-08-12,2829,Beauty,457,0,8226.00,credit_card,San Francisco,CA,51.0
3332,2024-11-07,1267,Grocery,426,0,5964.00,credit_card,New York,NY,43.0
3333,2024-03-31,1333,Fashion,1034,0,16544.00,credit_card,New York,NY,40.0
3334,2024-11-06,1139,Sports,353,0,4236.00,debit_card,Chicago,IL,33.0
3335,2024-01-27,2895,Sports,420,0,1260.00,paypal,Seattle,WA,43.0
3336,2024-03-24,1986,Sports,220,0,1100.00,credit_card,Boston,MA,22.0
3337,2024-07-10,1471,Toys,537,0,2685.00,paypal,Miami,FL,36.0
3338,2024-01-19,1161,Sports,501,24,12224.20,paypal,Houston,TX,80.0
3339,2024-11-10,1823,Beauty,458,0,5496.00,credit_card,Los Angeles,CA,28.0
3340,2024-11-13,2447,Electronics,1589,8,12665.11,credit_card,New York,NY,64.0
3341,2024-07-17,2989,Home,789,0,1578.00,credit_card,Houston,TX,20.0
3342,2024-04-21,2104,Grocery,460,23,10608.95,credit_card,Houston,TX,64.0
3343,2024-02-06,2214,Grocery,92,0,1472.00,paypal,Houston,TX,34.0
3344,2024-08-14,2671,Beauty,181,0,724.00,credit_card,New York,NY,
3345,2024-07-15,2803,Fashion,2094,0,33504.00,credit_card,Los Angeles,CA,49.0
3346,2024-10-05,1559,Sports,614,17,10392.55,debit_card,San Francisco,CA,66.0
3347,2024-08-08,2983,Electronics,2606,5,12420.30,credit_card,Los Angeles,CA,60.0
3348,2024-02-16,2038,Home,357,0,7140.00,paypal,San Francisco,CA,53.0
3349,2024-02-14,2860,Beauty,424,28,12046.72,debit_card,New York,NY,64.0
3350,2024-10-12,1234,Fashion,133,109,14604.98,credit_card,Miami,FL,78.0
3351,2024-02-28,1194,Sports,422,32,13489.98,credit_card,Chicago,IL,55.0
3352,2024-12-09,2769,Electronics,558,0,10044.00,credit_card,Houston,TX,28.0
3353,2024-02-08,2345,Sports,376,0,4888.00,cash,Denver,CO,25.0
3354,2024-09-23,1350,Beauty,664,0,7968.00,credit_card,Boston,MA,52.0
3355,2024-12-22,2789,Toys,187,0,935.00,paypal,Seattle,WA,45.0
3356,2024-06-10,1204,Sports,1085,13,14484.60,cash,Miami,FL,56.0
3357,2024-01-21,2364,Grocery,329,45,14641.52,credit_card,Miami,FL,60.0
3358,2024-11-16,1410,Home,538,0,1614.00,debit_card,Boston,MA,29.0
3359,2024-03-09,1141,Fashion,947,11,10095.33,debit_card,Seattle,WA,64.0
3360,2024-07-12,2612,Toys,467,31,14399.31,credit_card,Seattle,WA,80.0
3361,2024-12-26,2694,Sports,673,0,4038.00,paypal,New York,NY,38.0
3362,2024-09-29,1211,Grocery,178,83,14792.38,credit_card,Denver,CO,76.0
3363,2024-01-17,1186,Electronics,6387,2,12263.21,paypal,Seattle,WA,76.0
3364,2024-10-27,2228,Electronics,883,0,10596.00,debit_card,Los Angeles,CA,44.0
3365,2024-02-29,1057,Fashion,199,66,13179.94,credit_card,Chicago,IL,68.0
3366,2024-10-01,2492,Sports,458,26,11729.89,credit_card,Miami,FL,76.0
3367,2024-08-15,2831,Grocery,217,48,10493.29,credit_card,Boston,MA,71.0
3368,2024-04-15,2502,Sports,1507,3,4823.36,credit_card,San Francisco,CA,42.0
3369,2024-06-04,1461,Sports,397,28,11313.20,debit_card,San Francisco,CA,59.0
3370,2024-02-13,1380,Home,100,105,10402.72,credit_card,San Francisco,CA,55.0
3371,2024-12-27,2361,Sports,356,0,3204.00,cash,Miami,FL,44.0
3372,2024-03-28,1123,Sports,947,13,12433.95,credit_card,Denver,CO,58.0
3373,2024-04-22,2075,Toys,290,46,13267.93,credit_card,New York,NY,76.0
3374,2024-07-03,1897,Toys,353,0,4942.00,credit_card,Houston,TX,19.0
3375,2024-09-03,2489,Sports,402,25,10026.13,credit_card,Phoenix,AZ,74.0
3376,2024-07-03,1404,Home,1237,0,22266.00,debit_card,Miami,FL,41.0
3377,2024-07-03,2524,Home,723,15,11144.32,credit_card,Los Angeles,CA,70.0
3378,2024-08-01,2398,Home,879,0,879.00,debit_card,Los Angeles,CA,24.0
3379,2024-11-09,1477,Toys,347,30,10368.84,credit_card,Denver,CO,74.0
3380,2024-05-24,1713,Beauty,372,0,4092.00,credit_card,Miami,FL,46.0
3381,2024-10-31,1132,Grocery,457,32,14828.71,credit_card,Miami,FL,75.0
3382,2024-10-15,1898,Fashion,204,0,3672.00,credit_card,Chicago,IL,44.0
3383,2024-12-17,1521,Electronics,1975,7,14015.56,credit_card,Seattle,WA,65.0
3384,2024-11-30,1226,Toys,575,18,10154.95,paypal,Phoenix,AZ,55.0
3385,2024-10-19,2119,Electronics,3693,0,73860.00,credit_card,Miami,FL,30.0
3386,2024-03-31,2135,Toys,426,0,7668.00,credit_card,Denver,CO,33.0
3387,2024-10-10,1171,Fashion,198,0,3960.00,credit_card,Los Angeles,CA,51.0
3388,2024-09-26,1371,Beauty,128,0,1664.00,credit_card,San Francisco,CA,48.0
3389,2024-04-15,1165,Toys,216,65,14069.94,paypal,Miami,FL,56.0
3390,2024-09-05,2357,Beauty,284,50,14136.31,paypal,Phoenix,AZ,68.0
3391,2024-04-02,1676,Fashion,388,36,14026.20,paypal,Denver,CO,66.0
3392,2024-07-10,1142,Beauty,99,0,990.00,credit_card,Chicago,IL,21.0
3393,2024-10-18,1383,Sports,247,0,1729.00,credit_card,Miami,FL,49.0
3394,2024-03-10,2951,Toys,458,0,8702.00,credit_card,Houston,TX,27.0
3395,2024-05-03,1511,Fashion,35,0,700.00,paypal,Miami,FL,50.0
3396,2024-10-18,2369,Sports,550,0,1100.00,credit_card,Chicago,IL,51.0
3397,2024-06-15,1936,Beauty,1563,9,14392.10,credit_card,Boston,MA,80.0
3398,2024-12-17,1363,Fashion,1800,0,28800.00,debit_card,New York,NY,42.0
3399,2024-01-03,1614,Electronics,671,0,6039.00,paypal,Houston,TX,46.0
3400,2024-09-21,1028,Fashion,482,0,2410.00,credit_card,Denver,CO,50.0
3401,2024-10-24,2493,Fashion,133,0,798.00,credit_card,Miami,FL,26.0
3402,2024-12-01,1668,Fashion,150,0,150.00,paypal,Phoenix,AZ,21.0
3403,2024-02-27,1998,Electronics,562,22,12342.13,credit_card,Houston,TX,62.0
3404,2024-12-26,1305,Electronics,1224,0,2448.00,cash,New York,NY,36.0
3405,2024-05-23,2648,Fashion,369,0,369.00,credit_card,Chicago,IL,40.0
3406,2024-05-08,1436,Fashion,523,21,11197.70,paypal,Boston,MA,80.0
3407,2024-05-10,2132,Electronics,2492,0,24920.00,paypal,Los Angeles,CA,33.0
3408,2026-04-26,2745,Fashion,327,44,14352.24,credit_card,New York,NY,74.0
3409,2024-08-29,2426,Fashion,441,32,14173.23,paypal,Phoenix,AZ,57.0
3410,2024-06-22,2206,Electronics,611,0,4888.00,credit_card,Houston,TX,34.0
3411,2024-01-26,2776,Home,188,61,11373.55,credit_card,Denver,CO,78.0
3412,2024-12-27,1352,Home,166,78,12903.60,credit_card,Los Angeles,CA,57.0
3413,2024-03-22,2927,Home,924,0,13860.00,debit_card,Los Angeles,CA,37.0
3414,2024-02-04,2113,Beauty,186,0,3534.00,credit_card,Chicago,IL,46.0
3415,2024-08-06,1819,Electronics,328,0,6560.00,credit_card,Chicago,IL,41.0
3416,2024-05-30,1511,Toys,457,28,12784.69,cash,Seattle,WA,71.0
3417,2024-08-13,2489,Toys,112,0,2240.00,paypal,Los Angeles,CA,47.0
3418,2024-11-16,2952,Beauty,922,0,5532.00,credit_card,,,20.0
3419,2024-02-05,2380,Sports,384,32,12437.64,credit_card,San Francisco,CA,61.0
3420,2024-04-13,1065,Sports,1053,12,13043.60,credit_card,Phoenix,AZ,65.0
3421,2024-07-08,1938,Beauty,584,0,8176.00,credit_card,,,42.0
3422,2024-10-15,2464,Beauty,114,92,10419.85,paypal,San Francisco,CA,76.0
3423,2024-08-07,1794,Home,584,0,8760.00,cash,Denver,CO,44.0
3424,2024-05-20,2545,Beauty,383,0,3064.00,credit_card,,,34.0
3425,2024-08-11,2414,Sports,670,18,12273.22,credit_card,Denver,CO,62.0
3426,2024-12-24,1134,Electronics,1957,0,9785.00,credit_card,San Francisco,CA,26.0
3427,2024-06-24,2115,Toys,105,108,11399.36,credit_card,Boston,MA,80.0
3428,2024-11-19,1343,Grocery,152,66,10011.86,credit_card,Denver,CO,61.0
3429,2024-10-12,1973,Electronics,993,0,10923.00,credit_card,Houston,TX,37.0
3430,2024-04-20,1768,Electronics,1938,0,23256.00,credit_card,Denver,CO,23.0
3431,2024-04-01,2613,Grocery,458,0,3206.00,credit_card,New York,NY,54.0
3432,2024-10-08,2736,Toys,521,0,4689.00,paypal,San Francisco,CA,54.0
3433,2024-03-16,1922,Home,727,17,12595.87,paypal,Houston,TX,68.0
3434,2024-05-03,2073,Beauty,408,0,8160.00,credit_card,Los Angeles,CA,35.0
3435,2024-03-27,2252,Fashion,742,0,8162.00,credit_card,Miami,FL,31.0
3436,2024-08-09,2310,Fashion,1414,0,7070.00,paypal,Chicago,IL,44.0
3437,2024-04-17,2270,Fashion,416,28,11823.52,credit_card,Denver,CO,69.0
3438,2024-08-29,2566,Toys,348,35,12156.19,paypal,Boston,MA,75.0
3439,2024-12-08,2963,Electronics,3089,0,61780.00,credit_card,New York,NY,
3440,2024-10-30,2656,Fashion,289,0,5780.00,paypal,San Francisco,CA,21.0
3441,2024-12-12,1269,Fashion,147,0,2352.00,credit_card,Chicago,IL,24.0
3442,2024-01-09,1952,Electronics,2175,0,8700.00,paypal,San Francisco,CA,52.0
3443,2024-06-15,1922,Beauty,207,0,414.00,credit_card,San Francisco,CA,19.0
3444,2024-03-21,2017,Electronics,558,19,10556.75,paypal,Miami,FL,63.0
3445,2024-12-01,2056,Grocery,146,0,2482.00,debit_card,Miami,FL,20.0
3446,2024-09-17,2436,Electronics,4605,0,4605.00,credit_card,San Francisco,CA,44.0
3447,2024-04-27,1842,Fashion,116,108,12528.10,paypal,San Francisco,CA,68.0
3448,2024-07-25,1526,Electronics,3327,0,13308.00,credit_card,Boston,MA,47.0
3449,2024-08-09,1915,Fashion,56,202,11350.63,credit_card,Chicago,IL,60.0
3450,2024-06-30,2708,Toys,222,0,888.00,credit_card,Miami,FL,39.0
3451,2024-06-22,1622,Electronics,6390,2,10002.91,paypal,Los Angeles,CA,67.0
3452,2024-01-21,1041,Sports,470,0,8930.00,paypal,New York,NY,44.0
3453,2024-06-14,2952,Beauty,263,53,13900.60,credit_card,Chicago,IL,65.0
3454,2024-05-07,1391,Sports,1124,12,13139.19,paypal,Phoenix,AZ,77.0
3455,2024-10-26,2205,Electronics,371,0,1855.00,paypal,Denver,CO,42.0
3456,2024-11-12,2600,Toys,324,0,6480.00,debit_card,New York,NY,32.0
3457,2024-10-01,1548,Home,579,22,12639.58,credit_card,New York,NY,76.0
3458,2024-01-12,1680,Electronics,6502,2,13110.28,credit_card,New York,NY,60.0
3459,2024-11-03,1560,Sports,227,51,11618.33,credit_card,Chicago,IL,73.0
3460,2024-05-25,1299,?,405,0,2025.00,credit_card,Seattle,WA,41.0
3461,2024-06-01,1305,Electronics,697,0,9758.00,credit_card,San Francisco,CA,39.0
3462,2024-12-11,1373,Beauty,107,0,749.00,paypal,New York,NY,25.0
3463,2024-11-13,1916,Toys,753,14,10615.18,debit_card,San Francisco,CA,66.0
3464,2024-01-19,2061,Grocery,100,118,11784.64,debit_card,Denver,CO,71.0
3465,2024-05-11,1031,Sports,392,36,13944.39,credit_card,New York,NY,69.0
3466,2024-10-01,2692,Sports,404,0,1616.00,credit_card,Phoenix,AZ,36.0
3467,2024-07-16,2351,Beauty,156,0,936.00,paypal,San Francisco,CA,48.0
3468,2024-04-04,1141,Electronics,1003,0,6018.00,credit_card,Miami,FL,49.0
3469,2024-07-11,2685,Fashion,156,0,1872.00,paypal,Chicago,IL,25.0
3470,2024-11-13,1060,Beauty,199,0,2388.00,credit_card,Chicago,IL,18.0
3471,2024-03-22,2121,Fashion,327,0,3270.00,credit_card,Phoenix,AZ,39.0
3472,2024-09-30,1930,Grocery,53,0,583.00,debit_card,San Francisco,CA,50.0
3473,2024-09-25,2004,Home,622,21,13041.33,debit_card,Denver,CO,80.0
3474,2024-11-20,2912,Fashion,518,27,13956.21,credit_card,Phoenix,AZ,73.0
3475,2024-04-19,2854,Grocery,63,232,14511.41,debit_card,Seattle,WA,63.0
3476,2024-03-20,1558,Home,490,23,11248.29,credit_card,Seattle,WA,78.0
3477,2024-07-19,2159,Grocery,550,27,14572.14,credit_card,Phoenix,AZ,66.0
3478,2024-07-13,2918,Electronics,7994,0,95928.00,credit_card,Miami,FL,51.0
3479,2024-05-29,2457,Home,237,56,13313.00,debit_card,Los Angeles,CA,75.0
3480,2024-10-12,2775,Toys,147,87,12803.89,debit_card,Seattle,WA,75.0
3481,2024-10-19,1869,Toys,459,0,3672.00,credit_card,Miami,FL,30.0
3482,2024-03-30,1566,Grocery,228,0,3648.00,paypal,Seattle,WA,35.0
3483,2024-10-18,2021,Grocery,457,27,12516.50,paypal,Denver,CO,79.0
3484,2024-03-25,2633,Toys,370,0,4440.00,credit_card,Boston,MA,18.0
3485,2024-05-29,2857,Toys,1509,0,18108.00,credit_card,Boston,MA,50.0
3486,2024-01-10,2371,Fashion,424,0,848.00,credit_card,,,42.0
3487,2024-05-04,2413,Beauty,430,29,12343.60,credit_card,Seattle,WA,64.0
3488,2024-12-16,2023,Toys,463,22,10369.49,paypal,Houston,TX,78.0
3489,2024-06-10,1639,Electronics,916,0,8244.00,paypal,Seattle,WA,38.0
3490,2024-09-16,1845,Beauty,570,0,8550.00,credit_card,Denver,CO,31.0
3491,2024-02-09,1995,Fashion,217,0,651.00,credit_card,San Francisco,CA,38.0
3492,2024-08-20,2631,Sports,1784,6,10273.20,credit_card,Houston,TX,63.0
3493,2024-05-15,2110,Sports,382,0,7640.00,credit_card,Phoenix,AZ,40.0
3494,2024-09-29,2586,Beauty,167,70,11654.88,credit_card,Los Angeles,CA,58.0
3495,2024-12-05,1054,Home,457,0,7769.00,credit_card,New York,NY,39.0
3496,2024-07-13,2513,Fashion,204,54,11017.78,credit_card,Houston,TX,64.0
3497,2024-02-07,2014,Electronics,1042,0,16672.00,credit_card,Chicago,IL,21.0
3498,2024-06-23,2996,Fashion,460,0,5060.00,credit_card,Houston,TX,39.0
3499,2024-02-15,1943,Electronics,1216,0,13376.00,credit_card,New York,NY,37.0
3500,2024-06-13,1957,Toys,203,51,10433.60,credit_card,Houston,TX,55.0
3501,2024-01-23,1254,Grocery,184,55,10122.19,credit_card,Boston,MA,58.0
3502,2024-08-22,2613,Sports,857,17,14891.94,credit_card,San Francisco,CA,63.0
3503,2024-04-23,2403,Grocery,56,199,11060.47,credit_card,San Francisco,CA,74.0
3504,2024-03-14,2724,Grocery,68,220,14923.45,cash,Seattle,WA,68.0
3505,2024-01-07,1185,Electronics,1215,0,10935.00,credit_card,Seattle,WA,20.0
3506,2024-11-21,1423,Sports,2005,0,24060.00,debit_card,Denver,CO,
3507,2024-11-02,2753,Sports,316,0,4424.00,credit_card,Seattle,WA,19.0
3508,2024-10-24,1084,Fashion,458,0,6412.00,credit_card,New York,NY,44.0
3509,2024-01-22,2016,Beauty,459,28,12722.51,credit_card,Denver,CO,55.0
3510,2024-05-07,1809,Fashion,458,0,8244.00,paypal,Miami,FL,38.0
3511,2024-12-21,2878,Electronics,1874,6,10959.16,cash,Miami,FL,62.0
3512,2024-07-30,2713,Sports,718,15,10726.51,credit_card,New York,NY,68.0
3513,2024-02-17,2793,Home,1534,7,11004.20,credit_card,Phoenix,AZ,56.0
3514,2024-02-21,1578,Fashion,983,0,4915.00,paypal,Phoenix,AZ,51.0
3515,2024-04-06,2175,Sports,4156,0,78964.00,credit_card,San Francisco,CA,
3516,2024-12-21,2400,Beauty,457,26,11818.89,credit_card,,,59.0
3517,2024-03-03,2934,Home,446,0,4014.00,paypal,Houston,TX,32.0
3518,2024-11-26,1014,Fashion,460,0,8740.00,credit_card,Miami,FL,
3519,2024-09-05,2954,Electronics,2559,0,10236.00,credit_card,New York,NY,48.0
3520,2024-12-03,1710,Fashion,470,0,1410.00,credit_card,Boston,MA,19.0
3521,2024-10-29,1256,Toys,514,21,11024.96,credit_card,New York,NY,75.0
3522,2024-05-01,2231,Toys,123,115,14140.11,cash,Los Angeles,CA,68.0
3523,2024-10-30,2563,Fashion,566,21,11835.16,credit_card,Phoenix,AZ,56.0
3524,2024-03-02,1259,Electronics,1727,7,12634.73,credit_card,Chicago,IL,60.0
3525,2024-04-16,1081,Toys,341,0,2387.00,credit_card,New York,NY,54.0
3526,2024-03-18,2793,Toys,177,0,354.00,credit_card,Phoenix,AZ,39.0
3527,2024-02-18,2867,Electronics,3795,3,12506.15,credit_card,Boston,MA,76.0
3528,2024-02-02,1312,Sports,3149,0,3149.00,credit_card,Los Angeles,CA,52.0
3529,2024-03-09,2808,Electronics,603,0,2412.00,credit_card,Los Angeles,CA,39.0
3530,2024-02-13,2819,Sports,1087,12,13297.69,credit_card,Miami,FL,61.0
3531,2024-05-19,2994,Toys,458,0,5496.00,paypal,Denver,CO,27.0
3532,2024-01-27,1432,Beauty,417,0,2502.00,credit_card,Seattle,WA,38.0
3533,2024-01-23,2157,Toys,68,0,612.00,paypal,Seattle,WA,26.0
3534,2024-12-28,2988,Beauty,458,0,5954.00,credit_card,San Francisco,CA,
3535,2024-02-02,2805,Home,192,78,14987.10,credit_card,New York,NY,69.0
3536,2024-01-28,2209,Beauty,206,0,1648.00,paypal,Denver,CO,45.0
3537,2024-01-12,1394,Fashion,836,15,12217.81,paypal,Phoenix,AZ,71.0
3538,2024-02-18,1168,Fashion,97,120,11613.25,credit_card,Houston,TX,58.0
3539,2024-07-12,1518,Beauty,183,0,3111.00,credit_card,Miami,FL,32.0
3540,2024-10-29,1130,Fashion,284,0,284.00,paypal,Denver,CO,31.0
3541,2024-09-25,1390,Electronics,5192,0,103840.00,credit_card,Denver,CO,46.0
3542,2024-07-31,1149,Beauty,345,0,5865.00,credit_card,Boston,MA,23.0
3543,2024-02-01,2524,Toys,119,0,714.00,credit_card,Phoenix,AZ,54.0
3544,2024-10-10,2179,Toys,209,0,627.00,paypal,Chicago,IL,46.0
3545,2024-01-14,2035,Home,1909,0,36271.00,debit_card,Chicago,IL,26.0
3546,2024-08-18,2619,Toys,547,0,1094.00,credit_card,San Francisco,CA,51.0
3547,2024-05-29,1821,Home,264,56,14870.38,cash,Chicago,IL,71.0
3548,2024-11-18,1805,Sports,493,30,14988.11,credit_card,Phoenix,AZ,75.0
3549,2024-04-22,1413,Sports,506,0,3036.00,paypal,Phoenix,AZ,44.0
3550,2024-08-21,1889,Beauty,159,0,636.00,credit_card,Boston,MA,22.0
3551,2024-06-10,1349,Grocery,25,558,13904.66,debit_card,Houston,TX,72.0
3552,2024-07-10,2178,Home,320,0,5440.00,credit_card,Boston,MA,52.0
3553,2024-12-09,2994,Electronics,4454,3,13988.35,credit_card,Seattle,WA,65.0
3554,2024-09-17,2066,Sports,452,0,452.00,credit_card,San Francisco,CA,20.0
3555,2024-05-31,1598,Grocery,90,0,1350.00,paypal,Chicago,IL,36.0
3556,2024-06-12,2376,Home,615,0,11070.00,credit_card,Boston,MA,35.0
3557,2024-09-14,2640,Sports,3602,3,12036.62,credit_card,Boston,MA,63.0
3558,2024-05-06,1943,Fashion,435,29,12694.51,credit_card,San Francisco,CA,60.0
3559,2024-03-02,1500,Fashion,1026,11,11759.50,debit_card,Phoenix,AZ,64.0
3560,2024-06-20,2427,Toys,189,0,1890.00,debit_card,Houston,TX,43.0
3561,2024-01-25,1374,Fashion,347,0,3470.00,credit_card,Seattle,WA,37.0
3562,2024-03-03,2994,Sports,617,0,1851.00,credit_card,Denver,CO,29.0
3563,2024-06-02,1635,Beauty,132,0,1716.00,debit_card,Chicago,IL,33.0
3564,2024-10-18,1700,Fashion,363,0,7260.00,credit_card,Miami,FL,28.0
3565,2024-10-12,2453,Electronics,2983,4,13094.26,credit_card,Los Angeles,CA,69.0
3566,2024-04-05,1024,Grocery,52,274,14128.70,credit_card,Boston,MA,60.0
3567,2024-06-03,1405,Home,550,22,11870.33,credit_card,Phoenix,AZ,60.0
3568,2024-02-26,1251,Beauty,437,29,12675.97,cash,San Francisco,CA,73.0
3569,2024-10-03,1782,Beauty,126,110,13874.85,debit_card,Chicago,IL,64.0
3570,2024-03-31,2107,Sports,1467,0,5868.00,credit_card,Chicago,IL,38.0
3571,2024-10-19,1359,Electronics,1554,0,12432.00,paypal,Denver,CO,37.0
3572,2024-11-04,1688,Grocery,86,0,1032.00,credit_card,Houston,TX,
3573,2024-09-09,2544,Toys,460,24,11044.31,paypal,New York,NY,63.0
3574,2024-04-30,2879,Fashion,459,28,13051.84,credit_card,San Francisco,CA,73.0
3575,2024-12-14,1028,Beauty,329,42,13878.79,paypal,Phoenix,AZ,63.0
3576,2024-09-08,2254,Beauty,987,0,18753.00,paypal,Denver,CO,47.0
3577,2024-08-24,1051,Beauty,385,0,5775.00,paypal,Phoenix,AZ,38.0
3578,2026-12-30,2040,Home,1353,0,18942.00,credit_card,Boston,MA,45.0
3579,2024-11-18,2758,Toys,116,0,1160.00,paypal,Seattle,WA,35.0
3580,2024-01-29,2596,Fashion,386,0,5790.00,debit_card,Phoenix,AZ,28.0
3581,2024-11-18,1465,Electronics,3892,0,73948.00,credit_card,Phoenix,AZ,45.0
3582,2024-10-06,1517,Fashion,457,0,7312.00,credit_card,Los Angeles,CA,32.0
3583,2024-03-16,2567,Electronics,3172,3,10260.74,debit_card,Boston,MA,64.0
3584,2024-04-22,2639,Electronics,2635,4,11268.56,paypal,Seattle,WA,75.0
3585,2024-10-02,1561,Beauty,304,0,2432.00,paypal,New York,NY,30.0
3586,2024-03-20,1006,Sports,470,0,1880.00,credit_card,Houston,TX,18.0
3587,2024-06-14,1888,Fashion,194,52,10126.29,debit_card,Phoenix,AZ,73.0
3588,2024-09-09,2239,Home,2275,0,40950.00,credit_card,San Francisco,CA,
3589,2024-08-26,1887,Beauty,405,0,5265.00,credit_card,Phoenix,AZ,34.0
3590,2024-11-28,2869,Toys,401,25,10032.60,paypal,,,71.0
3591,2024-02-10,2627,Toys,220,56,12388.90,debit_card,,,70.0
3592,2024-04-17,2575,Home,567,0,8505.00,paypal,Houston,TX,54.0
3593,2024-12-26,1040,Electronics,1672,0,23408.00,credit_card,Los Angeles,CA,27.0
3594,2024-07-27,2707,Electronics,2018,7,13503.37,credit_card,Phoenix,AZ,62.0
3595,2024-04-01,2510,Electronics,2637,5,11915.20,paypal,San Francisco,CA,64.0
3596,2024-04-16,1793,Grocery,52,0,260.00,credit_card,Denver,CO,45.0
3597,2024-05-04,2179,Fashion,132,0,2112.00,cash,Los Angeles,CA,53.0
3598,2024-07-21,2648,Toys,327,0,654.00,paypal,Miami,FL,51.0
3599,2024-04-14,2812,Grocery,24,544,13105.44,paypal,Denver,CO,59.0
3600,2024-08-15,2101,Grocery,75,0,1275.00,paypal,Los Angeles,CA,50.0
3601,2024-06-11,1082,Fashion,285,39,10957.43,credit_card,Phoenix,AZ,79.0
3602,2024-08-11,2237,Sports,905,0,6335.00,credit_card,Seattle,WA,20.0
3603,2024-02-26,2360,Sports,2983,0,26847.00,paypal,New York,NY,21.0
3604,2024-08-16,1117,Electronics,309,0,4944.00,credit_card,Phoenix,AZ,27.0
3605,2024-12-04,2634,Beauty,1507,0,9042.00,paypal,Chicago,IL,27.0
3606,2024-02-19,1403,Toys,253,0,3795.00,credit_card,Houston,TX,49.0
3607,2024-04-29,2780,Fashion,565,0,5650.00,paypal,Chicago,IL,22.0
3608,2024-09-10,2101,Sports,197,0,1970.00,credit_card,Boston,MA,30.0
3609,2024-08-13,1644,Beauty,542,0,5962.00,paypal,San Francisco,CA,50.0
3610,2024-09-03,1117,Electronics,1515,9,14182.12,credit_card,Los Angeles,CA,74.0
3611,2024-07-23,1035,Toys,459,26,11812.95,debit_card,New York,NY,68.0
3612,2024-09-06,2482,Grocery,458,0,3664.00,paypal,Phoenix,AZ,31.0
3613,2024-08-11,1754,Beauty,259,0,3885.00,credit_card,Chicago,IL,21.0
3614,2024-01-28,2680,Toys,607,22,13536.40,credit_card,Phoenix,AZ,64.0
3615,2024-10-01,1461,Electronics,1213,9,10649.71,credit_card,Seattle,WA,67.0
3616,2024-06-12,2840,Beauty,625,23,14090.54,debit_card,Phoenix,AZ,76.0
3617,2024-01-19,2883,Beauty,605,0,3630.00,debit_card,Seattle,WA,45.0
3618,2024-05-29,1203,Sports,366,0,3660.00,debit_card,Seattle,WA,21.0
3619,2024-06-08,2293,Toys,1094,12,12590.30,credit_card,Chicago,IL,77.0
3620,2024-02-01,2879,Toys,317,0,3804.00,credit_card,Miami,FL,36.0
3621,2024-12-30,1646,Electronics,1525,0,7625.00,paypal,Miami,FL,42.0
3622,2024-03-22,1135,Home,595,0,10115.00,debit_card,Chicago,IL,44.0
3623,2024-05-01,2750,Beauty,258,58,14851.34,credit_card,Phoenix,AZ,80.0
3624,2024-06-10,1948,Grocery,12,0,12.00,credit_card,,,40.0
3625,2024-10-31,1054,Home,474,0,7110.00,credit_card,Houston,TX,53.0
3626,2024-09-28,2680,Fashion,144,0,2016.00,paypal,Boston,MA,
3627,2024-10-09,2357,Grocery,359,34,12026.85,debit_card,Seattle,WA,80.0
3628,2024-03-27,1140,Home,1955,7,14365.00,debit_card,Denver,CO,77.0
3629,2024-11-05,1517,Home,1087,11,12060.50,debit_card,Seattle,WA,57.0
3630,2024-10-30,1036,Electronics,1211,0,9688.00,paypal,New York,NY,24.0
3631,2024-06-18,2909,Home,245,0,3430.00,credit_card,Boston,MA,39.0
3632,2024-07-18,1049,Toys,458,23,10539.46,credit_card,New York,NY,59.0
3633,2024-01-14,2591,Fashion,2022,7,13438.17,credit_card,Houston,TX,68.0
3634,2024-10-05,2022,Grocery,56,194,10914.83,cash,Denver,CO,65.0
3635,2024-12-17,2165,Grocery,15,0,135.00,credit_card,Denver,CO,48.0
3636,2024-06-21,2623,Grocery,223,63,13999.26,credit_card,Chicago,IL,60.0
3637,2024-07-16,2789,Beauty,811,0,13787.00,paypal,Denver,CO,37.0
3638,2024-07-01,1254,Toys,1152,10,11674.32,credit_card,Denver,CO,58.0
3639,2024-01-31,1035,Sports,1402,0,18226.00,credit_card,San Francisco,CA,48.0
3640,2024-08-14,1249,Grocery,256,54,13782.12,debit_card,San Francisco,CA,61.0
3641,2024-09-21,2365,Electronics,1529,8,12407.20,cash,New York,NY,72.0
3642,2024-12-05,2137,Beauty,46,273,12685.30,credit_card,Chicago,IL,69.0
3643,2024-12-06,1167,Electronics,1499,9,13673.16,credit_card,Miami,FL,64.0
3644,2024-06-29,1468,Fashion,703,19,13325.28,paypal,Chicago,IL,66.0
3645,2024-12-16,2074,Home,493,0,6409.00,debit_card,Los Angeles,CA,28.0
3646,2024-07-12,2460,Toys,264,0,528.00,debit_card,Denver,CO,29.0
3647,2024-08-22,1686,Beauty,457,29,13321.80,credit_card,Denver,CO,70.0
3648,2024-08-08,2899,Electronics,658,0,7238.00,credit_card,Los Angeles,CA,52.0
3649,2024-12-31,2984,Toys,1329,0,23922.00,credit_card,Seattle,WA,45.0
3650,2024-09-26,2532,Home,2462,5,13294.73,credit_card,Seattle,WA,59.0
3651,2024-02-13,1908,Electronics,1463,0,20482.00,paypal,Los Angeles,CA,23.0
3652,2024-01-27,2754,Fashion,536,0,6432.00,debit_card,Los Angeles,CA,28.0
3653,2024-05-30,2455,Toys,139,0,2085.00,paypal,Phoenix,AZ,27.0
3654,2024-07-07,2039,Home,919,0,919.00,credit_card,Miami,FL,53.0
3655,2024-09-01,1887,Fashion,1747,0,24458.00,credit_card,San Francisco,CA,22.0
3656,2024-06-25,2664,Grocery,29,0,551.00,paypal,San Francisco,CA,20.0
3657,2024-07-07,2114,Fashion,620,21,12926.35,credit_card,New York,NY,60.0
3658,2024-12-03,1365,Grocery,458,31,14035.89,credit_card,Miami,FL,64.0
3659,2024-05-02,2999,Beauty,373,0,5968.00,credit_card,Miami,FL,34.0
3660,2024-06-29,1136,Fashion,1591,0,27047.00,credit_card,New York,NY,
3661,2024-07-23,2390,Toys,1557,0,23355.00,credit_card,San Francisco,CA,24.0
3662,2024-06-20,2311,Toys,253,0,4554.00,credit_card,Seattle,WA,43.0
3663,2024-12-20,2172,Sports,1046,0,13598.00,paypal,Boston,MA,
3664,2024-12-18,1103,Fashion,457,0,6398.00,credit_card,Miami,FL,39.0
3665,2024-07-06,1985,Fashion,258,45,11500.10,debit_card,Houston,TX,72.0
3666,2024-06-13,2784,Electronics,1822,0,29152.00,debit_card,Los Angeles,CA,22.0
3667,2024-08-03,1479,Electronics,2508,4,10907.82,credit_card,Houston,TX,57.0
3668,2024-03-07,2383,Fashion,509,0,2036.00,credit_card,Boston,MA,35.0
3669,2024-06-04,2717,Beauty,459,0,3213.00,credit_card,Miami,FL,48.0
3670,2024-03-20,2904,Home,379,0,1516.00,credit_card,Miami,FL,30.0
3671,2024-02-22,2032,Home,382,36,13675.80,credit_card,Chicago,IL,64.0
3672,2024-02-04,1627,Fashion,218,0,872.00,cash,New York,NY,21.0
3673,2024-08-02,2399,Toys,392,0,1960.00,credit_card,Miami,FL,22.0
3674,2024-01-01,1972,Home,768,0,15360.00,credit_card,Denver,CO,38.0
3675,2024-08-24,2254,Home,1203,11,12699.14,cash,Houston,TX,73.0
3676,2024-06-07,2483,Electronics,738,0,12546.00,paypal,Phoenix,AZ,19.0
3677,2024-05-14,2420,Fashion,269,0,5111.00,paypal,Denver,CO,29.0
3678,2024-10-08,1485,Home,1906,0,19060.00,credit_card,Los Angeles,CA,48.0
3679,2024-07-16,2511,Beauty,214,0,2354.00,paypal,Seattle,WA,19.0
3680,2024-09-25,2083,Grocery,457,0,3656.00,debit_card,New York,NY,51.0
3681,2024-09-16,2861,Fashion,372,0,6324.00,debit_card,Los Angeles,CA,40.0
3682,2024-01-12,2318,Electronics,3628,4,14503.60,paypal,Houston,TX,58.0
3683,2024-03-19,2783,Electronics,3743,0,56145.00,credit_card,,,21.0
3684,2024-07-27,2957,Fashion,1042,0,10420.00,paypal,Houston,TX,29.0
3685,2024-12-23,2989,Sports,624,0,8736.00,cash,Phoenix,AZ,28.0
3686,2024-02-26,2489,Sports,304,49,14825.43,debit_card,Los Angeles,CA,64.0
3687,2024-02-08,2194,Fashion,1994,7,14335.67,credit_card,Chicago,IL,64.0
3688,2024-12-10,1236,Fashion,848,0,4240.00,paypal,Boston,MA,25.0
3689,2024-12-19,1772,Home,381,0,1143.00,credit_card,Miami,FL,
3690,2024-03-02,1950,Sports,1908,7,12737.79,debit_card,Miami,FL,62.0
3691,2024-05-27,2561,Toys,199,0,3980.00,credit_card,Seattle,WA,18.0
3692,2024-08-17,2177,Electronics,4537,0,54444.00,paypal,Chicago,IL,24.0
3693,2024-03-12,1878,Sports,1993,7,13770.62,paypal,Seattle,WA,58.0
3694,2024-04-29,1293,Toys,146,0,1460.00,credit_card,Boston,MA,53.0
3695,2024-05-24,2431,Toys,486,24,11671.67,debit_card,Phoenix,AZ,62.0
3696,2024-08-22,1863,Sports,1142,0,9136.00,paypal,Boston,MA,47.0
3697,2024-04-22,1072,Sports,4947,2,10073.81,credit_card,Houston,TX,74.0
3698,2024-05-30,1568,Toys,169,0,338.00,credit_card,Seattle,WA,25.0
3699,2024-04-15,2758,Fashion,1345,0,2690.00,credit_card,Houston,TX,27.0
3700,2024-10-05,1237,Sports,619,22,13902.35,paypal,Denver,CO,58.0
3701,2024-02-26,1812,Fashion,158,88,13907.49,credit_card,Chicago,IL,72.0
3702,2024-03-25,2024,Sports,555,0,3330.00,credit_card,Los Angeles,CA,19.0
3703,2024-04-01,1167,Electronics,1469,7,10040.19,credit_card,Miami,FL,62.0
3704,2024-11-27,1331,Fashion,183,78,14317.99,credit_card,New York,NY,79.0
3705,2024-12-11,2880,Electronics,1882,0,7528.00,credit_card,Seattle,WA,53.0
3706,2024-07-02,2181,Home,1183,12,14407.19,debit_card,New York,NY,70.0
3707,2024-02-27,1420,Fashion,517,0,4653.00,credit_card,Seattle,WA,34.0
3708,2024-10-03,1339,Sports,396,29,11603.23,paypal,Houston,TX,68.0
3709,2024-06-29,1851,Grocery,87,0,1566.00,debit_card,Chicago,IL,46.0
3710,2024-11-07,2447,Electronics,1464,0,5856.00,paypal,Phoenix,AZ,36.0
3711,2024-05-11,2460,Grocery,116,0,696.00,credit_card,Houston,TX,30.0
3712,2024-12-31,1390,Fashion,1039,10,10086.23,debit_card,New York,NY,71.0
3713,2024-10-22,2451,Beauty,304,47,14380.10,paypal,Seattle,WA,63.0
3714,2024-03-22,2792,Toys,99,104,10352.59,credit_card,Seattle,WA,67.0
3715,2024-09-22,1452,Grocery,62,179,11161.20,credit_card,Miami,FL,62.0
3716,2024-04-15,1052,Electronics,1674,0,11718.00,credit_card,,,34.0
3717,2024-05-08,2917,Grocery,457,0,1371.00,debit_card,Boston,MA,30.0
3718,2024-04-01,2043,Electronics,4140,3,12712.87,credit_card,Boston,MA,58.0
3719,2024-09-06,2552,Grocery,404,0,2020.00,paypal,Miami,FL,33.0
3720,2024-04-06,1640,Toys,339,42,14082.67,paypal,Miami,FL,58.0
3721,2024-08-21,1598,Sports,1125,12,13909.90,debit_card,Boston,MA,74.0
3722,2024-08-01,1450,Fashion,134,100,13405.88,cash,Miami,FL,65.0
3723,2024-10-01,1434,Electronics,2067,0,22737.00,debit_card,Seattle,WA,47.0
3724,2024-12-29,1943,Beauty,103,137,14143.38,credit_card,Boston,MA,75.0
3725,2024-01-04,1211,Beauty,232,0,4176.00,credit_card,Denver,CO,52.0
3726,2024-12-28,2684,Grocery,1103,0,7721.00,paypal,Phoenix,AZ,47.0
3727,2024-02-10,2022,Beauty,311,43,13427.16,credit_card,Los Angeles,CA,78.0
3728,2024-07-11,2830,Grocery,459,0,9180.00,paypal,Phoenix,AZ,39.0
3729,2024-05-04,2004,Grocery,135,0,2160.00,credit_card,New York,NY,31.0
3730,2024-08-21,1606,Fashion,283,0,2264.00,credit_card,Houston,TX,26.0
3731,2024-09-21,2029,Toys,142,93,13188.44,paypal,San Francisco,CA,57.0
3732,2024-11-10,1308,Home,2957,0,59140.00,paypal,New York,NY,50.0
3733,2024-05-27,2648,Beauty,574,19,10838.49,paypal,San Francisco,CA,66.0
3734,2024-12-07,2440,Toys,403,0,1209.00,credit_card,Seattle,WA,27.0
3735,2024-04-28,1294,Sports,446,0,446.00,credit_card,Houston,TX,38.0
3736,2024-03-15,2163,Toys,238,0,952.00,debit_card,Phoenix,AZ,25.0
3737,2024-05-18,2075,Home,1888,0,18880.00,paypal,San Francisco,CA,37.0
3738,2024-07-12,1402,Toys,392,31,12199.61,credit_card,Chicago,IL,78.0
3739,2024-09-01,1244,Sports,52,236,12256.91,debit_card,Seattle,WA,74.0
3740,2024-10-31,2520,Fashion,2965,0,20755.00,credit_card,Los Angeles,CA,49.0
3741,2024-03-23,1528,Grocery,113,0,2147.00,paypal,Seattle,WA,24.0
3742,2024-04-20,2037,Electronics,1929,5,10092.49,credit_card,Boston,MA,80.0
3743,2024-12-09,1495,Beauty,583,0,2332.00,cash,Denver,CO,27.0
3744,2024-06-09,2306,Home,798,0,13566.00,credit_card,Los Angeles,CA,24.0
3745,2024-03-29,1097,Home,999,0,6993.00,debit_card,Miami,FL,43.0
3746,2024-12-26,1718,Home,392,31,12027.60,paypal,Phoenix,AZ,77.0
3747,2024-06-13,2094,Electronics,548,20,11135.44,credit_card,Seattle,WA,68.0
3748,2024-12-26,1878,Electronics,1834,0,18340.00,credit_card,Chicago,IL,40.0
3749,2024-12-02,2224,Beauty,768,0,15360.00,debit_card,San Francisco,CA,46.0
3750,2024-11-27,1360,Grocery,58,0,232.00,debit_card,Chicago,IL,21.0
3751,2024-07-31,1883,Toys,458,0,2748.00,debit_card,New York,NY,35.0
3752,2024-10-19,2513,Electronics,3893,3,10448.34,debit_card,Boston,MA,60.0
3753,2024-12-17,1667,Grocery,68,0,272.00,credit_card,Phoenix,AZ,44.0
3754,2024-04-08,1314,Toys,220,58,12731.60,paypal,New York,NY,79.0
3755,2024-01-14,2695,Sports,453,0,3624.00,credit_card,Miami,FL,46.0
3756,2024-04-27,2556,Grocery,93,121,11185.60,debit_card,Los Angeles,CA,71.0
3757,2024-08-21,2360,Fashion,121,90,10951.89,paypal,Denver,CO,63.0
3758,2024-07-19,2596,Fashion,278,0,1946.00,paypal,Denver,CO,49.0
3759,2024-01-30,2557,Beauty,294,47,13933.98,credit_card,Seattle,WA,72.0
3760,2024-07-24,2493,Sports,731,19,14050.47,credit_card,Phoenix,AZ,72.0
3761,2024-03-04,2018,Beauty,617,0,11106.00,debit_card,Phoenix,AZ,38.0
3762,2024-07-04,1038,Toys,1331,0,7986.00,credit_card,Miami,FL,35.0
3763,2024-07-29,2194,Beauty,819,16,13304.28,debit_card,Denver,CO,62.0
3764,2024-08-21,1546,Fashion,889,0,9779.00,credit_card,Miami,FL,19.0
3765,2024-05-30,2546,Electronics,1301,8,10948.34,credit_card,New York,NY,62.0
3766,2024-05-29,1936,Sports,371,0,2968.00,credit_card,Chicago,IL,45.0
3767,2024-09-05,2810,Toys,310,43,13163.47,debit_card,Miami,FL,66.0
3768,2024-10-01,2191,Beauty,392,0,3136.00,paypal,Houston,TX,26.0
3769,2024-10-22,2101,Home,1068,0,19224.00,credit_card,Phoenix,AZ,54.0
3770,2024-05-02,2838,Beauty,402,0,7236.00,credit_card,Phoenix,AZ,51.0
3771,2024-06-04,1950,Beauty,222,0,3996.00,credit_card,Seattle,WA,18.0
3772,2024-05-01,1751,Beauty,458,0,1832.00,debit_card,Los Angeles,CA,51.0
3773,2024-07-12,1743,Beauty,670,20,13566.61,paypal,New York,NY,59.0
3774,2024-02-16,2750,Grocery,198,0,396.00,paypal,Los Angeles,CA,43.0
3775,2024-06-06,2512,Toys,298,38,11166.55,cash,Miami,FL,56.0
3776,2024-03-10,1326,Fashion,219,0,219.00,credit_card,Miami,FL,38.0
3777,2024-07-13,1984,Sports,308,35,10664.72,paypal,San Francisco,CA,56.0
3778,2024-11-07,1742,Beauty,142,0,2698.00,credit_card,Chicago,IL,33.0
3779,2024-12-26,2293,Home,675,0,8775.00,credit_card,Chicago,IL,35.0
3780,2024-06-12,1104,Toys,463,0,8797.00,credit_card,Chicago,IL,22.0
3781,2024-01-21,2428,Toys,99,0,1485.00,paypal,Seattle,WA,24.0
3782,2024-03-24,2484,Toys,458,0,8702.00,paypal,Seattle,WA,26.0
3783,2024-02-08,1453,Fashion,519,0,8304.00,credit_card,Chicago,IL,29.0
3784,2024-10-04,1301,Beauty,119,102,12167.64,paypal,Phoenix,AZ,63.0
3785,2024-12-26,2255,Electronics,2074,0,31110.00,paypal,New York,NY,31.0
3786,2024-07-21,1514,Beauty,457,0,6855.00,paypal,Miami,FL,40.0
3787,2024-03-05,2883,Beauty,137,0,1370.00,credit_card,Seattle,WA,28.0
3788,2024-01-08,2550,Grocery,457,0,6398.00,cash,New York,NY,44.0
3789,2024-12-23,2910,Grocery,134,0,1742.00,paypal,New York,NY,33.0
3790,2024-04-25,2069,Fashion,217,0,651.00,debit_card,Boston,MA,38.0
3791,2024-02-10,2876,Electronics,1207,0,2414.00,credit_card,San Francisco,CA,22.0
3792,2024-03-05,1027,Toys,444,0,3108.00,paypal,San Francisco,CA,49.0
3793,2024-04-03,1579,Electronics,797,0,7970.00,paypal,Seattle,WA,34.0
3794,2024-08-28,1004,Home,146,83,12121.53,debit_card,Seattle,WA,59.0
3795,2024-11-22,2355,Toys,89,121,10766.52,cash,San Francisco,CA,80.0
3796,2024-04-10,2021,Toys,219,0,876.00,credit_card,San Francisco,CA,48.0
3797,2024-09-08,1575,Toys,106,0,1272.00,debit_card,Denver,CO,50.0
3798,2024-01-24,1609,Beauty,458,24,10958.57,credit_card,Houston,TX,70.0
3799,2024-01-04,2287,Home,2082,0,12492.00,credit_card,Phoenix,AZ,39.0
3800,2024-01-21,1360,Beauty,460,0,4600.00,credit_card,New York,NY,26.0
3801,2024-12-03,2029,Toys,244,51,12498.90,credit_card,Chicago,IL,63.0
3802,2024-07-31,2227,Fashion,2354,5,12637.11,credit_card,Houston,TX,58.0
3803,2024-10-21,1479,Sports,847,0,9317.00,credit_card,San Francisco,CA,47.0
3804,2024-01-08,1456,Sports,455,0,9100.00,credit_card,Phoenix,AZ,42.0
3805,2024-01-09,1708,Sports,539,0,10241.00,debit_card,Seattle,WA,19.0
3806,2024-11-06,2184,Fashion,603,0,6030.00,credit_card,San Francisco,CA,53.0
3807,2024-02-07,1508,Home,2134,0,8536.00,credit_card,Phoenix,AZ,52.0
3808,2024-02-26,1758,Home,359,0,4667.00,credit_card,Houston,TX,50.0
3809,2024-07-08,2086,Fashion,233,0,1165.00,credit_card,Boston,MA,
3810,2024-08-10,1373,Home,182,0,2912.00,credit_card,Houston,TX,27.0
3811,2024-03-24,2137,Sports,663,0,5304.00,paypal,Houston,TX,
3812,2024-06-11,1276,Grocery,32,400,12689.29,debit_card,San Francisco,CA,57.0
3813,2024-09-04,1285,Electronics,1011,0,8088.00,credit_card,Phoenix,AZ,28.0
3814,2024-06-11,1473,Fashion,207,0,2898.00,credit_card,Los Angeles,CA,25.0
3815,2024-05-20,1573,Electronics,3461,0,20766.00,credit_card,San Francisco,CA,48.0
3816,2024-01-27,1059,Grocery,65,0,1235.00,debit_card,Miami,FL,21.0
3817,2024-06-14,2923,Toys,420,0,5460.00,cash,Boston,MA,30.0
3818,2024-10-20,1616,Home,152,98,14910.17,credit_card,Houston,TX,58.0
3819,2024-08-17,2609,Fashion,475,0,3325.00,credit_card,Boston,MA,36.0
3820,2024-11-22,2803,Beauty,93,0,1674.00,debit_card,Denver,CO,47.0
3821,2024-02-16,2601,Grocery,70,147,10198.40,credit_card,Chicago,IL,61.0
3822,2024-01-05,2662,Toys,1798,0,10788.00,credit_card,Chicago,IL,29.0
3823,2024-07-19,1200,Home,1159,0,4636.00,debit_card,Seattle,WA,32.0
3824,2024-03-06,1744,Toys,276,0,5520.00,debit_card,Boston,MA,36.0
3825,2024-08-05,2492,Toys,3947,0,19735.00,credit_card,New York,NY,44.0
3826,2024-11-26,2151,Toys,147,0,2205.00,paypal,Seattle,WA,
3827,2024-05-03,1011,Electronics,3723,0,11169.00,credit_card,Chicago,IL,22.0
3828,2024-07-20,2134,Toys,90,0,810.00,credit_card,Denver,CO,47.0
3829,2024-09-06,2609,Electronics,1206,12,13931.45,debit_card,Boston,MA,61.0
3830,2024-02-24,2657,Grocery,33,354,11759.40,debit_card,Denver,CO,71.0
3831,2024-11-24,1767,Grocery,120,0,2160.00,debit_card,Los Angeles,CA,51.0
3832,2024-03-15,1472,Sports,639,22,13764.54,debit_card,Boston,MA,57.0
3833,2024-10-22,1619,Toys,239,57,13677.20,debit_card,,,69.0
3834,2024-08-29,1592,Electronics,3511,4,13099.23,paypal,Chicago,IL,63.0
3835,2024-02-21,1693,Grocery,62,0,806.00,debit_card,Phoenix,AZ,51.0
3836,2024-09-22,1603,Home,714,0,2142.00,credit_card,Phoenix,AZ,53.0
3837,2024-03-12,1914,Home,1060,12,13155.77,paypal,Seattle,WA,80.0
3838,2024-08-07,1081,Toys,93,143,13317.98,credit_card,San Francisco,CA,65.0
3839,2024-12-17,1550,Grocery,54,1,45977.00,paypal,Los Angeles,CA,33.0
3840,2024-12-14,1629,Sports,638,0,10208.00,credit_card,Miami,FL,46.0
3841,2024-11-14,1306,Sports,1011,14,13738.10,credit_card,Chicago,IL,64.0
3842,2024-06-29,2755,Sports,1904,0,30464.00,debit_card,San Francisco,CA,50.0
3843,2024-07-23,2350,Fashion,360,0,2160.00,debit_card,Phoenix,AZ,45.0
3844,2024-04-19,2823,Toys,237,45,10658.10,credit_card,Boston,MA,56.0
3845,2024-12-03,2123,Grocery,49,0,147.00,credit_card,Los Angeles,CA,41.0
3846,2024-06-23,1219,Fashion,557,21,11804.19,paypal,Houston,TX,60.0
3847,2024-10-09,2809,Beauty,193,74,14210.40,cash,Denver,CO,64.0
3848,2024-05-11,1916,Beauty,196,65,12739.42,credit_card,Chicago,IL,74.0
3849,2024-09-27,2368,Beauty,227,0,3859.00,credit_card,Seattle,WA,
3850,2024-03-23,1762,Beauty,380,28,10684.68,credit_card,Houston,TX,62.0
3851,2024-09-25,1988,Grocery,62,238,14808.24,credit_card,Houston,TX,65.0
3852,2024-01-17,1978,Beauty,132,113,14939.18,credit_card,Miami,FL,66.0
3853,2024-02-08,1569,Grocery,459,0,7344.00,paypal,Boston,MA,38.0
3854,2024-05-08,2109,Beauty,22,579,12563.39,credit_card,Phoenix,AZ,75.0
3855,2024-06-25,2467,Beauty,459,0,4131.00,credit_card,Miami,FL,50.0
3856,2026-07-20,1040,Grocery,39,326,12665.97,credit_card,New York,NY,72.0
3857,2024-05-11,1261,Grocery,256,0,1536.00,credit_card,Los Angeles,CA,
3858,2024-01-07,2684,Toys,215,0,4300.00,credit_card,,,37.0
3859,2024-04-29,2139,Toys,458,25,11460.12,credit_card,Miami,FL,57.0
3860,2024-06-09,2947,Grocery,458,0,4122.00,credit_card,New York,NY,
3861,2024-07-18,2209,Fashion,266,0,1862.00,debit_card,San Francisco,CA,43.0
3862,2024-08-23,2306,Electronics,1062,0,14868.00,credit_card,Phoenix,AZ,31.0
3863,2024-03-31,2798,Grocery,106,0,2014.00,debit_card,Houston,TX,32.0
3864,2024-08-11,2320,Toys,218,0,2180.00,paypal,Phoenix,AZ,
3865,2024-08-19,1659,Fashion,303,0,1515.00,credit_card,Houston,TX,19.0
3866,2024-10-11,2055,Beauty,109,0,218.00,credit_card,Seattle,WA,25.0
3867,2024-07-10,1471,Electronics,582,22,12580.81,paypal,Chicago,IL,76.0
3868,2024-10-23,1668,Sports,641,23,14843.92,credit_card,Chicago,IL,79.0
3869,2024-03-22,2360,Home,702,0,8424.00,credit_card,Denver,CO,22.0
3870,2024-09-17,1297,Fashion,136,0,2040.00,paypal,Boston,MA,26.0
3871,2024-01-17,2343,Grocery,180,0,1080.00,debit_card,Houston,TX,38.0
3872,2024-02-07,2168,Sports,1125,0,18000.00,paypal,San Francisco,CA,54.0
3873,2024-11-12,1616,Electronics,3197,0,44758.00,credit_card,Boston,MA,29.0
3874,2024-06-22,1089,Fashion,543,21,11272.84,credit_card,Miami,FL,79.0
3875,2024-08-15,2409,Home,915,0,7320.00,credit_card,Boston,MA,49.0
3876,2024-08-08,2649,Grocery,561,0,4488.00,credit_card,Denver,CO,51.0
3877,2024-09-11,2460,Fashion,336,0,2352.00,credit_card,San Francisco,CA,30.0
3878,2024-03-30,1841,Fashion,185,0,3330.00,credit_card,Los Angeles,CA,37.0
3879,2024-03-06,2307,Fashion,125,92,11523.80,credit_card,Boston,MA,64.0
3880,2024-01-16,1829,Home,2239,6,14487.51,credit_card,Chicago,IL,57.0
3881,2024-11-12,1716,Beauty,1006,0,20120.00,credit_card,Seattle,WA,
3882,2024-03-22,1654,Toys,146,0,2336.00,credit_card,New York,NY,45.0
3883,2024-07-29,1421,Sports,341,0,2728.00,debit_card,Chicago,IL,29.0
3884,2024-06-15,2938,Fashion,330,0,2970.00,credit_card,Boston,MA,43.0
3885,2024-02-29,2332,Toys,813,0,9756.00,paypal,Houston,TX,31.0
3886,2024-05-31,1349,Electronics,523,23,11921.98,credit_card,Chicago,IL,79.0
3887,2024-01-31,2730,Grocery,457,0,8683.00,credit_card,Denver,CO,36.0
3888,2024-03-05,1302,Sports,3459,0,27672.00,paypal,Denver,CO,47.0
3889,2024-02-21,2187,Home,706,21,14862.64,paypal,Los Angeles,CA,58.0
3890,2024-10-28,1331,Sports,878,0,12292.00,credit_card,Seattle,WA,20.0
3891,2024-07-26,1722,Beauty,207,0,1035.00,credit_card,Los Angeles,CA,31.0
3892,2024-12-04,2317,Home,798,15,11747.94,paypal,San Francisco,CA,80.0
3893,2024-06-08,2998,Sports,182,55,10023.16,credit_card,Miami,FL,61.0
3894,2024-03-14,2983,Toys,156,0,312.00,credit_card,Phoenix,AZ,33.0
3895,2024-08-10,2791,Beauty,266,0,1330.00,credit_card,,,45.0
3896,2024-12-06,1470,Sports,99,149,14768.63,credit_card,Boston,MA,72.0
3897,2024-07-13,1187,Beauty,192,0,192.00,paypal,Chicago,IL,30.0
3898,2024-01-07,2811,Beauty,183,0,1464.00,debit_card,Phoenix,AZ,36.0
3899,2024-04-21,2846,Grocery,77,0,770.00,credit_card,San Francisco,CA,33.0
3900,2024-12-04,1557,Fashion,275,41,11184.94,credit_card,Seattle,WA,59.0
3901,2024-07-08,1038,Toys,138,0,1242.00,credit_card,New York,NY,51.0
3902,2024-12-14,2295,Home,128,0,256.00,paypal,Boston,MA,49.0
3903,2024-07-05,1152,Beauty,274,0,1644.00,paypal,Phoenix,AZ,41.0
3904,2024-01-05,1080,Grocery,77,0,1463.00,credit_card,Los Angeles,CA,38.0
3905,2024-11-15,2874,Fashion,142,0,284.00,paypal,San Francisco,CA,50.0
3906,2024-10-06,1991,Sports,642,21,13470.60,credit_card,San Francisco,CA,68.0
3907,2024-09-18,1224,Beauty,193,53,10236.92,debit_card,Seattle,WA,69.0
3908,2024-12-21,2309,Electronics,1014,14,13741.26,credit_card,Boston,MA,67.0
3909,2024-03-12,1738,Toys,54,0,918.00,credit_card,Los Angeles,CA,20.0
3910,2024-11-27,2072,Beauty,422,0,4220.00,credit_card,Boston,MA,48.0
3911,2024-03-26,2797,Grocery,36,0,468.00,paypal,Denver,CO,42.0
3912,2024-12-21,1475,Home,578,19,11100.35,credit_card,Los Angeles,CA,76.0
3913,2024-03-11,2293,Beauty,459,0,5508.00,credit_card,Denver,CO,44.0
3914,2024-07-20,2656,Beauty,459,0,1836.00,paypal,New York,NY,33.0
3915,2024-10-15,1847,Electronics,3685,0,33165.00,paypal,Phoenix,AZ,33.0
3916,2024-01-29,2940,Toys,467,0,4203.00,credit_card,New York,NY,30.0
3917,2024-01-25,1896,Toys,754,0,9048.00,credit_card,Phoenix,AZ,45.0
3918,2024-11-07,1918,Grocery,127,0,381.00,paypal,Miami,FL,34.0
3919,2024-01-23,2768,Electronics,2012,0,30180.00,credit_card,San Francisco,CA,53.0
3920,2024-08-12,2271,Grocery,24,0,24.00,credit_card,Chicago,IL,32.0
3921,2024-12-09,2737,Sports,474,0,4266.00,credit_card,San Francisco,CA,54.0
3922,2024-08-12,2580,Home,459,30,14001.26,credit_card,Denver,CO,56.0
3923,2024-06-25,2424,Fashion,1138,0,13656.00,debit_card,New York,NY,
3924,2024-06-01,1482,Beauty,163,91,14833.00,paypal,Denver,CO,73.0
3925,2024-08-21,1797,Grocery,459,0,1836.00,credit_card,Denver,CO,22.0
3926,2024-07-28,2728,Fashion,512,0,9728.00,cash,New York,NY,21.0
3927,2024-07-02,2232,Grocery,247,0,741.00,debit_card,New York,NY,46.0
3928,2024-02-26,1560,Toys,274,0,4384.00,debit_card,Boston,MA,50.0
3929,2024-08-30,1654,Home,1066,10,10226.13,credit_card,Phoenix,AZ,65.0
3930,2024-09-27,2551,Toys,78,0,780.00,credit_card,Los Angeles,CA,32.0
3931,2024-09-16,1356,Beauty,67,0,134.00,debit_card,Phoenix,AZ,46.0
3932,2024-01-28,1224,Electronics,236,50,11839.96,debit_card,Houston,TX,56.0
3933,2024-09-14,2530,Electronics,2749,5,13578.89,credit_card,Denver,CO,59.0
3934,2024-09-24,1576,Electronics,2512,0,2512.00,credit_card,Los Angeles,CA,52.0
3935,2024-03-08,2530,Sports,1252,12,14982.18,credit_card,New York,NY,55.0
3936,2024-11-06,2067,Electronics,853,0,13648.00,credit_card,San Francisco,CA,28.0
3937,2024-07-10,2995,Grocery,62,0,558.00,credit_card,San Francisco,CA,47.0
3938,2024-06-21,2049,Electronics,1334,0,13340.00,credit_card,San Francisco,CA,52.0
3939,2024-09-21,2734,Electronics,4652,0,37216.00,credit_card,Denver,CO,22.0
3940,2024-07-05,2700,Home,2139,6,11815.22,paypal,New York,NY,79.0
3941,2024-07-18,1423,Beauty,461,32,14974.90,paypal,Boston,MA,57.0
3942,2024-04-24,2992,Grocery,127,114,14495.93,credit_card,Los Angeles,CA,63.0
3943,2024-12-05,2491,Home,1600,0,25600.00,credit_card,Phoenix,AZ,51.0
3944,2024-12-20,1214,Sports,498,27,13596.56,credit_card,Phoenix,AZ,76.0
3945,2024-02-17,1012,Beauty,179,0,1253.00,credit_card,Denver,CO,18.0
3946,2024-09-25,1542,Beauty,457,26,11909.48,paypal,Seattle,WA,78.0
3947,2024-01-09,1032,Home,462,0,6468.00,credit_card,Los Angeles,CA,31.0
3948,2024-05-15,1715,Beauty,212,60,12684.58,paypal,New York,NY,73.0
3949,2024-12-21,2992,Grocery,40,0,760.00,credit_card,Seattle,WA,21.0
3950,2024-03-04,1957,Beauty,555,0,3330.00,cash,San Francisco,CA,37.0
3951,2024-05-17,1047,Sports,944,0,16992.00,paypal,Boston,MA,53.0
3952,2024-03-21,1987,Fashion,1342,10,13601.73,debit_card,Denver,CO,59.0
3953,2024-09-23,1438,Grocery,27,0,270.00,paypal,New York,NY,18.0
3954,2024-06-18,2712,Grocery,447,0,7599.00,credit_card,Phoenix,AZ,40.0
3955,2024-08-05,1181,Sports,174,77,13428.64,credit_card,Miami,FL,71.0
3956,2024-12-10,2541,Beauty,94,0,1034.00,credit_card,San Francisco,CA,29.0
3957,2024-07-09,1891,Fashion,457,0,7312.00,paypal,Houston,TX,
3958,2024-09-25,1037,Beauty,695,16,11442.00,paypal,Miami,FL,62.0
3959,2024-02-05,2346,Electronics,1756,7,12786.90,credit_card,Los Angeles,CA,79.0
3960,2024-03-19,1910,Grocery,458,31,14175.12,debit_card,Seattle,WA,74.0
3961,2024-12-12,2543,Sports,324,0,1620.00,credit_card,Boston,MA,32.0
3962,2024-11-10,2236,Toys,102,122,12375.38,credit_card,San Francisco,CA,77.0
3963,2024-08-28,2574,Home,1361,0,19054.00,debit_card,Phoenix,AZ,49.0
3964,2024-05-18,1920,Sports,1157,0,17355.00,credit_card,Phoenix,AZ,34.0
3965,2024-03-14,1015,Electronics,4324,3,12831.21,credit_card,San Francisco,CA,74.0
3966,2024-11-07,1261,Grocery,134,0,1072.00,paypal,Seattle,WA,47.0
3967,2024-10-14,1917,Beauty,30,394,11637.67,credit_card,Houston,TX,61.0
3968,2024-03-29,1794,Sports,226,48,10800.51,credit_card,Los Angeles,CA,56.0
3969,2024-08-03,2588,Beauty,354,0,3540.00,credit_card,Boston,MA,36.0
3970,2024-08-14,1823,Beauty,182,57,10329.90,credit_card,Boston,MA,79.0
3971,2024-06-23,2720,Electronics,937,13,12030.28,debit_card,Seattle,WA,70.0
3972,2024-12-05,1375,Electronics,606,0,9090.00,paypal,Chicago,IL,51.0
3973,2024-02-15,1769,Home,1173,0,2346.00,credit_card,Chicago,IL,54.0
3974,2024-04-04,2512,Electronics,2111,0,21110.00,paypal,Los Angeles,CA,22.0
3975,2024-02-04,1248,Toys,456,29,13158.85,paypal,New York,NY,63.0
3976,2024-09-10,1642,Sports,368,38,13800.70,paypal,Phoenix,AZ,75.0
3977,2024-08-23,2503,Sports,703,15,10420.27,debit_card,Phoenix,AZ,79.0
3978,2024-12-27,2177,Electronics,503,0,8048.00,credit_card,Houston,TX,53.0
3979,2024-07-17,2556,Grocery,88,132,11592.44,paypal,Denver,CO,80.0
3980,2024-02-25,2031,Grocery,13,1088,14039.53,credit_card,Los Angeles,CA,68.0
3981,2024-06-14,2718,Toys,87,0,1305.00,credit_card,San Francisco,CA,49.0
3982,2024-02-02,2754,Electronics,1133,0,22660.00,credit_card,Chicago,IL,-999.0
3983,2024-09-02,2949,Fashion,2858,0,28580.00,credit_card,Miami,FL,27.0
3984,2024-09-03,1244,Beauty,58,183,10561.28,credit_card,San Francisco,CA,60.0
3985,2024-11-09,2182,Beauty,457,33,14966.40,paypal,San Francisco,CA,57.0
3986,2024-05-04,1228,Home,654,0,2616.00,credit_card,Seattle,WA,49.0
3987,2024-04-23,1457,Beauty,1006,13,13163.44,credit_card,Los Angeles,CA,58.0
3988,2024-01-27,1600,Grocery,115,128,14700.90,cash,Houston,TX,71.0
3989,2024-05-31,2292,Sports,1071,0,8568.00,credit_card,Phoenix,AZ,54.0
3990,2024-06-22,1862,Fashion,326,0,3260.00,credit_card,San Francisco,CA,41.0
3991,2024-10-03,2729,Sports,406,0,1218.00,paypal,Houston,TX,44.0
3992,2024-10-02,1597,Electronics,1565,0,17215.00,paypal,San Francisco,CA,53.0
3993,2024-02-21,2234,Sports,367,0,5872.00,debit_card,Denver,CO,54.0
3994,2024-04-14,2526,Electronics,2616,0,34008.00,credit_card,Chicago,IL,37.0
3995,2024-07-06,2960,Electronics,406,0,2842.00,credit_card,Denver,CO,51.0
3996,2024-05-02,1490,Sports,1245,0,8715.00,paypal,Seattle,WA,36.0
3997,2024-01-10,2467,Sports,632,22,13651.41,paypal,Miami,FL,77.0
3998,2024-11-05,1169,Grocery,82,0,82.00,credit_card,Houston,TX,51.0
3999,2024-09-24,2086,Sports,164,90,14819.39,paypal,Houston,TX,70.0
4000,2024-07-09,1827,Grocery,45,0,765.00,debit_card,Seattle,WA,41.0
4001,2024-04-26,2917,Beauty,637,0,1274.00,credit_card,Chicago,IL,42.0
4002,2024-11-04,2546,Fashion,362,0,6154.00,credit_card,Boston,MA,36.0
4003,2024-01-13,2854,Grocery,122,0,244.00,credit_card,Miami,FL,53.0
4004,2024-06-12,2701,Sports,302,44,13326.66,paypal,New York,NY,56.0
4005,2024-10-20,1821,Toys,298,0,894.00,credit_card,Los Angeles,CA,53.0
4006,2024-12-14,2466,Electronics,489,23,11340.38,debit_card,Seattle,WA,70.0
4007,2024-04-02,1060,Home,595,0,6545.00,credit_card,Boston,MA,50.0
4008,2024-08-26,2115,Sports,822,17,14001.36,paypal,Los Angeles,CA,69.0
4009,2024-03-10,1094,Home,713,0,1426.00,credit_card,San Francisco,CA,21.0
4010,2024-02-12,2448,Toys,148,0,1036.00,paypal,Seattle,WA,40.0
4011,2024-05-09,2933,Electronics,1115,10,11130.35,credit_card,Seattle,WA,62.0
4012,2024-11-19,2362,Home,845,0,16055.00,paypal,Chicago,IL,42.0
4013,2024-09-09,2679,Toys,258,50,12825.30,debit_card,Miami,FL,64.0
4014,2024-06-28,1468,Toys,243,49,11865.21,credit_card,San Francisco,CA,55.0
4015,2024-04-13,2987,Grocery,448,0,3136.00,paypal,Los Angeles,CA,48.0
4016,2024-02-21,2101,Grocery,46,0,506.00,credit_card,Seattle,WA,53.0
4017,2024-04-09,2348,Beauty,580,24,13995.54,paypal,New York,NY,74.0
4018,2024-02-25,2541,Electronics,582,24,13797.45,credit_card,Los Angeles,CA,60.0
4019,2024-03-09,2279,Toys,516,28,14319.47,debit_card,New York,NY,79.0
4020,2024-09-08,1634,Home,969,0,14535.00,paypal,Boston,MA,24.0
4021,2024-02-18,2222,Home,365,31,11234.74,paypal,Denver,CO,69.0
4022,2024-01-18,2307,Home,208,72,14987.78,credit_card,New York,NY,74.0
4023,2024-07-17,2714,Sports,126,111,14026.85,credit_card,Boston,MA,76.0
4024,2024-04-14,1962,Electronics,896,0,3584.00,paypal,Seattle,WA,51.0
4025,2024-06-15,2003,Sports,934,0,8406.00,credit_card,Boston,MA,48.0
4026,2024-02-21,2006,?,232,0,3016.00,paypal,Seattle,WA,54.0
4027,2024-03-17,1228,Sports,660,18,11933.52,credit_card,Denver,CO,75.0
4028,2024-06-10,1180,Toys,94,114,10638.32,credit_card,New York,NY,72.0
4029,2024-09-09,1040,Home,456,26,11747.13,paypal,Chicago,IL,76.0
4030,2024-05-31,2332,Electronics,586,18,10530.91,credit_card,Los Angeles,CA,79.0
4031,2024-07-17,1837,Beauty,230,57,13076.86,credit_card,Boston,MA,57.0
4032,2024-07-10,2731,Beauty,164,0,1804.00,credit_card,New York,NY,34.0
4033,2024-04-08,2404,Home,212,3,721.14,cash,Chicago,IL,27.0
4034,2024-04-12,1282,Grocery,58,183,10564.61,debit_card,Boston,MA,74.0
4035,2024-06-04,1200,Home,457,0,5027.00,cash,Phoenix,AZ,
4036,2024-01-12,1732,Grocery,34,0,646.00,credit_card,Boston,MA,22.0
4037,2024-09-07,2841,Electronics,3485,0,27880.00,credit_card,Houston,TX,47.0
4038,2024-08-12,1097,Toys,229,53,12152.56,credit_card,New York,NY,64.0
4039,2024-04-22,1374,Electronics,252,53,13337.84,credit_card,Seattle,WA,64.0
4040,2024-05-16,1059,Home,334,0,4342.00,credit_card,Chicago,IL,34.0
4041,2024-04-30,1827,Fashion,889,0,17780.00,credit_card,Phoenix,AZ,49.0
4042,2024-08-26,2979,Electronics,797,15,12265.35,credit_card,San Francisco,CA,74.0
4043,2024-10-05,2367,Sports,2024,7,14408.25,paypal,Chicago,IL,68.0
4044,2024-02-09,1986,Home,459,24,11204.96,credit_card,,,75.0
4045,2024-05-31,1288,Electronics,2193,6,12619.46,credit_card,Denver,CO,66.0
4046,2024-01-06,1711,Grocery,224,0,1344.00,credit_card,Houston,TX,23.0
4047,2024-06-14,2049,Grocery,457,0,4113.00,credit_card,Houston,TX,30.0
4048,2024-03-31,1549,Grocery,33,1,45783.00,paypal,Miami,FL,28.0
4049,2024-05-02,2410,Home,259,0,2331.00,paypal,Chicago,IL,26.0
4050,2024-06-16,2960,Fashion,1091,13,14565.90,paypal,New York,NY,72.0
4051,2024-04-28,1411,Fashion,225,52,11766.00,credit_card,San Francisco,CA,62.0
4052,2024-05-24,1504,Fashion,933,13,12363.55,credit_card,Denver,CO,75.0
4053,2024-10-06,1252,Fashion,457,0,2285.00,paypal,Denver,CO,38.0
4054,2024-10-23,2451,Sports,684,21,14664.22,paypal,New York,NY,79.0
4055,2024-01-03,1923,Sports,202,62,12496.57,credit_card,Seattle,WA,76.0
4056,2024-05-18,1567,Fashion,263,0,2104.00,credit_card,San Francisco,CA,24.0
4057,2024-11-05,1438,Grocery,49,295,14321.21,paypal,San Francisco,CA,72.0
4058,2024-07-13,1140,Grocery,458,0,5954.00,cash,Houston,TX,24.0
4059,2024-03-16,1952,Fashion,466,0,4660.00,credit_card,Phoenix,AZ,46.0
4060,2024-08-05,2366,Home,796,0,14328.00,credit_card,Chicago,IL,29.0
4061,2024-02-23,1470,Sports,413,0,7021.00,paypal,Chicago,IL,54.0
4062,2024-01-08,1003,Fashion,203,0,2233.00,debit_card,Houston,TX,19.0
4063,2024-08-19,1946,Grocery,113,130,14702.30,credit_card,Los Angeles,CA,71.0
4064,2024-07-07,2351,Sports,459,0,2295.00,credit_card,Denver,CO,48.0
4065,2024-10-03,1689,Electronics,3473,3,11280.51,credit_card,New York,NY,72.0
4066,2024-05-06,1500,Electronics,1337,0,6685.00,debit_card,Seattle,WA,45.0
4067,2024-11-08,1308,Electronics,1129,0,19193.00,paypal,Seattle,WA,53.0
4068,2024-06-03,2492,Fashion,619,0,5571.00,credit_card,New York,NY,
4069,2024-09-27,2723,Fashion,402,35,13929.20,credit_card,Phoenix,AZ,79.0
4070,2024-02-06,2539,Beauty,65,0,195.00,paypal,Denver,CO,41.0
4071,2024-02-05,2036,Grocery,42,0,462.00,credit_card,Chicago,IL,50.0
4072,2024-10-13,2448,Electronics,3416,0,23912.00,credit_card,Chicago,IL,38.0
4073,2024-11-01,1793,Grocery,105,0,1155.00,credit_card,Chicago,IL,20.0
4074,2024-12-10,1048,Toys,80,167,13268.77,credit_card,New York,NY,73.0
4075,2024-04-28,1735,Fashion,567,0,2268.00,paypal,San Francisco,CA,53.0
4076,2024-01-09,2407,Fashion,273,0,3822.00,credit_card,New York,NY,41.0
4077,2024-12-24,2294,Sports,303,49,14933.60,paypal,Los Angeles,CA,66.0
4078,2024-08-08,2980,Home,220,59,12927.85,debit_card,San Francisco,CA,69.0
4079,2024-03-31,2994,Grocery,218,64,13963.89,credit_card,Denver,CO,80.0
4080,2024-10-06,1485,Electronics,304,0,1216.00,paypal,Chicago,IL,45.0
4081,2024-11-26,1019,Electronics,750,0,750.00,credit_card,Houston,TX,24.0
4082,2024-04-14,1548,Home,605,0,2420.00,paypal,Chicago,IL,48.0
4083,2024-10-08,2752,Home,1943,0,21373.00,credit_card,Chicago,IL,45.0
4084,2024-10-15,2627,Electronics,2283,0,11415.00,cash,Denver,CO,31.0
4085,2024-07-02,1197,Fashion,217,0,2604.00,credit_card,Houston,TX,54.0
4086,2024-08-19,1320,Fashion,1453,0,29060.00,credit_card,Miami,FL,44.0
4087,2024-04-08,2127,Electronics,496,24,11728.47,credit_card,Chicago,IL,73.0
4088,2024-12-06,2321,Beauty,302,0,4228.00,credit_card,Los Angeles,CA,21.0
4089,2024-12-25,2964,Grocery,144,90,13031.96,credit_card,Houston,TX,63.0
4090,2024-12-25,2510,Beauty,459,30,13892.90,credit_card,Seattle,WA,55.0
4091,2024-09-26,1423,Sports,1067,0,3201.00,credit_card,Denver,CO,32.0
4092,2024-01-16,1074,Grocery,65,0,455.00,credit_card,Los Angeles,CA,40.0
4093,2024-05-14,2267,Fashion,746,20,14834.57,debit_card,Miami,FL,72.0
4094,2024-06-11,2107,Fashion,98,0,1666.00,credit_card,Phoenix,AZ,40.0
4095,2024-12-17,2843,Electronics,1916,6,11259.20,credit_card,Boston,MA,59.0
4096,2024-07-19,2151,Toys,220,0,1100.00,paypal,Houston,TX,50.0
4097,2024-07-15,2002,Electronics,3677,3,10394.47,debit_card,Phoenix,AZ,74.0
4098,2024-02-23,1606,Toys,295,50,14881.52,credit_card,Miami,FL,59.0
4099,2024-10-17,1172,Beauty,664,20,13013.21,credit_card,Phoenix,AZ,70.0
4100,2024-05-03,2752,Home,825,12,10086.25,credit_card,Boston,MA,74.0
4101,2024-02-03,2652,Toys,276,0,1380.00,debit_card,New York,NY,26.0
4102,2024-12-27,1325,Fashion,803,16,12599.95,paypal,Houston,TX,70.0
4103,2024-03-10,2407,Fashion,807,18,14680.22,debit_card,Chicago,IL,78.0
4104,2024-01-06,1728,Sports,898,0,3592.00,cash,Chicago,IL,20.0
4105,2024-01-29,1874,Home,88,0,1584.00,debit_card,New York,NY,46.0
4106,2024-06-14,2697,Beauty,111,0,777.00,cash,Houston,TX,34.0
4107,2024-02-07,2684,Fashion,1294,12,14922.12,credit_card,Los Angeles,CA,79.0
4108,2024-11-04,1381,Sports,224,0,448.00,debit_card,Boston,MA,40.0
4109,2024-07-06,1615,Beauty,495,0,4950.00,debit_card,Seattle,WA,29.0
4110,2024-04-28,2642,Home,967,0,18373.00,paypal,Boston,MA,24.0
4111,2024-01-02,2833,Sports,342,34,11628.56,credit_card,San Francisco,CA,67.0
4112,2024-06-24,1158,Grocery,20,0,320.00,credit_card,Boston,MA,21.0
4113,2024-02-25,2667,Fashion,462,0,4620.00,credit_card,Phoenix,AZ,37.0
4114,2024-12-23,1978,Electronics,7727,0,7727.00,credit_card,Denver,CO,52.0
4115,2024-04-16,2180,Home,276,0,2208.00,paypal,Houston,TX,20.0
4116,2024-06-22,1150,Grocery,52,0,728.00,debit_card,San Francisco,CA,29.0
4117,2024-01-07,2360,Beauty,110,126,13909.55,credit_card,Chicago,IL,80.0
4118,2024-02-17,2355,Beauty,646,0,3876.00,credit_card,Denver,CO,46.0
4119,2024-03-16,2325,Home,453,0,5436.00,credit_card,Houston,TX,37.0
4120,2024-01-19,2581,Beauty,148,83,12293.49,paypal,Miami,FL,72.0
4121,2024-09-22,2892,Fashion,1324,0,17212.00,paypal,Houston,TX,23.0
4122,2024-12-12,2699,Beauty,388,0,776.00,credit_card,Los Angeles,CA,34.0
4123,2024-12-26,2489,Grocery,47,256,11990.50,credit_card,Houston,TX,72.0
4124,2024-04-07,2962,Home,207,67,13790.97,paypal,Miami,FL,65.0
4125,2024-10-15,2349,Grocery,247,0,741.00,debit_card,Chicago,IL,45.0
4126,2024-07-03,2344,Toys,310,37,11349.84,paypal,Chicago,IL,79.0
4127,2024-01-17,2084,Beauty,458,0,6412.00,credit_card,Denver,CO,54.0
4128,2024-02-03,2538,Beauty,59,207,12131.89,credit_card,New York,NY,64.0
4129,2024-07-19,1142,Home,225,50,11232.66,debit_card,Boston,MA,80.0
4130,2024-06-04,2011,Beauty,458,0,1832.00,credit_card,Houston,TX,49.0
4131,2024-01-04,1850,Home,458,0,5038.00,paypal,Houston,TX,48.0
4132,2024-12-06,2825,Home,228,47,10713.19,paypal,Houston,TX,59.0
4133,2024-09-24,1145,Electronics,703,0,9139.00,credit_card,,,22.0
4134,2024-07-02,2287,Home,380,0,2660.00,credit_card,Boston,MA,45.0
4135,2024-12-27,1368,Grocery,379,31,11896.49,paypal,San Francisco,CA,61.0
4136,2024-12-21,2767,Fashion,345,0,4830.00,paypal,Houston,TX,41.0
4137,2024-12-22,2703,Fashion,374,40,14796.14,credit_card,Chicago,IL,62.0
4138,2024-04-04,1470,Sports,918,0,2754.00,paypal,New York,NY,43.0
4139,2024-11-18,2743,Toys,253,0,3542.00,credit_card,Boston,MA,30.0
4140,2026-03-20,1993,Toys,426,0,2556.00,paypal,Denver,CO,27.0
4141,2024-09-22,2942,Sports,764,0,7640.00,debit_card,New York,NY,52.0
4142,2024-11-10,2459,Beauty,270,0,4590.00,credit_card,Seattle,WA,30.0
4143,2024-02-29,1068,Sports,5585,0,50265.00,debit_card,Los Angeles,CA,41.0
4144,2024-06-13,1405,Beauty,506,0,5060.00,debit_card,Los Angeles,CA,50.0
4145,2024-02-17,1807,Grocery,460,0,4140.00,paypal,San Francisco,CA,21.0
4146,2024-04-12,1422,Toys,416,0,416.00,credit_card,Los Angeles,CA,44.0
4147,2024-05-31,1264,Electronics,778,0,8558.00,debit_card,Houston,TX,37.0
4148,2024-11-09,2956,Home,785,0,13345.00,paypal,Chicago,IL,37.0
4149,2024-11-11,2738,Toys,102,119,12094.41,credit_card,Denver,CO,75.0
4150,2024-05-22,1869,Sports,252,53,13416.12,credit_card,Denver,CO,76.0
4151,2024-04-30,1430,Home,724,0,724.00,paypal,Denver,CO,36.0
4152,2024-07-13,1363,Fashion,950,12,11425.36,debit_card,Los Angeles,CA,73.0
4153,2024-11-29,2831,Electronics,2191,0,8764.00,credit_card,Chicago,IL,32.0
4154,2024-12-23,1662,Home,1089,0,17424.00,paypal,Denver,CO,39.0
4155,2024-03-23,1025,Beauty,329,43,14326.79,credit_card,Miami,FL,77.0
4156,2024-03-09,1794,Electronics,1683,0,20196.00,paypal,Los Angeles,CA,24.0
4157,2024-09-15,1908,Beauty,163,0,815.00,credit_card,New York,NY,42.0
4158,2024-04-20,2246,Fashion,819,16,13124.50,credit_card,Boston,MA,68.0
4159,2024-03-14,1677,Beauty,555,27,14752.27,cash,San Francisco,CA,77.0
4160,2024-01-12,2846,Home,523,22,11629.76,paypal,New York,NY,77.0
4161,2024-05-27,2287,Beauty,223,57,12690.17,credit_card,Phoenix,AZ,73.0
4162,2024-05-23,2973,Toys,1097,10,10955.23,paypal,Phoenix,AZ,78.0
4163,2024-07-25,1734,Beauty,457,0,914.00,paypal,Phoenix,AZ,47.0
4164,2024-03-14,2303,Electronics,1557,0,15570.00,paypal,Houston,TX,38.0
4165,2024-09-18,1730,Beauty,360,0,2160.00,credit_card,Houston,TX,42.0
4166,2024-09-05,2399,Home,508,0,8636.00,credit_card,Houston,TX,25.0
4167,2024-06-18,2491,Fashion,222,0,444.00,paypal,Denver,CO,26.0
4168,2024-03-07,1643,Electronics,1983,5,10679.42,paypal,Denver,CO,79.0
4169,2024-07-04,2875,Grocery,95,0,1330.00,credit_card,Chicago,IL,30.0
4170,2024-09-03,2714,Toys,1333,10,12926.80,credit_card,Boston,MA,56.0
4171,2024-05-16,2788,Grocery,184,0,368.00,credit_card,Seattle,WA,32.0
4172,2024-04-06,1435,Sports,379,37,14017.80,credit_card,Los Angeles,CA,59.0
4173,2024-07-04,2435,Home,985,0,4925.00,debit_card,Chicago,IL,47.0
4174,2024-05-10,1212,Fashion,547,0,8205.00,credit_card,Boston,MA,24.0
4175,2024-05-26,1211,Sports,1749,0,8745.00,debit_card,Houston,TX,41.0
4176,2024-05-07,2946,Home,361,30,10998.97,debit_card,Chicago,IL,64.0
4177,2024-04-21,1305,Grocery,114,119,13514.58,credit_card,Denver,CO,68.0
4178,2024-09-19,2728,Grocery,457,0,8226.00,paypal,Denver,CO,36.0
4179,2024-06-17,1861,Sports,640,0,2560.00,credit_card,Phoenix,AZ,36.0
4180,2024-06-19,1607,Toys,458,29,13357.77,credit_card,Phoenix,AZ,63.0
4181,2024-08-27,1146,Toys,484,0,8228.00,credit_card,Phoenix,AZ,44.0
4182,2024-05-12,2350,Toys,427,0,6832.00,credit_card,Chicago,IL,22.0
4183,2024-02-06,2442,Electronics,4098,0,28686.00,credit_card,Chicago,IL,25.0
4184,2024-11-08,1934,Sports,606,0,2424.00,cash,Los Angeles,CA,41.0
4185,2024-01-21,2619,Beauty,176,0,1936.00,credit_card,Houston,TX,
4186,2024-07-28,1646,Beauty,459,0,9180.00,credit_card,Chicago,IL,25.0
4187,2024-04-07,2103,Toys,162,77,12412.74,paypal,New York,NY,67.0
4188,2024-03-19,1573,Grocery,233,0,932.00,paypal,Denver,CO,46.0
4189,2024-01-16,2164,Toys,726,19,13834.56,credit_card,San Francisco,CA,62.0
4190,2024-11-25,1272,Fashion,1169,0,7014.00,credit_card,Houston,TX,18.0
4191,2024-06-06,1952,Sports,825,0,5775.00,credit_card,Miami,FL,43.0
4192,2024-05-05,2098,Toys,207,0,2070.00,credit_card,Chicago,IL,48.0
4193,2024-09-28,2113,Grocery,107,0,214.00,credit_card,Denver,CO,54.0
4194,2024-01-15,1893,Home,745,17,12969.53,debit_card,San Francisco,CA,78.0
4195,2024-07-25,2287,Fashion,273,0,2184.00,credit_card,Chicago,IL,46.0
4196,2024-06-30,2024,Toys,887,0,7096.00,credit_card,Los Angeles,CA,48.0
4197,2024-07-21,1566,Beauty,389,38,14732.50,paypal,Houston,TX,74.0
4198,2024-02-15,1430,Fashion,209,0,3553.00,credit_card,New York,NY,43.0
4199,2024-12-14,2295,Toys,1377,0,4131.00,credit_card,Houston,TX,42.0
4200,2024-03-28,2877,Electronics,1584,0,14256.00,paypal,Miami,FL,-999.0
4201,2024-09-05,2506,Fashion,178,78,13818.53,credit_card,Boston,MA,63.0
4202,2024-09-30,2277,Grocery,457,0,9140.00,credit_card,New York,NY,19.0
4203,2024-05-05,2843,Toys,1004,0,12048.00,credit_card,Houston,TX,31.0
4204,2024-02-17,2799,Grocery,427,0,5978.00,credit_card,San Francisco,CA,44.0
4205,2024-04-18,2012,Home,1233,0,18495.00,debit_card,San Francisco,CA,45.0
4206,2024-10-22,1218,Fashion,1228,0,24560.00,credit_card,Seattle,WA,20.0
4207,2024-11-27,2268,Grocery,259,0,4921.00,credit_card,Boston,MA,51.0
4208,2024-12-08,2245,Grocery,153,95,14432.97,credit_card,Los Angeles,CA,79.0
4209,2024-03-23,1554,Grocery,127,0,1778.00,credit_card,San Francisco,CA,24.0
4210,2024-08-09,2698,Fashion,658,0,3290.00,paypal,Phoenix,AZ,49.0
4211,2024-02-25,2739,Beauty,442,27,11806.84,cash,Miami,FL,55.0
4212,2024-09-16,1661,Sports,337,0,4381.00,credit_card,Los Angeles,CA,38.0
4213,2024-06-01,1953,Beauty,439,0,5707.00,credit_card,Chicago,IL,54.0
4214,2024-09-18,1390,Beauty,785,0,3140.00,paypal,Seattle,WA,
4215,2024-09-07,1356,Sports,518,0,8288.00,credit_card,Seattle,WA,28.0
4216,2024-12-29,1530,Fashion,333,42,14055.00,credit_card,Seattle,WA,70.0
4217,2024-06-27,1731,Grocery,143,105,14960.12,paypal,San Francisco,CA,80.0
4218,2024-05-05,1545,Sports,363,0,1815.00,credit_card,Boston,MA,42.0
4219,2024-07-11,1303,Sports,457,0,5941.00,credit_card,Houston,TX,23.0
4220,2024-02-29,1894,Toys,765,0,8415.00,credit_card,Phoenix,AZ,28.0
4221,2024-02-10,2247,Grocery,68,159,10817.32,debit_card,New York,NY,74.0
4222,2024-07-09,1651,Electronics,1488,8,12555.90,debit_card,Boston,MA,73.0
4223,2026-01-08,2067,Grocery,60,0,240.00,credit_card,Chicago,IL,-999.0
4224,2024-07-14,1542,Fashion,1187,12,14311.68,debit_card,New York,NY,72.0
4225,2024-10-13,2407,Electronics,2904,0,34848.00,credit_card,Seattle,WA,32.0
4226,2024-03-06,2297,Fashion,353,0,2118.00,paypal,Denver,CO,43.0
4227,2024-06-13,2920,Sports,238,0,3094.00,credit_card,Houston,TX,25.0
4228,2024-08-12,1106,Toys,231,0,2541.00,credit_card,Chicago,IL,52.0
4229,2024-05-07,2706,Sports,964,0,4820.00,debit_card,Chicago,IL,
4230,2024-01-06,1680,Electronics,1704,7,11983.13,credit_card,San Francisco,CA,78.0
4231,2024-01-27,1132,Sports,666,19,12541.17,debit_card,Miami,FL,65.0
4232,2024-12-05,2379,Home,651,21,13738.14,credit_card,Phoenix,AZ,59.0
4233,2024-08-09,1343,Home,1009,14,14123.49,credit_card,Denver,CO,60.0
4234,2024-04-06,1351,Toys,295,37,10997.65,credit_card,Chicago,IL,57.0
4235,2024-04-04,2959,Beauty,351,0,6669.00,credit_card,Miami,FL,44.0
4236,2024-01-15,1441,Home,250,0,3750.00,credit_card,Houston,TX,49.0
4237,2024-12-11,2094,Toys,2356,0,16492.00,credit_card,Los Angeles,CA,28.0
4238,2024-02-09,1401,Fashion,346,0,346.00,credit_card,Denver,CO,19.0
4239,2024-10-04,1247,Fashion,503,24,11955.55,paypal,Denver,CO,67.0
4240,2024-03-28,1001,Toys,484,0,6292.00,debit_card,San Francisco,CA,49.0
4241,2024-05-02,1032,Home,396,30,11972.53,credit_card,Chicago,IL,72.0
4242,2024-04-10,1947,Beauty,246,0,3690.00,credit_card,Boston,MA,
4243,2024-10-28,1868,Fashion,426,0,2130.00,credit_card,Houston,TX,42.0
4244,2024-01-13,1077,Electronics,706,0,13414.00,credit_card,Houston,TX,
4245,2024-05-08,1699,Beauty,347,31,10764.12,credit_card,Chicago,IL,70.0
4246,2024-04-12,1545,Beauty,65,1,45821.00,credit_card,Seattle,WA,41.0
4247,2024-04-09,2142,Sports,2482,4,10455.76,cash,San Francisco,CA,58.0
4248,2024-03-11,2989,Beauty,467,0,7005.00,paypal,Los Angeles,CA,23.0
4249,2024-11-29,2383,Home,917,0,14672.00,credit_card,Seattle,WA,51.0
4250,2024-05-18,2836,Fashion,107,0,1926.00,credit_card,Miami,FL,45.0
4251,2024-06-02,1384,Fashion,227,61,13723.47,credit_card,Miami,FL,56.0
4252,2024-05-20,1430,Beauty,742,0,2226.00,credit_card,Los Angeles,CA,54.0
4253,2024-12-24,2501,Fashion,11836,0,224884.00,credit_card,New York,NY,24.0
4254,2024-05-04,1620,Beauty,635,0,6350.00,credit_card,San Francisco,CA,21.0
4255,2024-05-05,2697,Fashion,980,0,17640.00,credit_card,Seattle,WA,25.0
4256,2024-04-30,1927,Toys,465,0,8835.00,credit_card,Boston,MA,31.0
4257,2024-04-29,1401,Home,459,31,14259.96,debit_card,Seattle,WA,63.0
4258,2024-02-02,2688,Sports,1354,0,1354.00,credit_card,Houston,TX,34.0
4259,2024-08-09,2100,Electronics,607,24,14759.59,cash,Los Angeles,CA,79.0
4260,2024-01-10,2605,Beauty,93,0,279.00,credit_card,Miami,FL,
4261,2024-03-23,1904,Electronics,529,0,10580.00,credit_card,San Francisco,CA,49.0
4262,2024-03-14,1252,Grocery,213,69,14781.47,credit_card,Houston,TX,63.0
4263,2024-04-16,2362,Beauty,233,0,699.00,credit_card,New York,NY,21.0
4264,2024-10-03,1248,Toys,331,0,5296.00,credit_card,Chicago,IL,50.0
4265,2024-08-07,2326,Grocery,97,0,1552.00,credit_card,Seattle,WA,22.0
4266,2024-12-28,1833,Beauty,99,151,14973.42,credit_card,Los Angeles,CA,67.0
4267,2024-05-08,2583,Electronics,857,0,17140.00,credit_card,San Francisco,CA,47.0
4268,2024-12-05,2740,Beauty,149,70,10414.97,credit_card,Los Angeles,CA,72.0
4269,2024-01-17,1814,Fashion,139,86,11983.99,debit_card,Phoenix,AZ,59.0
4270,2024-07-03,2764,Beauty,163,0,3097.00,debit_card,Los Angeles,CA,37.0
4271,2024-10-19,1221,Grocery,460,0,3220.00,debit_card,Phoenix,AZ,27.0
4272,2024-07-13,1214,Grocery,155,0,2325.00,paypal,Miami,FL,27.0
4273,2024-12-07,2987,Sports,1036,0,3108.00,credit_card,Boston,MA,20.0
4274,2024-04-25,2148,Home,195,0,2145.00,paypal,Boston,MA,
4275,2024-01-13,1901,Electronics,1156,9,10410.78,credit_card,Seattle,WA,63.0
4276,2024-10-10,1311,Home,2426,0,4852.00,credit_card,Phoenix,AZ,40.0
4277,2024-01-25,1577,Grocery,45,0,180.00,debit_card,Houston,TX,27.0
4278,2024-10-06,2372,Toys,430,0,3440.00,credit_card,,,23.0
4279,2024-09-25,2643,Fashion,465,0,1860.00,credit_card,Boston,MA,45.0
4280,2024-11-05,2832,Sports,1464,0,5856.00,credit_card,San Francisco,CA,31.0
4281,2024-06-24,1815,Home,696,19,13389.45,credit_card,Boston,MA,64.0
4282,2024-11-23,1909,Sports,433,0,433.00,credit_card,New York,NY,
4283,2024-03-03,1326,Fashion,459,0,8262.00,paypal,Los Angeles,CA,25.0
4284,2024-06-07,1166,Beauty,459,0,4590.00,credit_card,Phoenix,AZ,35.0
4285,2024-02-14,1875,Electronics,1362,0,4086.00,credit_card,Houston,TX,45.0
4286,2024-10-07,2158,Grocery,458,0,8702.00,credit_card,Denver,CO,20.0
4287,2024-09-18,1208,Electronics,3962,0,43582.00,paypal,Phoenix,AZ,25.0
4288,2024-10-22,1817,Fashion,1003,15,14861.96,paypal,Los Angeles,CA,78.0
4289,2024-10-06,2283,Fashion,185,0,3145.00,debit_card,Seattle,WA,39.0
4290,2024-04-22,2621,Beauty,457,22,10183.42,credit_card,Houston,TX,65.0
4291,2024-01-25,2876,Toys,458,28,12631.65,credit_card,Chicago,IL,75.0
4292,2024-12-06,1680,Home,218,0,1744.00,credit_card,Denver,CO,25.0
4293,2024-06-29,1783,Sports,137,92,12666.32,paypal,Denver,CO,61.0
4294,2024-02-04,2749,Sports,357,30,10816.37,credit_card,Boston,MA,70.0
4295,2024-12-05,2386,Sports,459,0,6885.00,paypal,Houston,TX,19.0
4296,2024-12-29,1547,Electronics,463,0,4630.00,credit_card,San Francisco,CA,37.0
4297,2024-06-12,2370,Home,633,0,8229.00,paypal,Los Angeles,CA,26.0
4298,2024-10-08,1315,Sports,1548,0,20124.00,credit_card,San Francisco,CA,20.0
4299,2024-01-14,1898,Home,1078,0,12936.00,credit_card,San Francisco,CA,36.0
4300,2024-02-04,1612,Sports,552,0,1656.00,credit_card,Chicago,IL,29.0
4301,2024-04-11,2985,Home,126,112,14167.34,debit_card,Houston,TX,74.0
4302,2024-08-28,1069,Beauty,433,0,2598.00,paypal,Miami,FL,32.0
4303,2024-02-18,2713,Home,618,19,11973.61,credit_card,Los Angeles,CA,65.0
4304,2024-01-13,1562,Toys,429,0,858.00,paypal,San Francisco,CA,21.0
4305,2024-09-01,1072,Beauty,1150,0,19550.00,credit_card,,,
4306,2024-10-08,2320,Fashion,457,26,12102.32,credit_card,Los Angeles,CA,61.0
4307,2024-09-27,2356,Electronics,459,0,7803.00,credit_card,Boston,MA,27.0
4308,2024-10-19,1284,Electronics,631,0,11989.00,credit_card,New York,NY,45.0
4309,2024-10-20,1076,Fashion,637,23,14809.79,paypal,Houston,TX,76.0
4310,2024-08-08,1222,Electronics,1498,8,11236.92,credit_card,Chicago,IL,56.0
4311,2024-07-09,1817,Grocery,37,323,11927.34,credit_card,New York,NY,68.0
4312,2024-11-09,1264,Grocery,31,0,124.00,credit_card,Boston,MA,44.0
4313,2024-05-07,2406,Grocery,74,0,592.00,paypal,Chicago,IL,33.0
4314,2024-02-05,1155,Grocery,36,0,324.00,paypal,Miami,FL,47.0
4315,2024-10-02,2577,Toys,463,0,2778.00,paypal,New York,NY,43.0
4316,2024-04-10,2749,Fashion,308,45,13850.75,credit_card,San Francisco,CA,79.0
4317,2024-12-24,2433,Sports,370,0,5550.00,credit_card,Denver,CO,44.0
4318,2024-05-31,2888,Home,300,41,12399.91,credit_card,Houston,TX,57.0
4319,2024-11-07,2878,Beauty,302,43,13017.10,paypal,Phoenix,AZ,55.0
4320,2024-01-16,1093,Sports,632,0,632.00,credit_card,Miami,FL,41.0
4321,2024-08-29,1683,Fashion,503,0,9557.00,paypal,Seattle,WA,41.0
4322,2024-06-13,2520,Toys,353,35,12389.70,paypal,New York,NY,71.0
4323,2024-06-18,1679,Fashion,404,0,3232.00,debit_card,,,31.0
4324,2024-04-07,2474,Fashion,187,0,748.00,paypal,Denver,CO,44.0
4325,2024-12-21,2548,Home,306,37,11416.63,credit_card,Phoenix,AZ,60.0
4326,2024-05-23,2993,Electronics,1069,0,2138.00,credit_card,Seattle,WA,21.0
4327,2024-11-07,1659,Electronics,7648,1,10813.64,credit_card,Chicago,IL,60.0
4328,2024-06-04,1695,Fashion,145,98,14250.67,credit_card,Boston,MA,70.0
4329,2024-01-18,1048,Grocery,70,0,1050.00,paypal,Seattle,WA,45.0
4330,2024-11-17,1571,Home,595,0,9520.00,credit_card,Los Angeles,CA,54.0
4331,2024-03-08,1561,Toys,240,0,960.00,paypal,Houston,TX,48.0
4332,2024-04-08,1906,Fashion,1009,11,11376.60,paypal,New York,NY,59.0
4333,2024-11-11,1842,Fashion,334,0,2672.00,credit_card,Boston,MA,21.0
4334,2024-11-23,2713,Home,456,33,14986.84,credit_card,New York,NY,56.0
4335,2024-12-01,2547,Sports,1172,0,10548.00,credit_card,Seattle,WA,46.0
4336,2024-06-04,2457,Toys,1300,0,3900.00,credit_card,San Francisco,CA,20.0
4337,2024-10-04,1010,Fashion,1318,0,22406.00,debit_card,New York,NY,
4338,2024-04-29,1943,Sports,548,0,3836.00,debit_card,Chicago,IL,27.0
4339,2024-09-27,2459,Sports,587,17,10050.32,debit_card,Boston,MA,55.0
4340,2024-07-02,1489,Home,576,25,14409.74,credit_card,San Francisco,CA,71.0
4341,2024-01-20,1849,Toys,344,43,14736.84,paypal,,,76.0
4342,2024-06-01,2454,Sports,310,33,10293.52,debit_card,Los Angeles,CA,57.0
4343,2024-06-20,2589,Electronics,3106,4,13137.87,cash,Miami,FL,63.0
4344,2024-04-04,2709,Sports,725,0,13050.00,paypal,,,54.0
4345,2024-05-17,1859,Fashion,412,34,13913.40,debit_card,Seattle,WA,66.0
4346,2024-07-02,1799,Beauty,88,148,13076.82,credit_card,Los Angeles,CA,79.0
4347,2024-01-19,1765,Fashion,449,0,2245.00,paypal,Seattle,WA,46.0
4348,2024-02-25,2337,Grocery,22,2,45816.00,credit_card,New York,NY,44.0
4349,2024-10-07,1839,Toys,192,0,1536.00,credit_card,San Francisco,CA,28.0
4350,2024-05-08,1800,Electronics,934,15,14400.59,credit_card,Seattle,WA,79.0
4351,2024-08-10,1336,Fashion,538,20,10662.40,credit_card,,,75.0
4352,2024-07-26,1956,Grocery,440,34,14743.78,credit_card,Houston,TX,62.0
4353,2024-07-20,1474,Home,869,15,12752.54,credit_card,Houston,TX,59.0
4354,2024-05-31,2049,Toys,973,0,11676.00,paypal,Phoenix,AZ,30.0
4355,2024-06-25,2777,Beauty,409,29,11721.87,debit_card,Chicago,IL,75.0
4356,2024-10-28,2551,Toys,751,0,13518.00,paypal,Miami,FL,21.0
4357,2024-12-19,1956,?,6476,2,12625.92,paypal,Chicago,IL,56.0
4358,2024-04-03,2955,Fashion,459,0,459.00,credit_card,Houston,TX,33.0
4359,2024-09-02,2960,Fashion,226,0,1808.00,paypal,San Francisco,CA,46.0
4360,2024-12-20,1888,Fashion,730,0,9490.00,debit_card,Seattle,WA,23.0
4361,2024-01-03,2527,Grocery,97,0,388.00,credit_card,Denver,CO,26.0
4362,2024-10-14,1684,Electronics,1748,0,27968.00,cash,Miami,FL,41.0
4363,2024-06-30,2757,Sports,505,0,10100.00,paypal,Boston,MA,43.0
4364,2024-12-20,1747,Grocery,458,26,11696.58,credit_card,New York,NY,73.0
4365,2024-07-30,1516,Grocery,357,34,12277.22,paypal,Seattle,WA,55.0
4366,2024-11-02,1267,Toys,127,0,1905.00,credit_card,Houston,TX,19.0
4367,2024-03-01,2685,Grocery,169,64,10782.31,paypal,New York,NY,76.0
4368,2024-02-22,1593,Fashion,652,22,14223.24,debit_card,New York,NY,56.0
4369,2024-12-05,2626,Toys,86,138,11948.10,credit_card,Chicago,IL,70.0
4370,2024-07-11,1172,Sports,314,39,12335.60,paypal,New York,NY,76.0
4371,2024-07-23,2001,Electronics,863,0,863.00,credit_card,Phoenix,AZ,50.0
4372,2024-03-03,1855,Electronics,2303,0,29939.00,credit_card,New York,NY,29.0
4373,2024-03-23,1877,Grocery,73,0,511.00,paypal,San Francisco,CA,46.0
4374,2024-10-26,1334,Home,513,28,14547.88,paypal,Seattle,WA,61.0
4375,2024-04-21,1147,Fashion,133,0,1729.00,credit_card,Denver,CO,20.0
4376,2024-08-01,1692,Toys,1963,7,14535.10,debit_card,New York,NY,77.0
4377,2024-04-25,1940,Toys,323,0,323.00,credit_card,New York,NY,40.0
4378,2024-04-06,2587,Sports,913,15,13940.41,credit_card,San Francisco,CA,59.0
4379,2024-03-01,1924,Grocery,63,160,10150.80,debit_card,Houston,TX,79.0
4380,2024-12-06,1491,Beauty,145,100,14531.88,credit_card,Boston,MA,72.0
4381,2024-12-10,1524,Grocery,451,24,10943.68,credit_card,Chicago,IL,64.0
4382,2024-02-12,2223,Toys,66,0,264.00,paypal,New York,NY,36.0
4383,2024-05-09,1871,Grocery,122,0,2440.00,paypal,Phoenix,AZ,
4384,2024-07-25,2802,Toys,116,0,2204.00,credit_card,Seattle,WA,49.0
4385,2024-05-20,1879,Sports,442,28,12191.46,debit_card,Chicago,IL,72.0
4386,2024-09-20,2133,Beauty,147,0,735.00,paypal,New York,NY,20.0
4387,2024-04-05,1127,Grocery,44,0,44.00,paypal,Los Angeles,CA,19.0
4388,2024-01-22,1387,Electronics,1508,0,24128.00,credit_card,Chicago,IL,25.0
4389,2024-05-03,2700,Grocery,13,1161,14514.95,credit_card,Denver,CO,78.0
4390,2024-08-06,1689,Toys,237,0,3792.00,credit_card,Denver,CO,52.0
4391,2024-03-07,1842,Grocery,459,23,10475.22,credit_card,New York,NY,62.0
4392,2024-10-25,2180,Beauty,82,0,164.00,credit_card,Phoenix,AZ,23.0
4393,2024-01-05,1115,Grocery,328,0,5904.00,debit_card,Houston,TX,18.0
4394,2024-01-25,2013,Home,342,31,10665.52,paypal,New York,NY,58.0
4395,2024-07-05,1692,Home,455,28,12880.29,paypal,Miami,FL,62.0
4396,2024-07-06,1297,Home,342,0,1026.00,credit_card,San Francisco,CA,44.0
4397,2024-04-17,1836,Home,515,0,5665.00,credit_card,Miami,FL,23.0
4398,2024-04-04,1893,Home,1565,0,17215.00,credit_card,Denver,CO,48.0
4399,2024-01-26,1372,Sports,4416,3,12338.58,credit_card,Miami,FL,58.0
4400,2024-08-30,2086,Home,998,0,2994.00,credit_card,Seattle,WA,31.0
4401,2024-05-18,2492,Home,1312,0,11808.00,cash,Denver,CO,36.0
4402,2024-02-13,1534,Sports,2419,5,11948.38,credit_card,Boston,MA,65.0
4403,2024-05-26,2933,Beauty,298,0,298.00,paypal,Boston,MA,31.0
4404,2024-12-08,2224,Electronics,5148,0,87516.00,credit_card,Boston,MA,24.0
4405,2024-04-05,2546,Sports,1151,12,14048.32,credit_card,New York,NY,57.0
4406,2024-11-23,1140,Toys,343,0,3773.00,paypal,Boston,MA,19.0
4407,2024-04-04,2534,Toys,404,0,4848.00,paypal,Boston,MA,45.0
4408,2024-03-09,1673,Electronics,341,3,853.50,credit_card,Phoenix,AZ,53.0
4409,2024-04-05,2420,Beauty,309,0,4635.00,paypal,Seattle,WA,22.0
4410,2024-04-28,2608,Electronics,426,34,14473.40,credit_card,San Francisco,CA,59.0
4411,2024-02-14,1500,Home,150,100,14957.14,paypal,Chicago,IL,69.0
4412,2024-08-03,1518,Fashion,499,21,10614.81,credit_card,Seattle,WA,79.0
4413,2024-05-02,1119,Beauty,457,0,2285.00,credit_card,Boston,MA,34.0
4414,2024-09-19,2210,Home,547,0,8205.00,debit_card,Los Angeles,CA,38.0
4415,2024-06-28,2548,Beauty,273,49,13381.23,paypal,Los Angeles,CA,56.0
4416,2024-06-11,1820,Grocery,113,127,14356.71,paypal,New York,NY,55.0
4417,2024-06-21,1321,Grocery,47,236,11202.59,credit_card,Houston,TX,56.0
4418,2024-02-27,1632,Fashion,877,0,16663.00,paypal,Houston,TX,37.0
4419,2024-09-17,1805,Electronics,1365,0,1365.00,credit_card,Denver,CO,21.0
4420,2024-02-08,2832,Home,782,0,15640.00,credit_card,New York,NY,19.0
4421,2024-09-21,1248,Beauty,94,132,12400.18,credit_card,Miami,FL,80.0
4422,2024-12-31,1686,Home,477,0,1908.00,credit_card,New York,NY,43.0
4423,2024-10-06,2276,Toys,735,0,3675.00,credit_card,Boston,MA,46.0
4424,2024-06-15,1473,Fashion,929,11,10035.84,debit_card,Phoenix,AZ,57.0
4425,2024-04-25,2769,Beauty,129,0,645.00,credit_card,Phoenix,AZ,30.0
4426,2024-11-15,2818,Toys,197,0,1970.00,debit_card,Denver,CO,42.0
4427,2024-04-04,1760,Toys,139,0,139.00,credit_card,Boston,MA,45.0
4428,2024-06-25,2491,Beauty,145,0,1015.00,debit_card,Chicago,IL,23.0
4429,2024-10-09,2511,Grocery,32,0,192.00,credit_card,Los Angeles,CA,
4430,2024-12-03,2363,Fashion,383,0,2298.00,credit_card,Los Angeles,CA,30.0
4431,2024-12-03,1372,Sports,1014,0,8112.00,debit_card,Miami,FL,18.0
4432,2024-02-02,1099,Toys,163,66,10673.60,paypal,San Francisco,CA,57.0
4433,2024-11-24,1694,Beauty,227,0,2951.00,cash,Miami,FL,36.0
4434,2024-02-11,1262,Sports,512,21,10627.82,credit_card,Phoenix,AZ,63.0
4435,2024-08-01,1584,Fashion,994,0,7952.00,paypal,Boston,MA,51.0
4436,2024-12-06,2276,Beauty,150,0,2100.00,debit_card,Boston,MA,19.0
4437,2024-08-27,2177,Grocery,62,219,13537.81,paypal,New York,NY,61.0
4438,2024-12-12,1418,Sports,314,0,3454.00,credit_card,Seattle,WA,20.0
4439,2024-05-06,1035,Electronics,590,0,4720.00,credit_card,Boston,MA,37.0
4440,2024-04-25,1451,Fashion,653,20,13111.25,credit_card,Miami,FL,61.0
4441,2024-04-29,1909,Sports,548,0,3288.00,paypal,Los Angeles,CA,43.0
4442,2024-05-09,2558,Toys,319,0,4785.00,credit_card,Chicago,IL,42.0
4443,2024-09-06,1730,Toys,847,0,5929.00,credit_card,Los Angeles,CA,31.0
4444,2024-06-14,1571,Beauty,709,0,4254.00,debit_card,Houston,TX,45.0
4445,2024-09-26,2102,Electronics,393,0,7074.00,paypal,Denver,CO,36.0
4446,2024-06-01,1143,Sports,1025,10,10193.49,debit_card,Miami,FL,77.0
4447,2024-04-22,1450,Toys,366,35,12978.47,debit_card,San Francisco,CA,61.0
4448,2024-03-10,1072,Grocery,68,153,10340.71,credit_card,New York,NY,75.0
4449,2024-07-20,2051,Electronics,1905,0,20955.00,paypal,Boston,MA,39.0
4450,2024-11-24,1886,Grocery,25,0,500.00,credit_card,Chicago,IL,-999.0
4451,2024-11-10,2165,Electronics,4723,0,9446.00,credit_card,Seattle,WA,35.0
4452,2024-04-02,2234,Home,830,0,4980.00,credit_card,Houston,TX,37.0
4453,2024-06-23,1790,Beauty,122,0,244.00,credit_card,San Francisco,CA,36.0
4454,2024-09-15,2737,Beauty,153,72,11011.00,debit_card,Miami,FL,55.0
4455,2024-08-12,2836,Grocery,458,32,14506.81,debit_card,Phoenix,AZ,56.0
4456,2024-01-25,1221,Toys,238,0,1666.00,credit_card,Seattle,WA,22.0
4457,2024-08-04,2840,Toys,208,0,4160.00,credit_card,Boston,MA,53.0
4458,2024-01-15,1393,Sports,212,58,12236.32,credit_card,Boston,MA,78.0
4459,2024-02-12,1496,Sports,1137,0,14781.00,credit_card,Seattle,WA,43.0
4460,2024-08-27,2059,Sports,1696,8,13906.73,paypal,Boston,MA,62.0
4461,2024-02-07,1058,Fashion,418,28,11571.56,debit_card,Boston,MA,57.0
4462,2024-05-04,1728,Beauty,191,55,10553.87,credit_card,New York,NY,79.0
4463,2024-08-03,1389,Fashion,605,24,14440.96,credit_card,Houston,TX,58.0
4464,2024-08-27,1965,Toys,458,0,5496.00,paypal,Denver,CO,47.0
4465,2024-06-12,2629,Toys,129,0,903.00,paypal,Houston,TX,18.0
4466,2024-02-04,2848,Sports,362,30,10819.14,paypal,San Francisco,CA,68.0
4467,2024-10-19,1424,Toys,459,0,459.00,credit_card,Seattle,WA,-999.0
4468,2024-12-13,2089,Electronics,1788,7,11748.21,credit_card,Los Angeles,CA,76.0
4469,2024-11-21,1948,Fashion,437,0,4807.00,credit_card,Houston,TX,33.0
4470,2024-09-30,1830,Sports,723,0,1446.00,paypal,Phoenix,AZ,45.0
4471,2024-05-27,2265,Fashion,126,107,13506.17,credit_card,Chicago,IL,70.0
4472,2024-11-16,2978,Grocery,166,0,664.00,debit_card,Houston,TX,27.0
4473,2024-06-27,1810,Grocery,459,0,6885.00,credit_card,Miami,FL,35.0
4474,2024-02-19,1130,Toys,2353,6,12959.20,paypal,Denver,CO,67.0
4475,2024-11-07,2831,Fashion,314,0,4082.00,credit_card,Denver,CO,37.0
4476,2024-04-27,2864,Electronics,1899,8,14639.95,paypal,Houston,TX,78.0
4477,2024-12-09,1644,Beauty,2349,0,39933.00,credit_card,Boston,MA,51.0
4478,2024-05-14,2003,Grocery,114,131,14938.35,paypal,Houston,TX,69.0
4479,2024-11-14,2725,Sports,579,0,10422.00,credit_card,San Francisco,CA,52.0
4480,2024-07-15,2007,Beauty,459,0,918.00,debit_card,Denver,CO,20.0
4481,2024-06-20,1962,Grocery,332,32,10733.15,paypal,Phoenix,AZ,69.0
4482,2024-04-18,2843,Sports,242,0,3146.00,credit_card,Miami,FL,44.0
4483,2024-11-01,2657,Home,774,0,14706.00,credit_card,,,42.0
4484,2024-01-23,2014,Electronics,1004,11,11132.93,credit_card,Chicago,IL,64.0
4485,2024-06-20,1323,Beauty,210,0,210.00,credit_card,Los Angeles,CA,35.0
4486,2024-05-15,1876,Sports,196,0,3528.00,debit_card,Miami,FL,44.0
4487,2024-07-17,2352,Home,1610,8,13195.82,credit_card,Chicago,IL,56.0
4488,2024-04-03,1544,Electronics,1174,9,10733.66,credit_card,Boston,MA,55.0
4489,2024-08-31,2074,Grocery,458,28,12711.10,credit_card,Los Angeles,CA,63.0
4490,2024-05-21,2317,Fashion,1165,0,11650.00,credit_card,Houston,TX,23.0
4491,2024-03-09,1170,Fashion,286,42,11864.15,credit_card,San Francisco,CA,80.0
4492,2024-03-13,2139,Toys,399,36,14440.65,debit_card,Seattle,WA,56.0
4493,2024-09-11,2475,Fashion,838,17,14590.47,credit_card,Boston,MA,56.0
4494,2024-04-05,1428,Grocery,143,79,11294.15,paypal,Miami,FL,73.0
4495,2024-04-22,2096,Toys,53,0,265.00,paypal,Seattle,WA,48.0
4496,2024-08-17,2418,Fashion,746,0,1492.00,credit_card,Seattle,WA,19.0
4497,2024-04-30,1088,Home,507,0,2535.00,paypal,San Francisco,CA,26.0
4498,2024-05-22,2288,Grocery,75,140,10478.34,debit_card,Denver,CO,77.0
4499,2024-03-30,1519,Toys,280,53,14955.40,debit_card,New York,NY,80.0
4500,2024-05-06,1794,Grocery,458,0,5496.00,credit_card,Seattle,WA,23.0
4501,2024-09-10,2296,Fashion,499,22,10749.48,debit_card,Boston,MA,61.0
4502,2024-07-14,1008,Electronics,492,22,10867.17,credit_card,Miami,FL,59.0
4503,2024-12-31,1033,Grocery,78,0,1248.00,credit_card,Phoenix,AZ,28.0
4504,2024-10-09,1893,Home,623,18,11260.87,credit_card,Boston,MA,67.0
4505,2024-01-07,2899,Beauty,577,0,3462.00,credit_card,Phoenix,AZ,46.0
4506,2024-05-18,1012,Toys,159,0,3021.00,debit_card,Chicago,IL,32.0
4507,2024-04-16,2577,Home,1756,0,26340.00,credit_card,Los Angeles,CA,53.0
4508,2024-08-03,1149,Beauty,521,22,11704.27,credit_card,New York,NY,75.0
4509,2024-04-07,1977,Electronics,1040,0,18720.00,paypal,Boston,MA,31.0
4510,2024-12-19,1861,Fashion,176,61,10738.90,credit_card,Denver,CO,56.0
4511,2024-04-19,1936,Fashion,135,86,11611.16,credit_card,Houston,TX,64.0
4512,2024-07-10,1163,Toys,380,27,10110.12,credit_card,Boston,MA,57.0
4513,2024-02-14,2507,Sports,339,41,14004.92,paypal,Denver,CO,58.0
4514,2024-11-28,1551,Toys,797,14,11317.76,debit_card,Houston,TX,63.0
4515,2024-11-29,2542,Sports,355,0,5325.00,debit_card,San Francisco,CA,32.0
4516,2024-10-17,2310,Beauty,119,0,952.00,paypal,New York,NY,24.0
4517,2024-05-08,2102,Home,663,21,14088.92,debit_card,Miami,FL,80.0
4518,2024-01-22,1617,Beauty,460,0,8740.00,paypal,Chicago,IL,38.0
4519,2024-09-17,2304,Electronics,1476,9,13234.61,debit_card,Boston,MA,77.0
4520,2024-06-06,2995,Electronics,3226,0,32260.00,paypal,New York,NY,34.0
4521,2024-12-28,2846,Beauty,268,0,2144.00,debit_card,San Francisco,CA,34.0
4522,2024-09-12,2832,Home,606,0,7272.00,credit_card,Houston,TX,19.0
4523,2024-07-16,1439,Beauty,288,0,4608.00,credit_card,Los Angeles,CA,45.0
4524,2024-12-27,2170,Electronics,378,0,4914.00,credit_card,Seattle,WA,
4525,2024-10-19,1795,Home,752,16,12402.73,credit_card,Denver,CO,74.0
4526,2024-06-16,2933,Grocery,457,0,2742.00,cash,Chicago,IL,37.0
4527,2024-01-07,2900,Home,1123,0,16845.00,paypal,Houston,TX,43.0
4528,2024-02-03,2736,Grocery,159,94,14861.46,paypal,Miami,FL,60.0
4529,2024-06-11,1325,Fashion,364,33,11933.35,debit_card,New York,NY,78.0
4530,2024-07-24,1637,Beauty,558,20,10891.94,paypal,Denver,CO,56.0
4531,2024-01-12,2422,Grocery,77,0,693.00,debit_card,Seattle,WA,30.0
4532,2024-02-16,2499,Electronics,1786,0,3572.00,credit_card,Denver,CO,40.0
4533,2024-09-14,1700,Fashion,333,39,12887.20,credit_card,Phoenix,AZ,63.0
4534,2024-10-02,1273,Toys,442,0,4862.00,credit_card,San Francisco,CA,19.0
4535,2024-01-11,1273,Grocery,72,148,10700.75,credit_card,Houston,TX,55.0
4536,2024-07-04,2369,Home,2054,6,11384.80,credit_card,Phoenix,AZ,66.0
4537,2024-01-30,1908,Home,2764,0,30404.00,credit_card,Houston,TX,39.0
4538,2024-09-21,1982,Fashion,861,0,6888.00,credit_card,Seattle,WA,
4539,2024-11-01,2630,Home,1886,8,14538.70,credit_card,Los Angeles,CA,63.0
4540,2024-11-14,1033,Home,458,32,14460.79,paypal,Seattle,WA,55.0
4541,2024-08-06,2509,Electronics,471,0,4239.00,credit_card,San Francisco,CA,19.0
4542,2024-08-18,1548,Beauty,189,0,567.00,paypal,Chicago,IL,54.0
4543,2024-12-05,2862,Beauty,253,0,2024.00,credit_card,Boston,MA,32.0
4544,2024-08-12,2910,Home,469,26,12328.63,cash,San Francisco,CA,64.0
4545,2024-06-12,2004,Sports,164,0,2296.00,paypal,New York,NY,34.0
4546,2024-10-03,1631,Toys,767,16,12391.35,paypal,Miami,FL,79.0
4547,2024-08-04,1466,Toys,1711,0,8555.00,credit_card,Phoenix,AZ,25.0
4548,2024-11-04,1362,Grocery,272,47,12833.92,debit_card,Miami,FL,74.0
4549,2024-07-11,2998,Toys,728,0,11648.00,credit_card,Los Angeles,CA,20.0
4550,2024-11-14,1375,Toys,366,28,10420.90,credit_card,Los Angeles,CA,61.0
4551,2024-01-17,1893,Electronics,747,0,8964.00,paypal,Los Angeles,CA,40.0
4552,2024-01-14,1958,Electronics,1553,0,1553.00,credit_card,Chicago,IL,30.0
4553,2024-02-06,2358,Toys,1646,0,21398.00,credit_card,Phoenix,AZ,31.0
4554,2024-07-22,2685,Grocery,74,1,45983.00,paypal,San Francisco,CA,20.0
4555,2024-09-16,2115,Fashion,297,0,5940.00,credit_card,Boston,MA,26.0
4556,2024-03-20,2516,Toys,745,0,10430.00,debit_card,Chicago,IL,42.0
4557,2024-02-27,2133,Home,1406,0,4218.00,credit_card,Seattle,WA,27.0
4558,2024-11-10,1873,Sports,310,36,11265.78,credit_card,New York,NY,78.0
4559,2024-10-01,1315,Beauty,198,65,12899.93,credit_card,New York,NY,70.0
4560,2024-08-25,1417,Toys,204,0,2244.00,credit_card,Miami,FL,47.0
4561,2024-06-27,1864,Electronics,1550,0,10850.00,paypal,Houston,TX,23.0
4562,2024-06-02,1092,Grocery,236,49,11605.83,paypal,Boston,MA,80.0
4563,2024-01-08,1632,Grocery,51,215,11066.95,credit_card,Chicago,IL,63.0
4564,2024-03-09,1925,Sports,1462,0,27778.00,credit_card,Chicago,IL,29.0
4565,2024-11-24,1945,Fashion,464,0,6960.00,paypal,Boston,MA,21.0
4566,2024-05-04,2629,Sports,3927,0,15708.00,credit_card,Los Angeles,CA,
4567,2024-09-14,2935,Beauty,315,0,4410.00,credit_card,New York,NY,20.0
4568,2024-09-14,2459,Sports,565,23,13236.80,credit_card,Boston,MA,56.0
4569,2024-04-23,1159,Electronics,2321,0,46420.00,paypal,Boston,MA,45.0
4570,2024-03-15,1817,Electronics,1119,11,12832.18,credit_card,Denver,CO,73.0
4571,2024-09-10,2459,Beauty,58,0,696.00,credit_card,Seattle,WA,42.0
4572,2024-02-04,2189,Beauty,202,0,2626.00,cash,Phoenix,AZ,46.0
4573,2024-06-30,1915,Beauty,459,0,5508.00,paypal,Miami,FL,52.0
4574,2024-11-21,1872,Electronics,410,28,11635.36,debit_card,Boston,MA,79.0
4575,2024-09-17,1811,Home,518,28,14686.96,debit_card,Miami,FL,62.0
4576,2024-10-06,2158,Fashion,82,170,13888.45,paypal,Houston,TX,60.0
4577,2024-01-31,1357,Home,416,0,416.00,debit_card,San Francisco,CA,37.0
4578,2024-03-14,2035,Fashion,520,0,1560.00,paypal,Boston,MA,48.0
4579,2024-04-10,1411,Sports,660,0,1980.00,credit_card,San Francisco,CA,30.0
4580,2024-04-16,2361,?,396,0,2772.00,credit_card,Seattle,WA,42.0
4581,2024-03-12,2729,Electronics,1369,9,12980.71,paypal,Phoenix,AZ,69.0
4582,2024-12-21,2015,Fashion,228,0,3876.00,debit_card,San Francisco,CA,24.0
4583,2024-03-01,1775,Beauty,246,0,3444.00,credit_card,Miami,FL,28.0
4584,2024-09-16,2881,Toys,320,0,5440.00,debit_card,Boston,MA,54.0
4585,2024-08-02,2319,Fashion,459,24,11047.33,paypal,San Francisco,CA,68.0
4586,2024-08-11,1856,Fashion,530,25,13240.48,credit_card,Los Angeles,CA,79.0
4587,2024-03-19,1057,Toys,376,0,1504.00,paypal,Chicago,IL,54.0
4588,2024-04-22,1031,Home,481,28,13438.69,credit_card,Chicago,IL,59.0
4589,2024-08-09,1442,Beauty,1695,0,13560.00,debit_card,Seattle,WA,36.0
4590,2024-04-19,1472,Grocery,87,0,522.00,cash,San Francisco,CA,43.0
4591,2024-09-11,2442,Electronics,1172,0,8204.00,paypal,Denver,CO,37.0
4592,2024-01-15,2001,Grocery,70,0,1190.00,paypal,New York,NY,24.0
4593,2024-01-27,2999,Electronics,674,0,1348.00,debit_card,New York,NY,41.0
4594,2024-09-23,2081,Sports,1057,0,19026.00,credit_card,Miami,FL,-999.0
4595,2024-08-13,2806,Toys,176,73,12906.33,debit_card,Los Angeles,CA,55.0
4596,2024-01-16,2104,Fashion,271,49,13189.80,credit_card,Phoenix,AZ,65.0
4597,2024-11-25,1716,Home,357,30,10811.14,credit_card,,,79.0
4598,2024-01-02,2429,Electronics,667,18,11674.97,credit_card,New York,NY,73.0
4599,2024-12-15,1898,Beauty,457,0,8226.00,credit_card,Seattle,WA,38.0
4600,2024-09-23,1549,Electronics,1012,14,14453.72,credit_card,Miami,FL,77.0
4601,2024-12-27,1946,Sports,1228,9,10685.56,credit_card,San Francisco,CA,77.0
4602,2024-12-13,2329,Fashion,505,0,10100.00,credit_card,Phoenix,AZ,49.0
4603,2024-04-24,1751,Grocery,345,0,4140.00,credit_card,Miami,FL,30.0
4604,2024-10-03,2408,Grocery,178,73,12948.46,credit_card,,,66.0
4605,2024-03-18,2961,Beauty,372,0,4464.00,credit_card,Phoenix,AZ,
4606,2024-06-21,1822,Beauty,1102,0,15428.00,paypal,Los Angeles,CA,40.0
4607,2024-03-28,1590,Sports,565,0,4520.00,credit_card,San Francisco,CA,51.0
4608,2024-06-26,1804,Fashion,450,32,14488.28,paypal,New York,NY,72.0
4609,2024-11-15,2676,Home,545,18,10070.78,credit_card,Los Angeles,CA,79.0
4610,2024-06-08,1357,Grocery,336,44,14835.61,paypal,Chicago,IL,69.0
4611,2024-02-03,2947,Fashion,428,0,428.00,debit_card,Miami,FL,48.0
4612,2024-04-28,1827,Sports,364,0,6188.00,paypal,Los Angeles,CA,23.0
4613,2024-10-14,2683,Electronics,2345,6,14416.71,paypal,Houston,TX,68.0
4614,2024-07-09,2573,Home,286,47,13575.33,debit_card,Miami,FL,71.0
4615,2024-07-24,2567,Toys,468,0,3276.00,credit_card,Los Angeles,CA,47.0
4616,2024-06-06,2817,Fashion,595,0,4760.00,credit_card,Houston,TX,52.0
4617,2024-04-17,1369,Toys,262,52,13545.67,credit_card,Phoenix,AZ,71.0
4618,2024-08-06,2187,Home,864,0,3456.00,paypal,Chicago,IL,26.0
4619,2024-08-19,1198,Electronics,446,32,14338.62,paypal,Denver,CO,69.0
4620,2024-11-24,1598,Grocery,111,0,1554.00,credit_card,Denver,CO,50.0
4621,2024-08-14,1081,Sports,422,26,10854.96,debit_card,Boston,MA,61.0
4622,2024-12-30,2364,Fashion,4226,0,59164.00,credit_card,Chicago,IL,30.0
4623,2024-10-29,2215,Fashion,484,28,13499.67,debit_card,Phoenix,AZ,56.0
4624,2024-01-29,2480,Toys,190,0,2850.00,debit_card,Houston,TX,34.0
4625,2024-05-23,1352,Sports,203,0,2436.00,credit_card,Chicago,IL,50.0
4626,2024-05-20,1664,Fashion,1215,0,12150.00,paypal,San Francisco,CA,51.0
4627,2024-01-02,2352,Grocery,74,159,11717.22,credit_card,Phoenix,AZ,78.0
4628,2024-03-07,2653,Grocery,52,0,52.00,paypal,Miami,FL,
4629,2024-10-05,2771,Home,719,0,1438.00,debit_card,Miami,FL,53.0
4630,2024-05-08,1147,Toys,514,0,1542.00,credit_card,Houston,TX,43.0
4631,2024-02-24,1805,Grocery,162,0,972.00,credit_card,Houston,TX,39.0
4632,2024-04-15,1021,Sports,624,23,14378.19,credit_card,Denver,CO,59.0
4633,2024-04-10,2637,Electronics,1665,8,12666.66,debit_card,San Francisco,CA,73.0
4634,2024-03-04,1245,Electronics,1765,0,7060.00,paypal,Seattle,WA,54.0
4635,2024-02-07,2644,Toys,400,35,13829.80,credit_card,Seattle,WA,59.0
4636,2024-10-06,1312,Grocery,137,0,1096.00,credit_card,New York,NY,38.0
4637,2024-10-28,1030,Electronics,3518,0,24626.00,credit_card,Los Angeles,CA,53.0
4638,2024-06-30,2757,Sports,639,0,6390.00,credit_card,New York,NY,54.0
4639,2024-08-13,1877,Sports,318,34,10835.13,credit_card,San Francisco,CA,60.0
4640,2024-12-02,1849,Home,490,0,8330.00,debit_card,Denver,CO,37.0
4641,2024-11-04,2293,Toys,558,0,5022.00,credit_card,Chicago,IL,39.0
4642,2024-01-12,1549,Grocery,23,2,45695.00,paypal,Los Angeles,CA,40.0
4643,2024-12-14,2381,Home,132,0,132.00,credit_card,Houston,TX,44.0
4644,2024-01-25,1858,Electronics,3056,0,18336.00,debit_card,San Francisco,CA,36.0
4645,2024-01-10,1545,Fashion,1442,0,7210.00,credit_card,Phoenix,AZ,30.0
4646,2024-05-27,1789,Fashion,155,0,310.00,credit_card,New York,NY,49.0
4647,2024-09-29,1012,Beauty,265,42,11210.20,credit_card,Seattle,WA,71.0
4648,2024-01-30,1602,Sports,444,0,888.00,debit_card,Chicago,IL,19.0
4649,2024-04-17,2182,Electronics,1190,12,14190.84,paypal,Miami,FL,59.0
4650,2024-04-06,1275,Fashion,546,22,11976.17,credit_card,San Francisco,CA,69.0
4651,2024-05-25,1237,Beauty,87,146,12639.12,credit_card,New York,NY,69.0
4652,2024-12-26,2311,Sports,252,54,13627.68,debit_card,Denver,CO,71.0
4653,2024-05-01,1856,Sports,480,0,4320.00,credit_card,,,37.0
4654,2024-03-17,1273,Home,489,0,2445.00,paypal,New York,NY,24.0
4655,2024-02-14,2495,Fashion,174,62,10848.43,credit_card,,,80.0
4656,2024-03-13,2550,Electronics,2757,4,11512.62,paypal,Chicago,IL,62.0
4657,2024-02-18,1069,Electronics,1050,0,6300.00,credit_card,San Francisco,CA,40.0
4658,2024-07-28,1403,Electronics,1046,11,11628.24,credit_card,Boston,MA,71.0
4659,2024-06-02,1740,Toys,383,0,6894.00,debit_card,Houston,TX,40.0
4660,2024-07-01,2462,Home,496,29,14583.39,credit_card,Seattle,WA,65.0
4661,2024-10-31,1148,Toys,597,18,10687.94,debit_card,Houston,TX,78.0
4662,2024-07-31,2611,Grocery,46,256,11856.59,paypal,Phoenix,AZ,66.0
4663,2024-02-26,1638,Toys,100,148,14796.58,debit_card,Miami,FL,59.0
4664,2024-05-17,1250,Toys,238,0,2380.00,credit_card,Chicago,IL,30.0
4665,2024-04-24,2726,Electronics,1538,9,14174.35,credit_card,Boston,MA,76.0
4666,2024-10-29,1173,Sports,226,0,1582.00,credit_card,Denver,CO,44.0
4667,2024-04-22,1259,Grocery,32,415,13352.32,debit_card,Denver,CO,57.0
4668,2024-02-20,2899,Fashion,495,26,12744.66,debit_card,Chicago,IL,56.0
4669,2024-09-26,2039,Beauty,133,0,1862.00,credit_card,Phoenix,AZ,33.0
4670,2024-06-05,1926,Toys,96,149,14193.65,paypal,Los Angeles,CA,55.0
4671,2024-02-05,2374,Home,1190,0,2380.00,paypal,Miami,FL,42.0
4672,2024-09-09,2260,Electronics,884,0,8840.00,debit_card,Houston,TX,40.0
4673,2024-03-18,2227,Electronics,3677,4,14731.98,credit_card,Houston,TX,72.0
4674,2024-11-13,1046,Home,562,26,14620.36,credit_card,Chicago,IL,63.0
4675,2024-10-31,2103,Fashion,541,0,8115.00,credit_card,Seattle,WA,48.0
4676,2024-05-15,1557,Toys,258,0,774.00,paypal,Seattle,WA,19.0
4677,2024-07-22,2615,Toys,37,362,13195.62,paypal,Seattle,WA,62.0
4678,2024-07-26,2010,Sports,458,30,13639.39,paypal,Houston,TX,64.0
4679,2024-08-27,1247,Beauty,459,0,5508.00,credit_card,Boston,MA,28.0
4680,2024-01-26,2772,Beauty,327,42,13876.53,paypal,Miami,FL,65.0
4681,2024-04-28,1568,Toys,73,0,949.00,paypal,Chicago,IL,43.0
4682,2024-03-03,1542,Grocery,94,150,14046.74,credit_card,Houston,TX,64.0
4683,2024-09-12,2872,Fashion,174,78,13665.36,credit_card,Miami,FL,70.0
4684,2024-01-26,2550,Beauty,295,37,10899.75,credit_card,Chicago,IL,62.0
4685,2024-07-08,2719,Fashion,429,32,13797.90,debit_card,Houston,TX,77.0
4686,2024-09-23,2324,Home,996,0,17928.00,credit_card,,,22.0
4687,2024-12-13,2820,Home,1294,0,15528.00,credit_card,Phoenix,AZ,38.0
4688,2024-04-15,1230,Electronics,2116,0,16928.00,credit_card,Seattle,WA,21.0
4689,2024-01-03,2199,Grocery,195,0,1950.00,paypal,Miami,FL,28.0
4690,2024-09-21,1586,Home,415,0,6640.00,paypal,Houston,TX,41.0
4691,2024-01-01,1796,Beauty,2337,0,37392.00,paypal,San Francisco,CA,19.0
4692,2024-01-25,1475,Beauty,92,0,920.00,paypal,New York,NY,42.0
4693,2024-12-28,1410,Sports,404,0,6868.00,debit_card,Phoenix,AZ,26.0
4694,2024-11-11,1885,Grocery,457,0,457.00,paypal,Seattle,WA,25.0
4695,2024-09-15,2836,Grocery,178,67,11951.89,credit_card,Los Angeles,CA,70.0
4696,2024-11-01,2270,Grocery,144,76,10998.99,paypal,Boston,MA,64.0
4697,2024-01-28,1698,Sports,1048,0,6288.00,paypal,New York,NY,46.0
4698,2024-02-02,1866,Fashion,458,0,7786.00,debit_card,,,53.0
4699,2024-04-20,2059,Electronics,5227,0,57497.00,credit_card,Miami,FL,36.0
4700,2024-01-09,1489,Beauty,208,0,1872.00,credit_card,Boston,MA,48.0
4701,2026-02-23,2042,Grocery,265,40,10512.66,credit_card,Los Angeles,CA,66.0
4702,2024-01-21,2391,Sports,120,0,1320.00,credit_card,Chicago,IL,50.0
4703,2024-07-18,1486,Electronics,1800,6,11201.57,credit_card,Seattle,WA,67.0
4704,2024-11-08,2168,Beauty,156,0,2184.00,credit_card,Denver,CO,48.0
4705,2024-09-26,2416,Fashion,676,0,2704.00,credit_card,Boston,MA,40.0
4706,2024-03-26,2038,Sports,787,16,12538.75,paypal,Los Angeles,CA,74.0
4707,2024-06-21,1583,Toys,409,27,11234.39,debit_card,Phoenix,AZ,74.0
4708,2024-07-19,2108,Home,236,0,236.00,paypal,Los Angeles,CA,32.0
4709,2024-10-08,2586,Electronics,1404,0,23868.00,credit_card,Boston,MA,47.0
4710,2024-06-05,1443,Electronics,1269,11,13329.55,credit_card,Seattle,WA,66.0
4711,2024-04-14,2149,Grocery,145,0,1305.00,credit_card,Phoenix,AZ,34.0
4712,2024-10-18,2360,Grocery,216,69,14821.97,paypal,New York,NY,65.0
4713,2024-11-20,1642,Fashion,482,21,10220.23,credit_card,Miami,FL,74.0
4714,2024-06-27,1775,Fashion,458,0,2748.00,debit_card,Phoenix,AZ,32.0
4715,2024-01-11,2777,Fashion,466,0,9320.00,credit_card,New York,NY,27.0
4716,2024-07-02,1726,Fashion,3452,3,10653.27,credit_card,Chicago,IL,77.0
4717,2024-11-21,2196,Sports,2279,0,29627.00,credit_card,Boston,MA,
4718,2024-12-28,1299,Fashion,40,284,11236.41,credit_card,Boston,MA,72.0
4719,2024-05-26,2851,Toys,321,44,14021.81,credit_card,Phoenix,AZ,56.0
4720,2024-02-24,2193,Fashion,901,0,901.00,paypal,Boston,MA,23.0
4721,2024-07-28,2520,Toys,264,43,11356.35,credit_card,Boston,MA,75.0
4722,2024-10-31,2205,Grocery,68,0,1088.00,credit_card,Miami,FL,30.0
4723,2024-12-11,1710,Home,444,0,6660.00,credit_card,Los Angeles,CA,29.0
4724,2024-01-19,1680,Electronics,2280,5,10957.64,cash,Phoenix,AZ,63.0
4725,2024-04-16,2402,Sports,244,0,3172.00,debit_card,San Francisco,CA,42.0
4726,2024-06-23,2719,Electronics,3793,3,10764.33,debit_card,Houston,TX,72.0
4727,2024-02-05,1255,Home,526,20,10749.59,credit_card,Miami,FL,73.0
4728,2024-11-20,2690,Beauty,116,118,13599.90,paypal,San Francisco,CA,68.0
4729,2024-02-11,2660,Fashion,1059,13,13540.61,credit_card,Seattle,WA,70.0
4730,2024-08-31,1218,Sports,177,0,3363.00,paypal,,,52.0
4731,2024-12-02,1216,Beauty,157,74,11555.66,paypal,Chicago,IL,72.0
4732,2024-09-07,2390,Electronics,928,13,12247.21,credit_card,Phoenix,AZ,75.0
4733,2024-10-06,2685,Sports,3394,0,47516.00,credit_card,New York,NY,35.0
4734,2024-04-06,1787,Electronics,847,0,6776.00,credit_card,Chicago,IL,44.0
4735,2024-10-29,2281,Sports,109,121,13140.96,credit_card,Seattle,WA,56.0
4736,2024-06-02,2999,Home,345,43,14875.29,credit_card,Los Angeles,CA,72.0
4737,2024-01-23,1645,Grocery,459,0,7344.00,credit_card,Houston,TX,42.0
4738,2024-05-14,1450,Home,1029,0,1029.00,credit_card,Houston,TX,34.0
4739,2024-05-08,2983,Home,3396,0,10188.00,debit_card,Phoenix,AZ,38.0
4740,2024-07-09,1561,Electronics,4517,3,13715.73,credit_card,Miami,FL,68.0
4741,2024-04-06,1945,Electronics,1704,0,8520.00,debit_card,Phoenix,AZ,50.0
4742,2024-06-18,1884,Home,269,0,3497.00,credit_card,San Francisco,CA,34.0
4743,2024-06-05,2046,Home,2015,7,14015.15,credit_card,Phoenix,AZ,63.0
4744,2026-11-30,1537,Beauty,182,82,14888.65,credit_card,Denver,CO,59.0
4745,2024-09-11,2358,Grocery,58,0,348.00,paypal,Denver,CO,50.0
4746,2024-04-21,2383,Beauty,458,26,11905.49,credit_card,Phoenix,AZ,57.0
4747,2024-10-07,1401,Grocery,36,0,684.00,debit_card,Boston,MA,32.0
4748,2024-04-01,1961,Grocery,67,0,402.00,paypal,Phoenix,AZ,29.0
4749,2024-11-12,1114,Sports,507,20,10345.50,debit_card,San Francisco,CA,68.0
4750,2024-05-13,1441,Fashion,767,18,13734.50,credit_card,Boston,MA,60.0
4751,2024-01-15,2974,Toys,224,47,10605.48,credit_card,Houston,TX,79.0
4752,2024-02-24,2012,Fashion,155,79,12192.98,debit_card,Houston,TX,77.0
4753,2024-10-22,2245,Toys,85,0,340.00,debit_card,San Francisco,CA,40.0
4754,2024-11-15,2777,Grocery,116,0,1044.00,paypal,Seattle,WA,47.0
4755,2024-03-18,2427,Home,583,24,13691.87,debit_card,,,71.0
4756,2024-08-08,2584,Beauty,157,0,314.00,credit_card,Miami,FL,18.0
4757,2024-07-29,2424,Grocery,67,190,12791.77,paypal,Chicago,IL,72.0
4758,2024-02-18,1997,Sports,833,0,4998.00,debit_card,Los Angeles,CA,28.0
4759,2024-06-14,2265,Fashion,1303,0,13030.00,cash,Denver,CO,34.0
4760,2024-09-10,1576,Home,295,0,2655.00,paypal,Los Angeles,CA,48.0
4761,2024-12-19,2780,Home,591,20,11835.73,credit_card,San Francisco,CA,62.0
4762,2024-11-06,1359,Fashion,922,0,9220.00,debit_card,Houston,TX,40.0
4763,2024-02-05,2768,Beauty,131,96,12571.76,debit_card,San Francisco,CA,77.0
4764,2024-03-27,2756,Sports,603,19,11226.13,credit_card,Seattle,WA,67.0
4765,2024-06-08,1284,Home,533,19,10370.69,credit_card,,,64.0
4766,2024-02-25,2420,Sports,214,56,12062.44,credit_card,Los Angeles,CA,66.0
4767,2024-07-27,2979,Beauty,280,0,3640.00,credit_card,Denver,CO,19.0
4768,2024-01-04,2144,Electronics,1503,7,10291.57,debit_card,Los Angeles,CA,69.0
4769,2024-02-11,1680,Electronics,2285,7,14898.28,credit_card,Los Angeles,CA,56.0
4770,2024-01-18,2758,Grocery,38,0,608.00,paypal,Chicago,IL,29.0
4771,2024-04-18,2025,Beauty,246,50,12238.18,credit_card,Miami,FL,67.0
4772,2024-10-05,1243,Toys,922,0,6454.00,paypal,San Francisco,CA,-999.0
4773,2024-03-05,1498,Grocery,515,28,14411.84,debit_card,Denver,CO,56.0
4774,2024-12-27,2364,Toys,853,0,3412.00,paypal,San Francisco,CA,53.0
4775,2024-04-08,1910,Sports,238,0,476.00,credit_card,San Francisco,CA,19.0
4776,2024-01-17,1433,Home,789,0,3945.00,cash,Denver,CO,41.0
4777,2024-05-02,2598,Beauty,458,0,7328.00,credit_card,Seattle,WA,25.0
4778,2024-09-30,1241,Beauty,307,48,14758.94,paypal,San Francisco,CA,77.0
4779,2024-02-09,1438,Fashion,458,27,12246.85,credit_card,Miami,FL,68.0
4780,2024-01-27,1931,Beauty,457,26,12101.79,credit_card,Chicago,IL,80.0
4781,2024-11-06,1079,Beauty,185,0,2960.00,debit_card,New York,NY,48.0
4782,2024-08-04,1774,Electronics,2613,0,20904.00,credit_card,New York,NY,38.0
4783,2024-05-05,2819,Home,692,21,14467.13,credit_card,Houston,TX,78.0
4784,2024-10-03,2882,Toys,422,0,2532.00,credit_card,Phoenix,AZ,37.0
4785,2024-11-05,2743,Toys,363,0,4719.00,credit_card,Miami,FL,44.0
4786,2024-05-11,1647,Toys,422,0,844.00,cash,Seattle,WA,26.0
4787,2024-07-24,1129,Fashion,653,16,10173.41,debit_card,Houston,TX,69.0
4788,2024-01-05,2629,Beauty,196,0,1372.00,credit_card,Boston,MA,25.0
4789,2024-04-22,1746,Sports,653,0,4571.00,paypal,San Francisco,CA,20.0
4790,2024-08-05,2497,Home,2217,6,12436.20,debit_card,Los Angeles,CA,70.0
4791,2024-03-13,1238,Electronics,1642,7,11343.70,debit_card,Los Angeles,CA,70.0
4792,2024-12-28,2335,Grocery,460,30,13763.79,debit_card,Denver,CO,71.0
4793,2024-12-21,2172,Toys,332,43,14183.61,credit_card,Denver,CO,72.0
4794,2024-04-04,2840,Sports,513,0,5130.00,credit_card,Houston,TX,26.0
4795,2024-05-25,1203,Home,388,0,4268.00,paypal,Seattle,WA,40.0
4796,2024-03-10,1815,Electronics,1732,8,13100.10,paypal,Seattle,WA,66.0
4797,2024-07-03,2979,Home,367,0,4037.00,paypal,Miami,FL,37.0
4798,2024-02-15,1779,Electronics,1305,9,12034.67,credit_card,San Francisco,CA,67.0
4799,2024-05-23,2316,Sports,325,39,12775.00,paypal,Chicago,IL,75.0
4800,2024-07-22,1321,Home,599,21,12870.71,credit_card,Seattle,WA,78.0
4801,2024-08-11,2456,Electronics,2339,6,13175.67,debit_card,Los Angeles,CA,66.0
4802,2024-08-06,1551,Home,464,31,14610.97,credit_card,Boston,MA,68.0
4803,2024-03-22,2144,Toys,460,24,11245.62,paypal,Seattle,WA,55.0
4804,2024-10-16,2759,Sports,979,0,4895.00,cash,Boston,MA,22.0
4805,2024-09-10,2322,Home,605,0,8470.00,credit_card,Denver,CO,45.0
4806,2024-10-02,1948,Beauty,458,24,11007.86,paypal,Boston,MA,78.0
4807,2024-06-20,1380,Sports,1134,10,10951.13,debit_card,San Francisco,CA,75.0
4808,2024-11-22,1682,Home,180,0,1440.00,credit_card,San Francisco,CA,33.0
4809,2024-05-22,2698,Toys,705,19,13486.26,credit_card,Miami,FL,65.0
4810,2024-10-21,1432,Grocery,93,0,1302.00,debit_card,Houston,TX,37.0
4811,2024-03-15,2312,Sports,99,0,1089.00,credit_card,Houston,TX,44.0
4812,2024-03-31,1969,Home,634,23,14524.44,credit_card,Houston,TX,58.0
4813,2024-07-11,1641,Fashion,309,0,4017.00,paypal,Miami,FL,49.0
4814,2024-07-22,2433,Toys,196,59,11633.95,debit_card,San Francisco,CA,56.0
4815,2024-09-30,1724,Grocery,54,0,216.00,paypal,,,24.0
4816,2024-04-18,1573,Grocery,88,0,1408.00,debit_card,Seattle,WA,36.0
4817,2024-11-15,2058,Grocery,66,183,12103.37,credit_card,Phoenix,AZ,69.0
4818,2024-04-30,2515,Beauty,55,268,14840.94,paypal,Miami,FL,57.0
4819,2024-07-14,2728,Toys,845,13,10726.40,credit_card,San Francisco,CA,71.0
4820,2024-12-07,2259,Toys,460,31,14397.77,credit_card,Phoenix,AZ,78.0
4821,2024-07-16,2323,Beauty,458,0,1374.00,debit_card,Houston,TX,40.0
4822,2024-09-06,2575,Beauty,459,0,6426.00,paypal,Los Angeles,CA,34.0
4823,2024-11-28,1538,Toys,566,0,10188.00,credit_card,Phoenix,AZ,37.0
4824,2024-12-22,1501,Electronics,519,0,519.00,cash,Phoenix,AZ,54.0
4825,2024-07-01,1967,Grocery,109,0,1744.00,paypal,Chicago,IL,33.0
4826,2024-06-01,2262,Electronics,919,0,10109.00,credit_card,Denver,CO,42.0
4827,2024-03-13,2291,Fashion,459,0,4590.00,credit_card,San Francisco,CA,28.0
4828,2024-07-15,1307,Sports,253,0,1012.00,credit_card,Los Angeles,CA,42.0
4829,2024-12-02,2561,Grocery,60,249,14796.43,debit_card,Denver,CO,77.0
4830,2024-06-27,1727,Electronics,1476,0,22140.00,credit_card,Los Angeles,CA,44.0
4831,2024-05-07,2754,Sports,737,19,13997.52,credit_card,,,65.0
4832,2024-02-09,2448,Fashion,459,0,7803.00,credit_card,Chicago,IL,45.0
4833,2024-05-22,2965,Electronics,1363,0,10904.00,paypal,Miami,FL,45.0
4834,2024-03-27,2263,Home,1119,10,11682.30,credit_card,Phoenix,AZ,59.0
4835,2024-12-23,2054,Fashion,113,0,339.00,credit_card,Los Angeles,CA,24.0
4836,2024-07-12,1375,Grocery,97,0,1940.00,credit_card,Los Angeles,CA,40.0
4837,2024-02-20,1797,Fashion,200,0,3200.00,credit_card,Denver,CO,26.0
4838,2024-01-25,2716,Grocery,42,0,336.00,credit_card,Miami,FL,30.0
4839,2024-11-07,1764,Beauty,457,29,13267.91,paypal,Chicago,IL,62.0
4840,2024-12-06,1106,Beauty,158,0,2686.00,debit_card,Chicago,IL,29.0
4841,2024-10-06,1490,Beauty,92,0,1472.00,credit_card,New York,NY,30.0
4842,2024-02-15,2190,Toys,889,0,8890.00,paypal,Los Angeles,CA,
4843,2024-02-05,2258,Beauty,510,0,8160.00,credit_card,Boston,MA,39.0
4844,2024-03-13,2967,Home,117,0,468.00,paypal,New York,NY,25.0
4845,2024-10-01,2867,Beauty,75,153,11457.10,credit_card,Los Angeles,CA,78.0
4846,2024-10-07,2063,Electronics,2356,5,10604.18,paypal,New York,NY,76.0
4847,2024-11-02,2109,Beauty,195,0,3315.00,paypal,Miami,FL,54.0
4848,2024-02-05,2601,Toys,1014,0,14196.00,paypal,San Francisco,CA,51.0
4849,2024-02-26,1097,Beauty,400,26,10536.86,credit_card,Seattle,WA,68.0
4850,2024-11-25,2190,Toys,388,26,10046.72,credit_card,Denver,CO,79.0
4851,2024-12-05,1948,Fashion,189,0,1512.00,paypal,Miami,FL,24.0
4852,2024-09-22,2566,Fashion,633,0,6963.00,credit_card,Boston,MA,24.0
4853,2024-02-08,2600,Toys,110,0,550.00,credit_card,Houston,TX,38.0
4854,2024-01-26,2311,Sports,1735,0,5205.00,credit_card,San Francisco,CA,37.0
4855,2024-01-21,2314,Fashion,599,25,14891.78,credit_card,Miami,FL,74.0
4856,2024-09-10,2382,Sports,316,0,948.00,credit_card,New York,NY,
4857,2024-11-05,2160,Sports,1163,11,13275.40,credit_card,New York,NY,69.0
4858,2024-08-19,1455,Home,3303,4,11606.19,debit_card,San Francisco,CA,60.0
4859,2024-04-05,1569,Toys,257,50,12895.39,credit_card,Los Angeles,CA,63.0
4860,2024-10-04,2483,Fashion,664,20,13095.37,credit_card,,,78.0
4861,2024-01-22,2236,Home,389,28,10914.64,credit_card,Boston,MA,55.0
4862,2024-10-30,1475,Fashion,458,25,11444.34,paypal,Boston,MA,66.0
4863,2024-11-22,2755,Electronics,439,0,1317.00,credit_card,New York,NY,
4864,2024-09-19,2961,Toys,305,0,4880.00,debit_card,Miami,FL,34.0
4865,2024-11-17,2252,Beauty,253,0,4554.00,paypal,Denver,CO,54.0
4866,2024-08-02,1455,Grocery,412,31,12736.39,debit_card,Houston,TX,74.0
4867,2024-06-20,2876,Home,459,0,6426.00,credit_card,Seattle,WA,21.0
4868,2024-04-28,1473,Sports,488,0,1952.00,debit_card,Los Angeles,CA,49.0
4869,2024-12-03,1864,Sports,1712,0,15408.00,credit_card,Boston,MA,30.0
4870,2024-09-12,2717,Beauty,201,71,14198.97,debit_card,Chicago,IL,73.0
4871,2024-03-10,2041,Toys,266,0,3724.00,credit_card,Seattle,WA,50.0
4872,2024-12-16,1485,Beauty,125,0,375.00,paypal,Phoenix,AZ,20.0
4873,2024-01-22,1160,Beauty,116,0,812.00,credit_card,Miami,FL,18.0
4874,2024-08-03,1721,Electronics,342,31,10647.94,credit_card,Phoenix,AZ,58.0
4875,2024-03-10,2344,Fashion,258,4,1136.96,debit_card,Denver,CO,32.0
4876,2024-08-31,2429,Toys,138,0,2208.00,credit_card,Denver,CO,20.0
4877,2024-05-31,1445,Sports,671,0,5368.00,credit_card,Los Angeles,CA,27.0
4878,2024-06-08,1317,Sports,325,0,4550.00,paypal,New York,NY,27.0
4879,2024-09-02,2402,Home,375,0,3750.00,paypal,Phoenix,AZ,39.0
4880,2024-10-03,1318,Toys,213,67,14291.68,debit_card,Seattle,WA,63.0
4881,2024-05-19,1128,Beauty,458,28,13044.93,credit_card,Boston,MA,72.0
4882,2024-12-31,1972,Electronics,963,0,6741.00,credit_card,Seattle,WA,51.0
4883,2024-07-01,2141,Toys,458,27,12448.30,credit_card,Seattle,WA,77.0
4884,2024-02-28,1487,Grocery,105,102,10719.70,debit_card,New York,NY,67.0
4885,2024-01-03,1422,Toys,717,0,5019.00,debit_card,Boston,MA,
4886,2024-03-15,1471,Grocery,108,118,12749.52,credit_card,Houston,TX,64.0
4887,2024-09-09,1685,Fashion,263,0,1315.00,credit_card,Houston,TX,32.0
4888,2024-07-16,1018,Electronics,1328,9,11768.16,credit_card,Phoenix,AZ,78.0
4889,2024-05-03,1023,Toys,59,185,10944.84,credit_card,New York,NY,71.0
4890,2024-06-25,1740,Home,492,0,2952.00,credit_card,Phoenix,AZ,22.0
4891,2024-11-02,1039,Electronics,1064,0,5320.00,credit_card,Houston,TX,28.0
4892,2024-07-28,1636,Home,458,0,1374.00,credit_card,Los Angeles,CA,45.0
4893,2024-01-22,2161,Grocery,54,269,14399.87,credit_card,Los Angeles,CA,64.0
4894,2024-01-18,1062,Beauty,176,0,2816.00,credit_card,New York,NY,52.0
4895,2024-06-25,2235,Home,1216,0,23104.00,credit_card,San Francisco,CA,23.0
4896,2024-05-27,2242,Toys,732,17,12302.86,paypal,Los Angeles,CA,57.0
4897,2024-11-07,2146,Fashion,204,51,10398.78,credit_card,San Francisco,CA,58.0
4898,2024-08-01,2253,Home,363,32,11510.69,credit_card,San Francisco,CA,76.0
4899,2024-10-04,2618,Grocery,66,0,462.00,credit_card,Phoenix,AZ,34.0
4900,2024-08-02,1141,Beauty,467,0,5137.00,credit_card,San Francisco,CA,20.0
4901,2024-05-06,1337,Fashion,483,23,10907.52,credit_card,Los Angeles,CA,65.0
4902,2024-08-28,1634,Fashion,464,32,14696.23,credit_card,Chicago,IL,62.0
4903,2024-08-15,2376,Beauty,375,0,3750.00,credit_card,San Francisco,CA,50.0
4904,2024-09-20,2745,Sports,379,30,11215.31,paypal,Miami,FL,61.0
4905,2024-03-10,2837,Fashion,1273,0,1273.00,paypal,Miami,FL,29.0
4906,2024-08-22,2164,Fashion,427,0,2135.00,credit_card,Denver,CO,25.0
4907,2024-04-14,1820,Sports,308,0,5544.00,credit_card,New York,NY,43.0
4908,2024-10-16,1823,Sports,508,25,12531.98,paypal,Chicago,IL,74.0
4909,2024-10-19,1119,Electronics,3927,0,74613.00,credit_card,Denver,CO,50.0
4910,2024-08-16,1930,Sports,435,32,13727.61,cash,Chicago,IL,58.0
4911,2024-12-12,2025,Sports,1305,8,10792.55,paypal,Phoenix,AZ,80.0
4912,2024-07-15,1416,Home,333,0,3996.00,credit_card,New York,NY,37.0
4913,2024-01-10,2535,Fashion,232,0,1392.00,credit_card,Houston,TX,48.0
4914,2024-08-09,2623,Fashion,725,17,12187.44,credit_card,Chicago,IL,61.0
4915,2024-10-11,1604,Fashion,213,0,1704.00,paypal,Los Angeles,CA,27.0
4916,2024-02-07,2828,Grocery,189,0,3402.00,credit_card,San Francisco,CA,43.0
4917,2024-02-08,1214,Sports,809,0,3236.00,debit_card,Los Angeles,CA,52.0
4918,2024-04-09,2821,Sports,304,0,5776.00,credit_card,San Francisco,CA,37.0
4919,2024-11-04,2536,Home,519,0,4671.00,paypal,San Francisco,CA,31.0
4920,2024-07-12,1447,Grocery,457,0,7312.00,paypal,Seattle,WA,45.0
4921,2024-12-23,2300,Electronics,1938,7,13266.41,credit_card,Seattle,WA,73.0
4922,2024-11-15,1621,Sports,2765,0,49770.00,credit_card,Houston,TX,44.0
4923,2024-07-22,2599,Home,409,35,14409.77,credit_card,Miami,FL,70.0
4924,2024-09-05,1321,Beauty,374,35,13270.52,paypal,San Francisco,CA,60.0
4925,2024-05-01,1489,Fashion,436,0,8720.00,debit_card,San Francisco,CA,26.0
4926,2024-02-03,1614,Fashion,436,24,10400.42,credit_card,Chicago,IL,75.0
4927,2024-05-25,1399,Electronics,1284,9,11607.81,paypal,Miami,FL,55.0
4928,2024-08-04,1665,Beauty,457,0,6855.00,credit_card,Chicago,IL,53.0
4929,2024-03-07,2205,Fashion,559,21,11754.66,credit_card,Phoenix,AZ,61.0
4930,2024-03-22,2266,Home,436,0,872.00,paypal,New York,NY,20.0
4931,2024-01-06,2107,Beauty,118,0,590.00,credit_card,Seattle,WA,33.0
4932,2024-09-25,1379,Electronics,3299,4,11941.37,paypal,San Francisco,CA,68.0
4933,2024-11-25,1404,Sports,661,22,14708.90,credit_card,San Francisco,CA,57.0
4934,2024-10-29,2838,Home,458,0,916.00,debit_card,Boston,MA,42.0
4935,2024-05-19,1502,Electronics,4282,0,47102.00,credit_card,Seattle,WA,47.0
4936,2024-08-05,1206,Electronics,337,30,10178.52,credit_card,Miami,FL,57.0
4937,2024-12-17,1907,Home,1522,0,28918.00,credit_card,New York,NY,48.0
4938,2024-08-04,1013,Grocery,48,0,480.00,paypal,Boston,MA,46.0
4939,2024-04-18,1685,Sports,723,0,1446.00,credit_card,Miami,FL,52.0
4940,2024-05-03,2709,Grocery,457,0,3656.00,credit_card,Chicago,IL,35.0
4941,2024-09-23,1534,Home,263,0,3945.00,credit_card,Miami,FL,53.0
4942,2024-06-12,2407,Beauty,699,16,11510.87,credit_card,Houston,TX,61.0
4943,2024-11-02,1979,Electronics,6478,0,71258.00,debit_card,Seattle,WA,
4944,2024-11-12,1710,Electronics,1228,10,12462.28,debit_card,San Francisco,CA,57.0
4945,2024-01-14,2323,Electronics,1917,0,17253.00,debit_card,Houston,TX,46.0
4946,2024-09-21,2190,Grocery,102,102,10431.98,credit_card,Denver,CO,59.0
4947,2024-05-15,1636,Toys,1219,10,12417.69,credit_card,Phoenix,AZ,63.0
4948,2024-07-09,1447,Beauty,45,1,45697.00,credit_card,Seattle,WA,37.0
4949,2024-04-06,2833,?,132,0,1452.00,credit_card,New York,NY,48.0
4950,2024-05-14,1336,Fashion,239,44,10535.64,paypal,Chicago,IL,60.0
4951,2024-04-30,2918,Beauty,37,382,14188.91,credit_card,Los Angeles,CA,59.0
4952,2024-01-19,1942,Sports,458,0,7786.00,paypal,Denver,CO,49.0
4953,2024-10-13,2993,Sports,2679,0,32148.00,credit_card,Los Angeles,CA,34.0
4954,2024-02-22,1706,Toys,459,25,11350.42,debit_card,Houston,TX,75.0
4955,2024-05-17,2131,Sports,1150,0,1150.00,debit_card,San Francisco,CA,
4956,2024-03-11,2230,Electronics,3824,0,22944.00,debit_card,,,52.0
4957,2024-02-28,1677,Electronics,1459,0,8754.00,debit_card,San Francisco,CA,47.0
4958,2024-05-16,1436,Sports,673,19,12615.60,credit_card,Chicago,IL,65.0
4959,2024-12-02,2040,Sports,155,0,2790.00,paypal,Chicago,IL,37.0
4960,2024-12-11,2325,Beauty,138,95,13091.59,credit_card,New York,NY,77.0
4961,2024-05-19,1522,Toys,638,0,638.00,credit_card,Chicago,IL,21.0
4962,2024-07-03,2533,Home,577,0,7501.00,credit_card,Miami,FL,18.0
4963,2024-12-26,2277,Fashion,574,0,4592.00,credit_card,New York,NY,50.0
4964,2024-03-26,1333,Sports,679,17,11528.63,paypal,Miami,FL,72.0
4965,2024-12-11,2877,Grocery,564,0,6768.00,credit_card,Seattle,WA,18.0
4966,2024-02-08,1087,Sports,433,27,11756.57,credit_card,Los Angeles,CA,60.0
4967,2024-03-23,2307,Toys,1103,0,15442.00,credit_card,New York,NY,42.0
4968,2024-05-03,1879,Beauty,272,0,1088.00,debit_card,Chicago,IL,19.0
4969,2024-01-14,2307,Fashion,1658,0,1658.00,paypal,Chicago,IL,41.0
4970,2024-10-25,2548,Grocery,37,0,37.00,paypal,Seattle,WA,
4971,2024-11-09,2374,Toys,354,35,12552.58,debit_card,Denver,CO,57.0
4972,2024-05-20,2301,Beauty,178,79,14027.17,credit_card,Phoenix,AZ,71.0
4973,2024-11-02,2681,Beauty,273,45,12263.46,credit_card,Miami,FL,80.0
4974,2024-10-09,2403,Toys,812,0,11368.00,credit_card,Houston,TX,21.0
4975,2024-10-20,2627,Electronics,1985,6,12454.48,debit_card,New York,NY,72.0
4976,2024-10-20,1805,Toys,816,0,8976.00,cash,Los Angeles,CA,18.0
4977,2024-07-28,1405,Electronics,857,15,12979.32,credit_card,Phoenix,AZ,79.0
4978,2024-02-10,1469,Toys,158,77,12126.60,credit_card,San Francisco,CA,66.0
4979,2024-12-03,2224,Toys,309,44,13630.39,debit_card,Los Angeles,CA,77.0
4980,2024-08-10,2063,Sports,592,0,1184.00,debit_card,Denver,CO,22.0
4981,2024-11-25,1154,Fashion,368,0,6256.00,debit_card,Miami,FL,22.0
4982,2024-12-17,1408,Electronics,687,15,10024.54,credit_card,Houston,TX,80.0
4983,2024-03-09,2935,Toys,797,0,5579.00,credit_card,Miami,FL,35.0
4984,2024-05-27,2452,Toys,228,0,4332.00,credit_card,Miami,FL,42.0
4985,2024-03-11,2509,Sports,1911,0,7644.00,credit_card,Miami,FL,36.0
4986,2024-01-19,1393,Beauty,247,0,988.00,debit_card,San Francisco,CA,27.0
4987,2024-12-19,1128,Beauty,414,0,3312.00,credit_card,Miami,FL,22.0
4988,2024-12-03,1582,Sports,954,0,10494.00,credit_card,New York,NY,26.0
4989,2024-12-07,2713,Electronics,758,16,12415.10,paypal,Houston,TX,71.0
4990,2024-11-19,2013,Grocery,460,0,6440.00,credit_card,Denver,CO,19.0
4991,2024-08-25,2569,Sports,2856,5,14615.80,credit_card,Los Angeles,CA,74.0
4992,2024-07-10,1973,Toys,373,0,6714.00,paypal,Phoenix,AZ,31.0
4993,2024-12-28,1980,Grocery,459,28,13079.52,credit_card,Seattle,WA,56.0
4994,2024-07-21,2201,Fashion,744,0,5208.00,paypal,Seattle,WA,34.0
4995,2024-08-23,2917,Toys,394,32,12432.00,credit_card,San Francisco,CA,74.0
4996,2024-03-18,1874,Electronics,1702,0,10212.00,paypal,Seattle,WA,20.0
4997,2024-09-30,2191,Grocery,151,92,13860.12,credit_card,New York,NY,63.0
4998,2024-10-26,2838,Electronics,2699,4,11965.00,credit_card,Los Angeles,CA,76.0
4999,2024-09-05,1744,Sports,459,0,6885.00,cash,Miami,FL,45.0
5000,2024-07-01,2679,Fashion,521,0,6252.00,debit_card,Boston,MA,46.0
5001,,1469,Toys,158,77,12126.60,credit_card,San Francisco,CA,66.0
5002,,2224,Toys,309,44,13630.39,debit_card,Los Angeles,CA,77.0
5003,,2063,Sports,592,0,1184.00,debit_card,Denver,CO,22.0
5004,,1154,Fashion,368,0,6256.00,debit_card,Miami,FL,22.0
5005,,1408,Electronics,687,15,10024.54,credit_card,Houston,TX,80.0
5006,,2935,Toys,797,0,5579.00,credit_card,Miami,FL,35.0
5007,,2452,Toys,228,0,4332.00,credit_card,Miami,FL,42.0
5008,,2509,Sports,1911,0,7644.00,credit_card,Miami,FL,36.0